; generated by PrusaSlicer 2.9.1 on 2026-06-06 at 10:49:05 UTC

; 

; external perimeters extrusion width = 0.45mm
; perimeters extrusion width = 0.45mm
; infill extrusion width = 0.45mm
; solid infill extrusion width = 0.45mm
; top infill extrusion width = 0.42mm
; first layer extrusion width = 0.50mm

M73 P0 R51
M73 Q0 S52
M201 X4000 Y4000 Z400 E5000 ; sets maximum accelerations, mm/sec^2
M203 X400 Y400 Z12 E80 ; sets maximum feedrates, mm / sec
M204 P4000 R1250 T4000 ; sets acceleration (P, T) and retract acceleration (R), mm/sec^2
M205 X8.00 Y8.00 Z2.00 E10.00 ; sets the jerk limits, mm/sec
M205 S0 T0 ; sets the minimum extruding and travel feed rate, mm/sec

M486 S0
M486 AOberflächenmessung_Testkörper_MK1 (1).stl
M486 S-1

;TYPE:Custom
M862.3 P "MINI" ; printer model check
M862.1 P0.4 A0 F0 ; nozzle check
M862.5 P2 ; g-code level check
M862.6 P"Input shaper" ; FW feature check
M115 U6.4.0+11974
G90 ; use absolute coordinates
M83 ; extruder relative mode
M104 S170 ; set extruder temp for bed leveling
M140 S60 ; set bed temp
M109 R170 ; wait for bed leveling temp
M190 S60 ; wait for bed temp
M569 S1 X Y ; set stealthchop for X Y
M204 T1250 ; set travel acceleration
G28 ; home all without mesh bed level
G29 ; mesh bed leveling 
M104 S215 ; set extruder temp
G92 E0

G1 X0 Y-2 Z3 F2400

M109 S215 ; wait for extruder temp

; intro line
G1 X10 Z0.2 F1000
G1 X70 E8 F900
G1 X140 E10 F700
G92 E0

M569 S0 X Y ; set spreadcycle for X Y
M204 T4000 ; restore travel acceleration
M572 W0.06 ; set smooth time
M221 S95 ; set flow
G21 ; set units to millimeters
G90 ; use absolute coordinates
M83 ; use relative distances for extrusion
M572 S0.27
M107
;LAYER_CHANGE
;Z:0.2
;HEIGHT:0.2
G1 E-2.5 F4200
G1 Z.4 F720
G1 X75.061 Y74.969 F10800
G1 Z.2 F720
G1 E2.5 F2400
M204 P500
;TYPE:Skirt/Brim
;WIDTH:0.5
G1 F900
G3 X75.114 Y74.916 I15.069 J15.051 E.00285
G3 X92.078 Y68.95 I14.938 J15.372 E.70527
G3 X109.738 Y82.297 I-2.061 J21.083 E.88525
G3 X104.886 Y105.084 I-19.872 J7.679 E.93686
G3 X71.149 Y99.68 I-14.866 J-15.204 E1.50802
G3 X75.019 Y75.012 I18.981 J-9.66 E1.01402
M204 P2000
G1 E-2.5 F4200
M204 T4000
G1 Z.4 F720
G1 X79.871 Y79.876 F10800
G1 Z.2 F720
G1 E2.5 F2400
M204 P500
G1 F900
G3 X91.356 Y75.769 I10.096 J10.121 E.47893
G3 X87.106 Y104.002 I-1.328 J14.237 E1.7686
M73 Q0 S51
G3 X79.829 Y79.919 I2.861 J-14.005 E1.16897
M204 P2000
G1 X80.154 Y80.241 F10800
M204 P500
G1 F900
G3 X90.299 Y76.165 I9.811 J9.757 E.42718
G3 X87.21 Y103.557 I-.272 J13.84 E1.75011
G3 X80.111 Y80.284 I2.755 J-13.559 E1.1299
M73 P1 R51
M73 Q1 S51
M204 P2000
G1 X80.436 Y80.604 F10800
M204 P500
G1 F900
G3 X91.261 Y76.678 I9.531 J9.393 E.45241
G3 X87.297 Y103.108 I-1.233 J13.328 E1.65558
G3 X80.394 Y80.647 I2.67 J-13.111 E1.09009
M204 P2000
G1 X80.722 Y80.967 F10800
M204 P500
G1 F900
G3 X90.267 Y77.079 I9.242 J9.031 E.40292
G3 X87.384 Y102.66 I-.239 J12.926 E1.63537
G3 X80.68 Y81.01 I2.58 J-12.662 E1.0505
M204 P2000
G1 X81.008 Y81.327 F10800
M204 P500
G1 F900
G3 X91.166 Y77.588 I8.958 J8.669 E.42555
G3 X87.472 Y102.211 I-1.137 J12.418 E1.54356
G3 X80.966 Y81.37 I2.494 J-12.215 E1.01092
M204 P2000
G1 X81.297 Y81.687 F10800
M204 P500
G1 F900
G3 X90.236 Y77.993 I8.667 J8.311 E.37835
G3 X86.462 Y101.484 I-.212 J12.015 E1.56409
G3 X81.255 Y81.731 I3.502 J-11.486 E.92837
M204 P2000
G1 X81.586 Y82.045 F10800
M204 P500
G1 F900
G3 X91.072 Y78.497 I8.381 J7.952 E.39845
G3 X86.599 Y101.048 I-1.048 J11.511 E1.47227
M73 P1 R50
G3 X81.545 Y82.089 I3.368 J-11.051 E.89086
M204 P2000
G1 X81.878 Y82.402 F10800
M204 P500
G1 F900
G3 X90.206 Y78.907 I8.085 J7.596 E.35353
G3 X86.159 Y100.418 I-.184 J11.102 E1.46875
G3 X81.837 Y82.446 I3.804 J-10.42 E.83037
M73 P2 R50
M73 Q2 S51
M204 P2000
G1 X82.172 Y82.756 F10800
M204 P500
G1 F900
G3 X90.979 Y79.407 I7.794 J7.24 E.37098
G3 X86.322 Y99.991 I-.956 J10.602 E1.37844
G3 X82.131 Y82.8 I3.644 J-9.995 E.79414
M204 P2000
G1 X82.468 Y83.11 F10800
M204 P500
G1 F900
G3 X90.176 Y79.821 I7.495 J6.888 E.32827
G3 X86.473 Y99.559 I-.154 J10.188 E1.34871
G3 X82.427 Y83.154 I3.49 J-9.561 E.75753
M204 P2000
G1 X82.766 Y83.461 F10800
M204 P500
G1 F900
G3 X90.887 Y80.316 I7.2 J6.536 E.34318
G3 X86.132 Y98.933 I-.867 J9.694 E1.28103
G3 X82.725 Y83.506 I3.834 J-8.936 E.70085
M204 P2000
G1 X83.066 Y83.811 F10800
M204 P500
G1 F900
G3 X90.148 Y80.735 I6.896 J6.186 E.30269
G3 X86.308 Y98.511 I-.128 J9.275 E1.24793
G3 X83.026 Y83.856 I3.654 J-8.514 E.6655
M204 P2000
G1 X83.368 Y84.158 F10800
M204 P500
G1 F900
G3 X90.796 Y81.226 I6.597 J5.838 E.315
G3 X86.484 Y98.089 I-.775 J8.785 E1.16175
M73 Q2 S50
G3 X83.328 Y84.203 I3.481 J-8.093 E.63021
M204 P2000
G1 X83.673 Y84.504 F10800
M204 P500
G1 F900
G3 X90.12 Y81.649 I6.289 J5.493 E.27665
G3 X86.66 Y97.667 I-.099 J8.361 E1.12619
G3 X83.633 Y84.55 I3.302 J-7.67 E.59504
M204 P2000
G1 X83.979 Y84.847 F10800
M204 P500
G1 F900
G3 X90.706 Y82.136 I5.986 J5.149 E.2864
G3 X86.836 Y97.245 I-.685 J7.875 E1.0424
G3 X83.94 Y84.893 I3.129 J-7.249 E.55997
M204 P2000
G1 X84.289 Y85.189 F10800
M204 P500
G1 F900
G3 X90.094 Y82.563 I5.672 J4.808 E.25025
G3 X87.013 Y96.824 I-.073 J7.447 E1.00422
G3 X84.251 Y85.235 I2.948 J-6.827 E.52515
M73 P3 R50
M204 P2000
G1 X84.601 Y85.527 F10800
M204 P500
G1 F900
G3 X90.616 Y83.046 I5.363 J4.469 E.25725
M73 Q3 S50
G3 X87.189 Y96.402 I-.595 J6.965 E.92288
G3 X84.563 Y85.573 I2.775 J-6.406 E.49038
M204 P2000
G1 X84.917 Y85.863 F10800
M204 P500
G1 F900
G3 X90.068 Y83.477 I5.043 J4.134 E.22322
G3 X87.366 Y95.98 I-.047 J6.533 E.88243
G3 X84.879 Y85.91 I2.594 J-5.983 E.45578
M204 P2000
G1 X85.235 Y86.196 F10800
M204 P500
G1 F900
G3 X90.528 Y83.956 I4.728 J3.8 E.22756
G3 X87.543 Y95.559 I-.506 J6.055 E.80329
G3 X85.197 Y86.243 I2.42 J-5.563 E.42135
M204 P2000
G1 X85.557 Y86.526 F10800
M204 P500
G1 F900
G3 X90.045 Y84.391 I4.403 J3.471 E.19569
G3 X87.72 Y95.137 I-.024 J5.619 E.76037
G3 X85.52 Y86.573 I2.24 J-5.14 E.38713
M204 P2000
G1 X85.881 Y86.852 F10800
M204 P500
G1 F900
G3 X90.441 Y84.866 I4.082 J3.144 E.19727
G3 X87.898 Y94.716 I-.419 J5.145 E.6837
G3 X85.845 Y86.899 I2.065 J-4.72 E.3531
M204 P2000
G1 E-2.5 F4200
G1 Z.4 F720
M486 S0
G1 X86.377 Y92.028 F10800
G1 Z.2 F720
G1 E2.5 F2400
M204 P500
;TYPE:Perimeter
;WIDTH:0.499999
G1 F900
G3 X86.042 Y91.234 I4.559 J-2.393 E.03279
G3 X85.859 Y90.031 I5.128 J-1.393 E.04635
G3 X86.025 Y88.82 I5.211 J.099 E.04656
G3 X86.515 Y87.725 I4.918 J1.542 E.0457
G3 X87.211 Y86.926 I3.606 J2.437 E.04037
G3 X88.22 Y86.274 I3.267 J3.949 E.04576
G3 X89.356 Y85.934 I2.057 J4.808 E.04516
G1 X90.021 Y85.885 E.02534
G3 X92.276 Y86.544 I-.064 J4.403 E.09038
G3 X93.173 Y87.308 I-2.834 J4.24 E.04488
G3 X94.05 Y89.191 I-3.079 J2.578 E.07985
G1 X94.123 Y89.709 E.01988
G1 X94.141 Y89.969 E.00991
G3 X93.975 Y91.18 I-5.211 J-.099 E.04656
G3 X93.485 Y92.275 I-4.918 J-1.542 E.0457
G3 X92.789 Y93.074 I-3.606 J-2.437 E.04037
G3 X91.224 Y93.936 I-2.933 J-3.474 E.06835
G3 X90.049 Y94.115 I-1.368 J-5.045 E.04527
G1 X89.384 Y94.071 E.02533
G3 X87.246 Y93.104 I.685 J-4.358 E.09027
G3 X86.521 Y92.285 I2.917 J-3.315 E.04168
G3 X86.405 Y92.081 I4.415 J-2.65 E.00892
M204 P2000
G1 X85.982 Y92.261 F10800
M204 P500
;TYPE:External perimeter
G1 F900
G3 X85.602 Y91.362 I5.065 J-2.676 E.03714
G1 X85.442 Y90.617 E.02896
G1 X85.401 Y90.031 E.02233
G1 X85.453 Y89.303 E.02774
G1 X85.586 Y88.692 E.02377
G1 X85.833 Y88.024 E.02707
G3 X86.475 Y87.013 I4.598 J2.211 E.04562
G3 X88.03 Y85.857 I3.733 J3.396 E.0741
G1 X88.716 Y85.605 E.02778
G1 X89.291 Y85.48 E.02236
G1 X90.021 Y85.427 E.02782
G1 X90.679 Y85.475 E.02507
G1 X91.324 Y85.615 E.02508
G1 X91.942 Y85.844 E.02505
G1 X92.521 Y86.157 E.02502
G1 X93.051 Y86.547 E.02501
G1 X93.518 Y87.006 E.02489
G1 X93.865 Y87.468 E.02196
G3 X94.398 Y88.638 I-4.912 J2.947 E.04897
G3 X94.579 Y89.677 I-8.91 J2.08 E.04011
G1 X94.599 Y89.969 E.01112
G1 X94.547 Y90.697 E.02774
G1 X94.414 Y91.308 E.02377
G1 X94.167 Y91.976 E.02707
G3 X93.525 Y92.987 I-4.598 J-2.211 E.04562
G3 X91.969 Y94.144 I-3.734 J-3.397 E.07416
G1 X91.353 Y94.376 E.02502
G1 X90.638 Y94.53 E.0278
G1 X90.05 Y94.573 E.02241
G1 X89.32 Y94.525 E.0278
G1 X88.676 Y94.385 E.02505
G1 X88.058 Y94.156 E.02505
G1 X87.479 Y93.843 E.02502
G1 X86.949 Y93.453 E.02501
G1 X86.482 Y92.994 E.02489
G1 X86.135 Y92.532 E.02196
G3 X86.011 Y92.314 I4.912 J-2.947 E.00953
M204 P2000
G1 X85.834 Y91.955 F10800
G1 E-2.5 F4200
G1 Z.4 F720
G1 X91.805 Y86.498 F10800
G1 Z.2 F720
G1 E2.5 F2400
M204 P500
;TYPE:Solid infill
;WIDTH:0.512014
G1 F2700
G1 X92.905 Y87.598 E.06068
G3 X93.602 Y88.959 I-2.812 J2.3 E.06009
G1 X91.069 Y86.425 E.13975
G2 X90.273 Y86.293 I-1.002 J3.573 E.03153
G1 X93.737 Y89.756 E.19105
G3 X93.72 Y90.404 I-3.048 J.249 E.02533
G1 X89.621 Y86.304 E.22614
G2 X89.051 Y86.397 I.143 J2.657 E.02257
G1 X93.623 Y90.969 E.2522
G3 X93.455 Y91.465 I-3.2 J-.809 E.02045
G1 X88.555 Y86.565 E.27029
G2 X88.106 Y86.779 I.687 J2.014 E.01945
G1 X93.239 Y91.913 E.28317
G3 X92.974 Y92.311 I-1.91 J-.986 E.01869
G1 X87.705 Y87.041 E.29068
G2 X87.343 Y87.343 I1.199 J1.807 E.01842
G1 X92.657 Y92.657 E.29313
G3 X92.295 Y92.959 I-1.561 J-1.505 E.01842
G1 X87.026 Y87.689 E.29068
G2 X86.761 Y88.087 I1.644 J1.384 E.01869
G1 X91.894 Y93.221 E.28317
G3 X91.447 Y93.437 I-1.201 J-1.915 E.0194
G1 X86.545 Y88.536 E.27038
G2 X86.377 Y89.031 I3.03 J1.303 E.02041
G1 X90.945 Y93.599 E.25198
G3 X90.384 Y93.701 I-.854 J-3.107 E.02227
G1 X86.28 Y89.597 E.22638
G2 X86.263 Y90.244 I3.031 J.398 E.02529
G1 X89.723 Y93.704 E.19086
G3 X88.931 Y93.575 I.161 J-3.486 E.03137
G1 X86.398 Y91.042 E.13972
G2 X87.095 Y92.402 I3.51 J-.94 E.06006
G1 X88.195 Y93.502 E.06068
M204 P2000
M106 S51
;LAYER_CHANGE
;Z:0.4
;HEIGHT:0.2
;BEFORE_LAYER_CHANGE
G92 E0.0
;0.4
M201 X3999.59 Y3999.59

G1 E-2.5 F4200
G1 Z.4 F720
;AFTER_LAYER_CHANGE
;0.4
M74 W0.179297

M104 S210 ; set temperature
G1 Z.6
G1 X86.059 Y92.25 F10800
G1 Z.4 F720
G1 E2.5 F2400
M204 P2500
;TYPE:Perimeter
;WIDTH:0.449999
G1 F1133
G1 X85.872 Y91.901 E.0134
G1 X85.698 Y91.411 E.0176
G1 X85.542 Y90.75 E.02299
G1 X85.486 Y89.883 E.02941
G1 X85.562 Y89.249 E.02161
G1 X85.684 Y88.639 E.02106
G1 X85.866 Y88.115 E.01878
G1 X86.101 Y87.627 E.01833
G1 X86.44 Y87.119 E.02067
G1 X86.95 Y86.636 E.02378
G1 X87.363 Y86.336 E.01728
G1 X88.153 Y85.923 E.03017
G1 X88.762 Y85.72 E.02173
G1 X89.431 Y85.609 E.02295
G1 X90.063 Y85.561 E.02145
G1 X90.94 Y85.651 E.02984
G1 X91.783 Y85.899 E.02974
G1 X92.56 Y86.29 E.02944
G1 X93.077 Y86.66 E.02152
G1 X93.676 Y87.255 E.02858
G1 X94.016 Y87.838 E.02284
G1 X94.272 Y88.492 E.02377
G1 X94.403 Y88.98 E.0171
G1 X94.476 Y89.524 E.01858
G1 X94.514 Y90.117 E.02011
G1 X94.438 Y90.751 E.02161
G1 X94.316 Y91.361 E.02106
G1 X94.134 Y91.885 E.01878
G1 X93.899 Y92.373 E.01833
G1 X93.56 Y92.881 E.02067
G1 X93.05 Y93.364 E.02378
G1 X92.637 Y93.664 E.01728
G1 X91.853 Y94.074 E.02995
G1 X91.24 Y94.263 E.02171
G1 X90.59 Y94.403 E.02251
G1 X89.944 Y94.439 E.0219
G1 X89.06 Y94.349 E.03008
G1 X88.217 Y94.101 E.02974
G1 X87.44 Y93.71 E.02944
G1 X86.923 Y93.34 E.02152
G1 X86.324 Y92.745 E.02858
G1 X86.087 Y92.303 E.01698
M204 P2000
G1 X85.679 Y92.447 F10800
;TYPE:External perimeter
G1 F1133
G1 X85.62 Y92.346 E.00396
G1 X85.412 Y91.86 E.01789
G1 X85.243 Y91.32 E.01915
G1 X85.138 Y90.805 E.01779
G1 X85.077 Y89.872 E.03165
G1 X85.198 Y88.872 E.0341
G1 X85.291 Y88.531 E.01196
G1 X85.488 Y87.965 E.02029
G1 X85.742 Y87.436 E.01986
G1 X86.134 Y86.848 E.02392
G1 X86.69 Y86.322 E.02591
G1 X87.148 Y85.989 E.01917
G1 X87.994 Y85.547 E.03231
G1 X88.664 Y85.324 E.0239
G1 X89.365 Y85.208 E.02405
M73 P3 R49
G1 X90.077 Y85.154 E.02417
G1 X91.019 Y85.25 E.03205
G1 X91.933 Y85.519 E.03225
G1 X92.771 Y85.94 E.03174
G1 X93.34 Y86.348 E.0237
G1 X94.001 Y87.004 E.03152
G1 X94.475 Y87.875 E.03357
G1 X94.66 Y88.37 E.01789
G1 X94.802 Y88.898 E.01851
G1 X94.882 Y89.498 E.02049
G1 X94.923 Y90.128 E.02137
G1 X94.802 Y91.128 E.0341
G1 X94.709 Y91.469 E.01196
G1 X94.512 Y92.035 E.02029
G1 X94.258 Y92.564 E.01986
G1 X93.866 Y93.152 E.02392
G1 X93.31 Y93.678 E.02591
G1 X92.852 Y94.011 E.01917
G1 X92.008 Y94.452 E.03223
G1 X91.36 Y94.652 E.02295
G1 X90.634 Y94.808 E.02514
G1 X89.935 Y94.847 E.0237
G1 X88.981 Y94.75 E.03246
G1 X88.067 Y94.481 E.03225
G1 X87.229 Y94.06 E.03174
G1 X86.66 Y93.652 E.0237
G1 X85.999 Y92.996 E.03152
G1 X85.709 Y92.499 E.01948
G1 X85.534 Y92.139 F10800
G1 E-2.5 F4200
G1 Z.6 F720
G1 X87.466 Y86.505 F10800
G1 Z.4 F720
G1 E2.5 F2400
M204 P4000
;TYPE:Solid infill
;WIDTH:0.38292
G1 F1133
G1 X87.101 Y86.817 E.01358
G1 X86.373 Y87.573 E.02967
M204 P2000
G1 X86.102 Y88.364 F10800
M204 P4000
G1 F1133
G1 X86.031 Y88.345 E.00208
G1 X86.05 Y88.416 E.00208
G1 X86.091 Y88.405 E.0012
;WIDTH:0.41646
G1 X86.17 Y88.246 E.00551
;WIDTH:0.449999
G1 X86.25 Y88.087 E.00602
G1 X87.882 Y86.455 E.07812
G1 X88.039 Y86.364 E.00614
;WIDTH:0.41646
G1 X88.197 Y86.273 E.00566
;WIDTH:0.38292
G1 X88.156 Y86.284 E.0012
G1 X88.137 Y86.213 E.00208
G1 X88.208 Y86.232 E.00208
;WIDTH:0.449999
G1 X88.857 Y86.055 E.02277
G1 X85.955 Y88.957 E.13892
G1 X85.866 Y89.622 E.02271
G1 X89.547 Y85.941 E.17621
G1 X90.146 Y85.918 E.02029
G1 X85.854 Y90.21 E.20546
G1 X85.894 Y90.745 E.01816
G1 X90.668 Y85.971 E.22853
G1 X91.143 Y86.072 E.01644
G1 X85.999 Y91.216 E.24624
G1 X86.141 Y91.65 E.01546
G1 X91.588 Y86.202 E.26077
G1 X91.981 Y86.386 E.01469
G1 X86.318 Y92.048 E.27106
G1 X86.53 Y92.412 E.01426
G1 X92.364 Y86.578 E.27927
G1 X92.701 Y86.817 E.01398
G1 X86.794 Y92.724 E.28276
G1 X87.083 Y93.011 E.01379
G1 X93.011 Y87.082 E.28379
G1 X93.3 Y87.369 E.01379
G1 X87.408 Y93.262 E.28207
G1 X87.761 Y93.484 E.01412
G1 X93.539 Y87.706 E.27659
G1 X93.742 Y88.078 E.01434
G1 X88.144 Y93.677 E.268
G1 X88.556 Y93.84 E.015
G1 X93.908 Y88.488 E.2562
G1 X94.04 Y88.932 E.01568
M73 P4 R49
G1 X89.001 Y93.971 E.24121
G1 X89.502 Y94.046 E.01715
G1 X94.123 Y89.425 E.2212
G1 X94.157 Y89.966 E.01835
M73 Q4 S50
G1 X90.037 Y94.087 E.19725
M204 P2000
G1 X91.273 Y94.047 F10800
M204 P4000
;WIDTH:0.38292
G1 F1133
G1 X90.697 Y94.19 E.01678
;WIDTH:0.41646
G1 X90.677 Y94.116 E.00238
;WIDTH:0.449999
G1 X90.658 Y94.041 E.00262
G1 X94.108 Y90.591 E.16515
G1 X93.974 Y91.301 E.02446
G1 X91.433 Y93.842 E.12164
M204 P2000
G1 E-2.5 F4200
G1 Z.6 F720
G1 X93.54 Y92.31 F10800
G1 Z.4 F720
G1 E2.5 F2400
M204 P4000
G1 F1133
G1 X92.553 Y93.298 E.04727
G1 X92.409 Y93.409 E.00615
;WIDTH:0.41646
G1 X92.265 Y93.52 E.00565
;WIDTH:0.38292
G1 X92.467 Y93.5 E.00574
G2 X93.349 Y92.696 I-6.314 J-7.811 E.03376
G1 X93.736 Y92.218 E.01739
G1 X93.753 Y92.022 E.00556
M204 P2000
M106 S102
;LAYER_CHANGE
;Z:0.6
;HEIGHT:0.2
;BEFORE_LAYER_CHANGE
G92 E0.0
;0.6
M201 X3999.54 Y3999.54

G1 E-2.5 F4200
G1 Z.6 F720
;AFTER_LAYER_CHANGE
;0.6
M74 W0.200195

G1 Z.8
G1 X86.204 Y92.831 F10800
G1 Z.6 F720
G1 E2.5 F2400
M204 P2500
;TYPE:Perimeter
;WIDTH:0.449999
G1 F1144
G1 X85.973 Y92.413 E.01617
G1 X85.695 Y91.791 E.02306
G1 X85.475 Y90.98 E.02844
G1 X85.4 Y90.361 E.02111
G1 X85.39 Y89.836 E.01777
G1 X85.443 Y89.204 E.02147
G1 X85.559 Y88.648 E.01923
G1 X85.73 Y88.112 E.01904
G1 X85.955 Y87.6 E.01893
G1 X86.206 Y87.164 E.01703
G1 X86.606 Y86.766 E.0191
G1 X87.027 Y86.438 E.01806
G1 X87.501 Y86.162 E.01857
G1 X88.025 Y85.903 E.01979
G1 X88.501 Y85.732 E.01712
G1 X88.99 Y85.613 E.01704
G1 X89.601 Y85.526 E.02089
G1 X90.527 Y85.536 E.03135
G1 X90.957 Y85.607 E.01475
G1 X91.623 Y85.766 E.02318
G1 X92.243 Y86.02 E.02268
G1 X92.819 Y86.349 E.02245
G1 X93.267 Y86.677 E.01879
G1 X93.789 Y87.156 E.02398
G1 X94.027 Y87.587 E.01667
G1 X94.305 Y88.209 E.02306
G1 X94.458 Y88.773 E.01978
G1 X94.589 Y89.455 E.02351
G1 X94.612 Y90.094 E.02164
G1 X94.61 Y90.164 E.00237
G1 X94.557 Y90.796 E.02147
G1 X94.441 Y91.352 E.01923
G1 X94.27 Y91.888 E.01904
G1 X94.045 Y92.4 E.01893
G1 X93.794 Y92.836 E.01703
G1 X93.394 Y93.234 E.0191
G1 X92.973 Y93.562 E.01806
G1 X92.499 Y93.838 E.01857
G1 X91.912 Y94.122 E.02207
G1 X91.284 Y94.331 E.0224
G1 X90.75 Y94.435 E.01841
G1 X90.155 Y94.487 E.02022
G1 X89.514 Y94.464 E.02171
G1 X89.004 Y94.392 E.01743
G1 X88.383 Y94.236 E.02167
G1 X87.759 Y93.985 E.02277
G1 X87.203 Y93.657 E.02185
G1 X86.733 Y93.323 E.01952
G1 X86.245 Y92.875 E.02242
M204 P2000
G1 X85.879 Y93.085 F10800
;TYPE:External perimeter
G1 F1144
G1 X85.516 Y92.428 E.02541
G1 X85.308 Y91.922 E.01852
G1 X85.076 Y91.063 E.03012
G1 X84.991 Y90.337 E.02474
G1 X84.983 Y89.826 E.0173
G1 X85.041 Y89.141 E.02327
G1 X85.164 Y88.545 E.0206
G1 X85.348 Y87.968 E.0205
G1 X85.591 Y87.416 E.02041
G1 X85.88 Y86.913 E.01964
G1 X86.337 Y86.46 E.02178
G1 X86.798 Y86.1 E.0198
G1 X87.296 Y85.81 E.01951
G1 X87.934 Y85.501 E.024
G1 X88.422 Y85.331 E.01749
G1 X88.909 Y85.214 E.01695
G1 X89.58 Y85.119 E.02294
G1 X90.563 Y85.13 E.03328
G1 X91.023 Y85.205 E.01578
G1 X91.539 Y85.319 E.01789
G1 X92.018 Y85.48 E.0171
G1 X92.637 Y85.758 E.02297
G1 X93.251 Y86.138 E.02444
G1 X93.703 Y86.507 E.01975
G1 X94.118 Y86.91 E.01958
G1 X94.484 Y87.572 E.0256
G1 X94.692 Y88.078 E.01852
G1 X94.851 Y88.667 E.02065
G1 X94.994 Y89.412 E.02568
G1 X95.019 Y90.104 E.02344
G1 X95.017 Y90.174 E.00237
G1 X94.959 Y90.859 E.02327
G1 X94.836 Y91.455 E.0206
G1 X94.652 Y92.032 E.0205
G1 X94.409 Y92.584 E.02041
G1 X94.12 Y93.087 E.01964
G1 X93.663 Y93.54 E.02178
G1 X93.202 Y93.9 E.0198
G1 X92.704 Y94.19 E.01951
G1 X92.066 Y94.499 E.024
G1 X91.38 Y94.727 E.02447
G1 X90.807 Y94.838 E.01976
G1 X90.171 Y94.894 E.02161
G1 X89.474 Y94.869 E.02361
G1 X88.93 Y94.792 E.0186
G1 X88.252 Y94.622 E.02366
G1 X87.579 Y94.351 E.02456
G1 X86.747 Y93.861 E.03268
G1 X86.297 Y93.493 E.01968
G1 X85.921 Y93.128 E.01774
G1 X85.715 Y92.785 F10800
G1 X86.408 Y92.698
M204 P4000
;TYPE:Solid infill
;WIDTH:0.38292
G1 F1144
G2 X87.102 Y93.35 I7.992 J-7.813 E.02693
M204 P2000
G1 X87.946 Y93.705 F10800
M204 P4000
G1 F1144
G1 X87.926 Y93.776 E.00209
G1 X87.998 Y93.757 E.00211
G1 X87.987 Y93.716 E.0012
;WIDTH:0.41646
G1 X87.828 Y93.623 E.00572
;WIDTH:0.449999
G1 X87.669 Y93.53 E.00623
G1 X86.165 Y92.026 E.072
G1 X86.089 Y91.868 E.00593
;WIDTH:0.41646
G1 X86.013 Y91.71 E.00545
;WIDTH:0.38292
G1 X86.024 Y91.752 E.00123
G1 X85.952 Y91.771 E.00211
G1 X85.971 Y91.699 E.00211
;WIDTH:0.449999
G1 X85.885 Y91.171 E.01811
G1 X88.672 Y93.958 E.13341
G1 X89.395 Y94.105 E.02497
G1 X85.753 Y90.463 E.17434
G1 X85.735 Y89.869 E.02012
G1 X90.006 Y94.14 E.20445
G1 X90.547 Y94.105 E.01835
G1 X85.777 Y89.335 E.22834
G1 X85.87 Y88.852 E.01665
G1 X91.043 Y94.025 E.24763
G1 X91.5 Y93.906 E.01598
G1 X85.999 Y88.406 E.26331
G1 X86.161 Y87.992 E.01505
G1 X91.916 Y93.747 E.27549
G1 X92.299 Y93.554 E.01452
G1 X86.35 Y87.606 E.28475
G1 X86.59 Y87.27 E.01398
G1 X92.663 Y93.342 E.29069
G1 X92.999 Y93.103 E.01396
G1 X86.884 Y86.988 E.29272
G1 X87.207 Y86.736 E.01387
G1 X93.305 Y92.834 E.29191
G1 X93.574 Y92.526 E.01384
G1 X87.57 Y86.522 E.28741
G1 X87.937 Y86.314 E.01428
G1 X93.776 Y92.153 E.27951
G1 X93.95 Y91.752 E.0148
G1 X88.345 Y86.146 E.26833
G1 X88.784 Y86.01 E.01556
G1 X94.09 Y91.315 E.25397
G1 X94.193 Y90.843 E.01635
G1 X89.264 Y85.914 E.23595
G1 X89.8 Y85.874 E.01819
G1 X94.259 Y90.334 E.21347
G1 X94.261 Y89.759 E.01946
G1 X90.382 Y85.881 E.18566
G1 X91.05 Y85.973 E.02282
G1 X94.188 Y89.111 E.15021
M204 P2000
G1 E-2.5 F4200
G1 Z.8 F720
G1 X91.932 Y86.321 F10800
G1 Z.6 F720
G1 E2.5 F2400
M204 P4000
;WIDTH:0.391336
G1 F1144
G1 X92.605 Y86.994 E.02757
;WIDTH:0.421761
G3 X93.645 Y88.014 I-23.737 J25.254 E.04589
;WIDTH:0.420273
G1 X94.007 Y88.375 E.01604
G2 X93.533 Y87.378 I-4.841 J1.691 E.03471
;WIDTH:0.421761
G2 X92.838 Y86.735 I-4.383 J4.043 E.02986
;WIDTH:0.391336
G2 X91.788 Y86.177 I-2.826 J4.047 E.03453
M204 P2000
M106 S150.45
;LAYER_CHANGE
;Z:0.8
;HEIGHT:0.2
;BEFORE_LAYER_CHANGE
G92 E0.0
;0.8
M201 X3999.49 Y3999.49

G1 E-2.5 F4200
G1 Z.8 F720
;AFTER_LAYER_CHANGE
;0.8
M74 W0.221815

G1 Z1
G1 X86.089 Y92.921 F10800
G1 Z.8 F720
G1 E2.5 F2400
M204 P2500
;TYPE:Perimeter
;WIDTH:0.449999
G1 F1184
G1 X85.706 Y92.162 E.02878
G1 X85.45 Y91.368 E.02824
G1 X85.31 Y90.554 E.02796
G1 X85.29 Y89.817 E.02496
G1 X85.343 Y89.178 E.0217
G1 X85.456 Y88.603 E.01984
G1 X85.625 Y88.047 E.01967
G1 X85.847 Y87.516 E.01948
G1 X86.088 Y87.074 E.01704
G1 X86.401 Y86.776 E.01463
G1 X86.833 Y86.441 E.0185
G1 X87.308 Y86.162 E.01865
G1 X87.965 Y85.85 E.02462
G1 X88.496 Y85.669 E.01899
G1 X89.138 Y85.526 E.02226
G1 X89.817 Y85.463 E.02308
G1 X90.512 Y85.499 E.02356
G1 X91.045 Y85.56 E.01816
G1 X91.666 Y85.711 E.02163
G1 X92.134 Y85.89 E.01696
G1 X92.72 Y86.165 E.02191
G1 X93.29 Y86.533 E.02297
G1 X93.911 Y87.079 E.02799
G1 X94.294 Y87.838 E.02878
G1 X94.55 Y88.632 E.02824
G1 X94.69 Y89.446 E.02796
G1 X94.712 Y90.084 E.02161
G1 X94.71 Y90.183 E.00335
G1 X94.657 Y90.822 E.0217
G1 X94.544 Y91.397 E.01984
G1 X94.375 Y91.953 E.01967
G1 X94.153 Y92.484 E.01948
G1 X93.912 Y92.926 E.01704
G1 X93.599 Y93.224 E.01463
G1 X93.167 Y93.559 E.0185
G1 X92.451 Y93.979 E.0281
G1 X91.814 Y94.242 E.02333
G1 X91.126 Y94.422 E.02407
G1 X90.627 Y94.495 E.01707
G1 X89.994 Y94.534 E.02147
G1 X89.494 Y94.514 E.01694
G1 X88.962 Y94.441 E.01818
G1 X88.334 Y94.289 E.02187
G1 X87.866 Y94.11 E.01696
G1 X87.28 Y93.835 E.02191
G1 X86.71 Y93.467 E.02297
G1 X86.134 Y92.961 E.02595
M204 P2000
G1 X85.761 Y93.175 F10800
;TYPE:External perimeter
G1 F1184
G1 X85.328 Y92.317 E.03253
G1 X85.054 Y91.465 E.03029
G1 X84.951 Y90.869 E.02047
G1 X84.888 Y90.309 E.01907
G1 X84.883 Y89.807 E.01699
G1 X84.94 Y89.117 E.02344
G1 X85.061 Y88.504 E.02115
G1 X85.242 Y87.909 E.02105
G1 X85.479 Y87.34 E.02086
G1 X85.761 Y86.824 E.0199
G1 X86.135 Y86.467 E.0175
G1 X86.605 Y86.103 E.02012
G1 X87.367 Y85.656 E.0299
G1 X87.81 Y85.473 E.01622
G1 X88.303 Y85.301 E.01767
G1 X88.795 Y85.179 E.01716
G1 X89.292 Y85.1 E.01703
G3 X90.533 Y85.092 I.653 J5.637 E.04209
G1 X91.116 Y85.159 E.01986
G1 X91.792 Y85.323 E.02355
G1 X92.28 Y85.51 E.01769
M73 Q4 S49
G1 X92.923 Y85.811 E.02403
G1 X93.536 Y86.207 E.0247
G1 X94.239 Y86.825 E.03168
G1 X94.672 Y87.683 E.03253
G1 X94.946 Y88.535 E.03029
G1 X95.095 Y89.399 E.02968
G1 X95.119 Y90.094 E.02354
G1 X95.117 Y90.193 E.00335
G1 X95.06 Y90.883 E.02344
G1 X94.939 Y91.496 E.02115
G1 X94.758 Y92.091 E.02105
G1 X94.521 Y92.66 E.02086
G1 X94.239 Y93.176 E.0199
G1 X93.865 Y93.533 E.0175
G1 X93.395 Y93.897 E.02012
G1 X92.633 Y94.344 E.0299
G1 X92.19 Y94.527 E.01622
G1 X91.697 Y94.699 E.01767
G1 X91.205 Y94.821 E.01716
G1 X90.666 Y94.901 E.01844
G1 X89.992 Y94.941 E.02285
G1 X89.418 Y94.916 E.01945
G1 X88.891 Y94.842 E.01801
G1 X88.208 Y94.677 E.02378
G1 X87.72 Y94.49 E.01769
G1 X87.077 Y94.189 E.02403
G1 X86.464 Y93.793 E.0247
G1 X85.806 Y93.215 E.02965
G1 X85.609 Y92.867 F10800
G1 E-2.5 F4200
G1 Z1 F720
G1 X86.949 Y86.613 F10800
G1 Z.8 F720
G1 E2.5 F2400
M204 P4000
;TYPE:Solid infill
;WIDTH:0.38292
G1 F1184
G1 X86.282 Y87.227 E.02563
M204 P2000
G1 X85.915 Y88.18 F10800
M204 P4000
G1 F1184
G1 X85.874 Y88.191 E.0012
G1 X85.855 Y88.12 E.00208
G1 X85.926 Y88.139 E.00208
;WIDTH:0.41646
G1 X86.002 Y88.001 E.00489
;WIDTH:0.449999
G1 X86.077 Y87.863 E.00532
G1 X87.473 Y86.467 E.06683
M204 P2000
G1 X88.482 Y86.033 F10800
M204 P4000
G1 F1184
G1 X85.783 Y88.732 E.1292
G1 X85.664 Y89.427 E.02387
G1 X89.227 Y85.865 E.17053
G1 X89.049 Y85.824 E.00618
;WIDTH:0.41646
G1 X88.871 Y85.783 E.00567
;WIDTH:0.38292
G1 X88.642 Y85.834 E.00663
M204 P2000
G1 X89.85 Y85.817 F10800
M204 P4000
;WIDTH:0.449999
G1 F1184
G1 X85.631 Y90.036 E.20196
G1 X85.665 Y90.577 E.01835
G1 X90.403 Y85.84 E.22678
G1 X90.928 Y85.891 E.01785
G1 X85.75 Y91.068 E.24784
G1 X85.866 Y91.528 E.01606
G1 X91.397 Y85.997 E.26477
G1 X91.827 Y86.143 E.01537
G1 X86.006 Y91.964 E.27865
G1 X86.191 Y92.355 E.01464
G1 X92.238 Y86.308 E.28947
G1 X92.614 Y86.508 E.01442
G1 X86.393 Y92.728 E.29777
G1 X86.699 Y92.997 E.01379
G1 X92.963 Y86.733 E.29985
G1 X93.284 Y86.988 E.01388
G1 X87.018 Y93.254 E.29995
G1 X87.368 Y93.48 E.0141
G1 X93.59 Y87.258 E.29784
G1 X93.799 Y87.625 E.0143
G1 X87.742 Y93.682 E.28994
G1 X88.151 Y93.849 E.01495
G1 X93.987 Y88.013 E.27937
G1 X94.127 Y88.448 E.01547
G1 X88.578 Y93.997 E.26563
G1 X89.046 Y94.105 E.01626
G1 X94.246 Y88.905 E.24892
G1 X94.33 Y89.397 E.01689
G1 X89.555 Y94.172 E.22858
G1 X90.114 Y94.188 E.01893
G1 X94.37 Y89.933 E.20371
G1 X94.339 Y90.539 E.02054
G1 X90.741 Y94.137 E.17223
G1 X90.79 Y94.209 E.00295
;WIDTH:0.41646
G1 X90.838 Y94.281 E.00269
;WIDTH:0.38292
G1 X91.314 Y94.178 E.01377
;WIDTH:0.449999
G1 X91.474 Y93.979 E.00864
G1 X94.224 Y91.229 E.13164
G1 X94.173 Y91.786 E.01893
;WIDTH:0.38292
G1 X94.102 Y91.767 E.00208
G1 X94.121 Y91.838 E.00208
G1 X94.162 Y91.827 E.0012
;WIDTH:0.41646
G1 X94.054 Y91.956 E.00523
;WIDTH:0.449999
G1 X93.945 Y92.085 E.00572
G1 X92.324 Y93.694 E.07731
;WIDTH:0.41646
G1 X92.195 Y93.812 E.00543
;WIDTH:0.38292
G1 X92.154 Y93.823 E.0012
G1 X92.135 Y93.752 E.00208
G1 X92.206 Y93.771 E.00208
M204 P2000
G1 X93.043 Y93.38 F10800
M204 P4000
G1 F1184
G1 X93.707 Y92.768 E.02553
M204 P2000
M106 S201.45
;LAYER_CHANGE
;Z:1
;HEIGHT:0.2
;BEFORE_LAYER_CHANGE
G92 E0.0
;1
M201 X3999.44 Y3999.44

G1 E-2.5 F4200
G1 Z1 F720
;AFTER_LAYER_CHANGE
;1
M74 W0.244175

G1 Z1.2
G1 X85.967 Y93.01 F10800
G1 Z1 F720
G1 E2.5 F2400
M204 P2500
;TYPE:Perimeter
;WIDTH:0.449999
G1 F905
G1 X85.8 Y92.69 E.01222
G1 X85.581 Y92.187 E.01857
G1 X85.331 Y91.341 E.02986
G1 X85.21 Y90.557 E.02685
G1 X85.199 Y89.861 E.02356
G1 X85.223 Y89.334 E.01786
G1 X85.309 Y88.796 E.01844
G1 X85.453 Y88.244 E.01931
G1 X85.69 Y87.558 E.02457
G1 X85.956 Y87.005 E.02077
G1 X86.645 Y86.437 E.03022
G1 X87.105 Y86.165 E.01809
G1 X87.752 Y85.854 E.0243
G1 X88.439 Y85.623 E.02453
G1 X88.938 Y85.508 E.01733
G1 X89.59 Y85.424 E.02225
G1 X90.095 Y85.411 E.0171
G1 X90.795 Y85.461 E.02375
G1 X91.437 Y85.586 E.02214
G1 X92.015 Y85.76 E.02043
G1 X92.595 Y85.998 E.02122
G1 X93.085 Y86.273 E.01902
G1 X93.581 Y86.601 E.02013
G1 X94.035 Y86.994 E.02033
G1 X94.202 Y87.312 E.01216
G1 X94.419 Y87.813 E.01848
G1 X94.594 Y88.406 E.02093
G1 X94.744 Y89.145 E.02552
G1 X94.795 Y89.744 E.02035
G1 X94.801 Y90.138 E.01334
G1 X94.777 Y90.666 E.01789
G1 X94.691 Y91.204 E.01844
G1 X94.522 Y91.832 E.02201
G1 X94.31 Y92.442 E.02186
G1 X94.044 Y92.995 E.02077
G1 X93.615 Y93.348 E.01881
G1 X93.176 Y93.674 E.01851
G1 X92.625 Y93.985 E.02142
G1 X92.011 Y94.238 E.02248
G1 X91.358 Y94.436 E.0231
G1 X90.863 Y94.528 E.01704
G1 X90.163 Y94.587 E.02378
G1 X89.487 Y94.565 E.02289
G1 X88.92 Y94.491 E.01936
G1 X88.285 Y94.343 E.02207
G1 X87.608 Y94.095 E.0244
G1 X87.041 Y93.801 E.02162
G1 X86.488 Y93.446 E.02224
G1 X86.012 Y93.049 E.02098
M204 P2000
G1 X85.641 Y93.265 F10800
;TYPE:External perimeter
G1 F905
G1 X85.392 Y92.79 E.01815
G1 X85.197 Y92.324 E.0171
G1 X84.933 Y91.43 E.03155
G1 X84.803 Y90.592 E.0287
G1 X84.792 Y89.868 E.02451
G1 X84.818 Y89.294 E.01945
G1 X84.909 Y88.72 E.01967
G1 X85.065 Y88.122 E.02092
G1 X85.319 Y87.389 E.02626
G1 X85.637 Y86.741 E.02443
G1 X86.41 Y86.103 E.03393
G1 X87.13 Y85.677 E.02832
G1 X87.85 Y85.369 E.02651
G1 X88.554 Y85.166 E.0248
G1 X89.054 Y85.072 E.01722
G1 X89.563 Y85.018 E.01733
G1 X90.104 Y85.004 E.01832
G1 X90.844 Y85.056 E.02511
G1 X91.345 Y85.142 E.01721
G1 X91.838 Y85.268 E.01722
G1 X92.317 Y85.433 E.01715
G1 X92.776 Y85.633 E.01695
G1 X93.284 Y85.917 E.0197
G1 X93.831 Y86.279 E.0222
G1 X94.36 Y86.737 E.02368
G1 X94.608 Y87.21 E.01808
G1 X94.803 Y87.676 E.0171
G1 X95.067 Y88.57 E.03155
G1 X95.147 Y89.083 E.01757
G1 X95.202 Y89.738 E.02225
G1 X95.208 Y90.132 E.01334
G1 X95.182 Y90.706 E.01945
G1 X95.091 Y91.279 E.01964
G1 X94.911 Y91.955 E.02368
G1 X94.681 Y92.611 E.02353
G1 X94.363 Y93.259 E.02443
G1 X93.769 Y93.749 E.02606
G1 X93.217 Y94.127 E.02265
G1 X92.62 Y94.442 E.02285
G1 X91.937 Y94.702 E.02474
G1 X91.448 Y94.834 E.01714
G1 X90.918 Y94.931 E.01824
G1 X90.179 Y94.995 E.02511
G1 X89.668 Y94.99 E.0173
G1 X89.158 Y94.944 E.01733
G1 X88.655 Y94.858 E.01727
G1 X88.164 Y94.732 E.01716
G1 X87.647 Y94.543 E.01863
G1 X87.001 Y94.254 E.02395
G1 X86.494 Y93.943 E.02013
G1 X86.044 Y93.62 E.01875
G1 X85.686 Y93.305 E.01614
G1 X85.484 Y92.959 F10800
G1 E-2.5 F4200
G1 Z1.2 F720
G1 X87.49 Y93.677 F10800
G1 Z1 F720
G1 E2.5 F2400
M204 P4000
;TYPE:Solid infill
;WIDTH:0.418789
G1 F905
G1 X87.224 Y93.506 E.00988
;WIDTH:0.451422
G1 X86.958 Y93.335 E.01074
;WIDTH:0.487058
G1 X86.749 Y93.155 E.01019
;WIDTH:0.522693
G1 X86.541 Y92.975 E.01097
M73 P5 R49
;WIDTH:0.558328
G1 X86.333 Y92.795 E.01179
G1 X86.162 Y92.489 E.01502
;WIDTH:0.532271
G1 X85.991 Y92.182 E.0143
;WIDTH:0.506214
G1 X85.805 Y91.696 E.02005
;WIDTH:0.464954
G1 X85.583 Y90.775 E.03325
;WIDTH:0.429142
G1 X85.529 Y89.91 E.02783
;WIDTH:0.42985
G1 X85.63 Y88.978 E.03016
;WIDTH:0.459694
G1 X85.755 Y88.453 E.0187
;WIDTH:0.496014
G1 X85.933 Y87.95 E.0201
;WIDTH:0.54173
G1 X86.16 Y87.47 E.02202
G1 X86.41 Y87.132 E.01744
;WIDTH:0.531762
G1 X86.854 Y86.736 E.02418
;WIDTH:0.485684
G1 X87.112 Y86.561 E.01148
;WIDTH:0.447202
G1 X87.371 Y86.386 E.01051
;WIDTH:0.40872
G1 X87.561 Y86.287 E.00652
M204 P2000
G1 X87.243 Y86.956 F10800
M204 P4000
;TYPE:Internal infill
;WIDTH:0.45
G1 F905
G3 X88.065 Y86.455 I2.487 J3.157 E.03266
G1 X87.924 Y86.157 E.01116
G1 X88.32 Y86.017 E.01422
G1 X93.817 Y91.514 E.26314
G2 X94.023 Y90.582 I-3.134 J-1.185 E.03242
M73 Q5 S49
G1 X90.384 Y94.221 E.1742
G1 X90.15 Y94.241 E.00795
G1 X89.624 Y94.23 E.01781
G1 X85.963 Y90.568 E.17527
G2 X86.182 Y91.515 I3.843 J-.393 E.03299
G1 X91.685 Y86.012 E.26343
G1 X92.181 Y86.195 E.0179
G1 X92.027 Y86.438 E.00974
G1 X92.904 Y87.096 E.03711
G1 X87.096 Y92.904 E.27803
G1 X87.988 Y93.572 E.03772
G1 X87.845 Y93.813 E.00949
G1 X88.317 Y93.986 E.01702
G1 X93.818 Y88.485 E.26333
G3 X94.037 Y89.432 I-3.624 J1.34 E.03299
G1 X90.384 Y85.779 E.17487
G1 X90.088 Y85.758 E.01004
G1 X89.625 Y85.769 E.01568
G1 X85.977 Y89.418 E.17465
G3 X86.183 Y88.486 I3.34 J.253 E.03242
G1 X91.686 Y93.989 E.26343
G1 X92.032 Y93.86 E.0125
G1 X91.885 Y93.571 E.01098
G2 X92.906 Y92.906 I-1.43 J-3.313 E.04144
G1 X87.094 Y87.094 E.27822
G2 X86.258 Y88.297 I1.767 J2.119 E.05019
M204 P2000
G1 E-2.5 F4200
G1 Z1.2 F720
G1 X92.541 Y86.339 F10800
G1 Z1 F720
G1 E2.5 F2400
M204 P4000
;TYPE:Solid infill
;WIDTH:0.430921
G1 F905
G1 X92.784 Y86.492 E.00926
;WIDTH:0.46521
G1 X93.027 Y86.645 E.01008
;WIDTH:0.511698
G1 X93.347 Y86.925 E.01657
;WIDTH:0.558186
G1 X93.667 Y87.205 E.01822
G1 X93.838 Y87.511 E.01502
;WIDTH:0.532233
G1 X94.009 Y87.818 E.0143
;WIDTH:0.50628
G1 X94.195 Y88.304 E.02005
;WIDTH:0.464952
G1 X94.417 Y89.225 E.03325
;WIDTH:0.42914
G1 X94.471 Y90.09 E.02783
;WIDTH:0.429852
G1 X94.37 Y91.022 E.03016
;WIDTH:0.459696
G1 X94.245 Y91.547 E.0187
;WIDTH:0.496014
G1 X94.067 Y92.05 E.0201
;WIDTH:0.54173
G1 X93.84 Y92.53 E.02202
G1 X93.59 Y92.868 E.01744
;WIDTH:0.531766
G1 X93.139 Y93.27 E.02456
;WIDTH:0.48507
G1 X92.922 Y93.42 E.0097
;WIDTH:0.456566
G1 X92.706 Y93.57 E.00904
;WIDTH:0.428062
G1 X92.397 Y93.734 E.0112
M204 P2000
;LAYER_CHANGE
;Z:1.2
;HEIGHT:0.2
;BEFORE_LAYER_CHANGE
G92 E0.0
;1.2
M201 X3999.4 Y3999.4

G1 E-2.5 F4200
G1 Z1.2 F720
;AFTER_LAYER_CHANGE
;1.2
M74 W0.260816

G1 Z1.4
G1 X85.852 Y93.097 F10800
G1 Z1.2 F720
G1 E2.5 F2400
M204 P2500
;TYPE:Perimeter
;WIDTH:0.449999
G1 F971
G1 X85.516 Y92.37 E.02711
G1 X85.341 Y91.837 E.01899
G1 X85.156 Y90.974 E.02988
G1 X85.103 Y90.333 E.02177
G1 X85.09 Y89.779 E.01876
G1 X85.141 Y89.124 E.02224
G1 X85.251 Y88.512 E.02105
G1 X85.415 Y87.919 E.02083
G1 X85.607 Y87.411 E.01838
G1 X85.829 Y86.929 E.01796
G1 X86.147 Y86.67 E.01388
G1 X86.571 Y86.357 E.01784
G1 X87.057 Y86.072 E.01907
G1 X87.528 Y85.856 E.01754
G1 X88.164 Y85.631 E.02284
G1 X88.716 Y85.495 E.01924
G1 X89.288 Y85.404 E.0196
G1 X89.791 Y85.371 E.01706
G1 X90.424 Y85.381 E.02143
G1 X91.04 Y85.446 E.02097
G1 X91.56 Y85.553 E.01797
G1 X92.106 Y85.722 E.01935
G1 X92.625 Y85.923 E.01884
G1 X93.209 Y86.222 E.02221
G1 X93.693 Y86.532 E.01946
G1 X94.148 Y86.903 E.01987
G1 X94.484 Y87.63 E.02711
G1 X94.659 Y88.163 E.01899
G1 X94.844 Y89.026 E.02988
G1 X94.893 Y89.619 E.02014
G1 X94.911 Y90.139 E.01761
G1 X94.91 Y90.221 E.00278
G1 X94.859 Y90.876 E.02224
G1 X94.749 Y91.488 E.02105
G1 X94.585 Y92.081 E.02083
G1 X94.393 Y92.589 E.01838
G1 X94.171 Y93.071 E.01796
G1 X93.853 Y93.33 E.01388
G1 X93.429 Y93.643 E.01784
G1 X92.931 Y93.931 E.01947
G1 X92.382 Y94.181 E.02042
G1 X91.757 Y94.392 E.02233
G1 X91.201 Y94.524 E.01934
G1 X90.697 Y94.595 E.01723
G1 X90.069 Y94.632 E.02129
G1 X89.459 Y94.614 E.02066
G1 X88.959 Y94.554 E.01705
G1 X88.44 Y94.447 E.01794
G1 X87.894 Y94.278 E.01935
G1 X87.375 Y94.077 E.01884
G1 X86.791 Y93.778 E.02221
G1 X86.307 Y93.468 E.01946
G1 X85.899 Y93.135 E.01783
M204 P2000
G1 X85.522 Y93.353 F10800
;TYPE:External perimeter
G1 F971
G1 X85.137 Y92.52 E.03106
G1 X84.947 Y91.943 E.02056
G1 X84.753 Y91.034 E.03146
G1 X84.676 Y90.11 E.03138
G1 X84.708 Y89.377 E.02483
G1 X84.784 Y88.808 E.01943
G1 X84.918 Y88.187 E.0215
G1 X85.084 Y87.643 E.01925
G1 X85.294 Y87.108 E.01945
G1 X85.516 Y86.652 E.01717
G1 X86.065 Y86.215 E.02375
G1 X86.599 Y85.862 E.02167
G1 X87.165 Y85.563 E.02167
G1 X87.769 Y85.322 E.02201
G1 X88.384 Y85.144 E.02167
G1 X89.033 Y85.021 E.02236
G1 X89.552 Y84.967 E.01766
G1 X90.202 Y84.956 E.022
G1 X90.863 Y85.005 E.02244
G1 X91.377 Y85.089 E.01763
G1 X91.88 Y85.212 E.01753
G1 X92.425 Y85.403 E.01955
G1 X92.943 Y85.621 E.01902
G1 X93.407 Y85.866 E.01776
G1 X93.935 Y86.204 E.02122
G1 X94.478 Y86.647 E.02372
G1 X94.863 Y87.48 E.03106
G1 X95.053 Y88.057 E.02056
G1 X95.247 Y88.966 E.03146
G1 X95.303 Y89.633 E.02266
G1 X95.318 Y90.147 E.01741
G1 X95.296 Y90.591 E.01505
G1 X95.222 Y91.157 E.01932
G1 X95.096 Y91.761 E.02088
G1 X94.916 Y92.357 E.02107
G1 X94.706 Y92.892 E.01945
G1 X94.484 Y93.348 E.01717
G1 X93.795 Y93.896 E.0298
G1 X93.267 Y94.22 E.02097
G1 X92.711 Y94.492 E.02095
G1 X92.115 Y94.717 E.02156
G1 X91.481 Y94.887 E.02222
G1 X90.969 Y94.979 E.01761
G1 X90.323 Y95.039 E.02196
G1 X89.659 Y95.04 E.02248
G1 X89.138 Y94.995 E.0177
G1 X88.623 Y94.911 E.01766
G1 X88.12 Y94.788 E.01753
G1 X87.575 Y94.597 E.01955
G1 X87.057 Y94.379 E.01902
G1 X86.593 Y94.134 E.01776
G1 X86.065 Y93.796 E.02122
G1 X85.569 Y93.391 E.02167
G1 X85.38 Y93.038 F10800
G1 E-2.5 F4200
G1 Z1.4 F720
G1 X87.166 Y93.12 F10800
G1 Z1.2 F720
G1 E2.5 F2400
M204 P4000
;TYPE:Internal infill
;WIDTH:0.45
G1 F971
G1 X88.048 Y93.654 E.0349
G1 X87.911 Y93.917 E.01004
G1 X88.263 Y94.04 E.01262
G1 X93.908 Y88.394 E.27025
G2 X92.991 Y87.009 I-2.46 J.632 E.05728
G1 X87.009 Y92.991 E.28636
G3 X86.163 Y91.796 I1.373 J-1.868 E.05042
M204 P2000
G1 E-2.5 F4200
G1 Z1.4 F720
G1 X86.161 Y88.204 F10800
G1 Z1.2 F720
G1 E2.5 F2400
M204 P4000
G1 F971
G3 X87.004 Y87.004 I2.335 J.743 E.05041
G1 X92.996 Y92.996 E.28683
G2 X93.908 Y91.605 I-1.631 J-2.062 E.05729
G1 X88.265 Y85.962 E.27013
G1 X87.906 Y86.078 E.01277
G1 X88.038 Y86.348 E.01017
G1 X87.164 Y86.878 E.0346
M204 P2000
G1 X87.546 Y86.199 F10800
M204 P4000
;TYPE:Solid infill
;WIDTH:0.43821
G1 F971
G1 X87.095 Y86.434 E.01672
;WIDTH:0.464444
G1 X86.872 Y86.586 E.00946
;WIDTH:0.490678
G1 X86.65 Y86.738 E.01002
;WIDTH:0.521454
G1 X86.426 Y86.936 E.0119
;WIDTH:0.55223
G1 X86.202 Y87.134 E.01266
G1 X85.949 Y87.588 E.02201
;WIDTH:0.522592
G1 X85.74 Y88.108 E.02235
;WIDTH:0.484878
G1 X85.596 Y88.591 E.01852
;WIDTH:0.464208
G1 X85.48 Y89.167 E.02058
;WIDTH:0.441954
G1 X85.42 Y90.076 E.03023
;WIDTH:0.44399
G1 X85.496 Y90.924 E.02839
;WIDTH:0.482092
G1 X85.691 Y91.742 E.03071
;WIDTH:0.512638
G1 X85.868 Y92.232 E.02035
;WIDTH:0.562138
G1 X86.176 Y92.839 E.02939
G1 X86.528 Y93.129 E.01969
;WIDTH:0.516365
G1 X86.879 Y93.419 E.01792
;WIDTH:0.470592
G1 X87.213 Y93.608 E.01365
;WIDTH:0.4317
G1 X87.546 Y93.797 E.01238
M204 P2000
G1 E-2.5 F4200
G1 Z1.4 F720
G1 X92.836 Y93.122 F10800
G1 Z1.2 F720
G1 E2.5 F2400
M204 P4000
;TYPE:Internal infill
;WIDTH:0.45
G1 F971
G1 X91.979 Y93.642 E.03393
G1 X92.122 Y93.909 E.01025
G1 X91.736 Y94.039 E.01379
G1 X86.092 Y88.395 E.27018
G2 X85.839 Y89.556 I4.51 J1.593 E.04032
G1 X89.676 Y85.719 E.18368
G1 X90.18 Y85.71 E.01706
G1 X90.326 Y85.721 E.00496
G1 X94.163 Y89.557 E.18365
G1 X94.185 Y89.911 E.01201
G1 X94.161 Y90.444 E.01806
G1 X90.288 Y94.286 E.18466
G1 X89.68 Y94.286 E.02058
G1 X85.837 Y90.443 E.18396
G2 X86.092 Y91.606 I5.604 J-.616 E.04038
G1 X91.737 Y85.96 E.27025
G1 X92.192 Y86.119 E.01631
G1 X92.051 Y86.381 E.01007
G1 X92.834 Y86.88 E.03143
M204 P2000
G1 X92.553 Y86.247 F10800
M204 P4000
;TYPE:Solid infill
;WIDTH:0.434494
G1 F971
G1 X92.989 Y86.493 E.0163
;WIDTH:0.469291
G1 X93.246 Y86.695 E.01159
;WIDTH:0.504088
G1 X93.503 Y86.897 E.01253
;WIDTH:0.538884
G1 X93.76 Y87.099 E.01348
;WIDTH:0.562138
G1 X93.824 Y87.161 E.00385
G1 X94.113 Y87.728 E.02748
;WIDTH:0.512436
G1 X94.294 Y88.209 E.02006
;WIDTH:0.479604
G1 X94.494 Y89.02 E.03033
;WIDTH:0.440388
G1 X94.58 Y89.891 E.02893
;WIDTH:0.434498
G1 X94.527 Y90.769 E.02864
;WIDTH:0.454896
G1 X94.423 Y91.331 E.01958
;WIDTH:0.482756
G1 X94.268 Y91.87 E.02051
;WIDTH:0.519884
G1 X94.062 Y92.388 E.02211
;WIDTH:0.552226
G1 X93.798 Y92.866 E.02313
G1 X93.602 Y93.042 E.01116
;WIDTH:0.522
G1 X93.405 Y93.217 E.0105
;WIDTH:0.491774
G1 X93.188 Y93.371 E.00993
;WIDTH:0.465053
G1 X92.972 Y93.525 E.00931
;WIDTH:0.438332
G1 X92.492 Y93.787 E.01798
M204 P2000
;LAYER_CHANGE
;Z:1.4
;HEIGHT:0.2
;BEFORE_LAYER_CHANGE
G92 E0.0
;1.4
M201 X3999.36 Y3999.36

G1 E-2.5 F4200
G1 Z1.4 F720
;AFTER_LAYER_CHANGE
;1.4
M74 W0.278275

G1 Z1.6
G1 X85.749 Y93.197 F10800
G1 Z1.4 F720
G1 E2.5 F2400
M204 P2500
;TYPE:Perimeter
;WIDTH:0.449999
G1 F991
G1 X85.728 Y93.182 E.00087
G1 X85.596 Y92.905 E.01039
G1 X85.405 Y92.42 E.01764
G1 X85.233 Y91.865 E.01967
G1 X85.11 Y91.321 E.01888
G1 X85.03 Y90.778 E.01858
G1 X84.992 Y90.275 E.01707
G1 X84.99 Y89.761 E.0174
G1 X85.039 Y89.105 E.02227
G1 X85.224 Y88.153 E.03283
G1 X85.407 Y87.564 E.02088
G1 X85.736 Y86.813 E.02775
G1 X86.061 Y86.554 E.01407
G1 X86.55 Y86.236 E.01974
G1 X87.346 Y85.837 E.03014
G1 X88.046 Y85.589 E.02514
G1 X88.568 Y85.458 E.01822
G1 X89.064 Y85.373 E.01703
G1 X89.564 Y85.324 E.01701
G1 X90.085 Y85.318 E.01764
G1 X90.653 Y85.344 E.01925
G1 X91.162 Y85.409 E.01737
G1 X91.813 Y85.549 E.02254
G1 X92.53 Y85.789 E.02559
G1 X93.085 Y86.042 E.02065
G1 X93.586 Y86.331 E.01958
G1 X94.272 Y86.818 E.02848
G1 X94.446 Y87.191 E.01393
G1 X94.69 Y87.874 E.02455
G1 X94.835 Y88.413 E.01889
G1 X94.939 Y88.979 E.01948
G1 X94.999 Y89.553 E.01954
G1 X95.013 Y90.056 E.01703
G1 X95.01 Y90.239 E.0062
G1 X94.961 Y90.895 E.02227
G1 X94.827 Y91.584 E.02376
G1 X94.693 Y92.115 E.01854
G1 X94.505 Y92.653 E.01929
G1 X94.278 Y93.173 E.01921
G1 X93.861 Y93.493 E.01779
G1 X93.377 Y93.802 E.01944
G1 X92.85 Y94.077 E.02012
G1 X92.192 Y94.337 E.02395
G1 X91.681 Y94.485 E.01801
G1 X91.177 Y94.582 E.01737
G1 X90.6 Y94.659 E.0197
G3 X89.383 Y94.654 I-.58 J-6.841 E.04125
G1 X88.838 Y94.591 E.01857
G1 X88.338 Y94.486 E.01729
G1 X87.847 Y94.345 E.01729
G1 X87.37 Y94.167 E.01723
G1 X86.807 Y93.906 E.02101
G1 X86.316 Y93.615 E.01932
G1 X85.797 Y93.233 E.02181
M204 P2000
G1 X85.429 Y93.463 F10800
;TYPE:External perimeter
G1 F991
G1 X85.401 Y93.442 E.00118
G1 X85.199 Y93.019 E.01587
G1 X84.979 Y92.448 E.02071
G1 X84.798 Y91.825 E.02196
G1 X84.678 Y91.238 E.02028
G1 X84.604 Y90.652 E.01999
G1 X84.576 Y90.116 E.01817
G1 X84.587 Y89.579 E.01818
G1 X84.636 Y89.047 E.01808
G1 X84.829 Y88.053 E.03427
G1 X85.025 Y87.422 E.02237
M73 P5 R48
G1 X85.403 Y86.557 E.03195
G1 X85.823 Y86.224 E.01814
G1 X86.347 Y85.883 E.02116
G1 X87.186 Y85.462 E.03177
G1 X87.929 Y85.198 E.02669
G1 X88.484 Y85.059 E.01937
G1 X89.01 Y84.969 E.01806
G1 X89.542 Y84.917 E.01809
G1 X90.305 Y84.909 E.02583
G1 X90.882 Y84.954 E.01959
G1 X91.409 Y85.036 E.01805
G1 X91.924 Y85.157 E.01791
G1 X92.677 Y85.408 E.02687
G1 X93.152 Y85.617 E.01757
G1 X93.607 Y85.858 E.01743
G1 X94.181 Y86.233 E.02321
G1 X94.599 Y86.558 E.01792
G1 X94.826 Y87.045 E.01819
G1 X95.081 Y87.76 E.02569
G1 X95.234 Y88.332 E.02004
G1 X95.343 Y88.927 E.02048
G1 X95.406 Y89.532 E.02059
G1 X95.42 Y90.064 E.01801
G1 X95.413 Y90.421 E.01209
G1 X95.364 Y90.953 E.01808
G1 X95.209 Y91.75 E.02748
G1 X95.081 Y92.236 E.01701
G1 X94.881 Y92.807 E.02048
G1 X94.601 Y93.439 E.0234
G1 X94.005 Y93.896 E.02542
G1 X93.467 Y94.223 E.02131
G1 X93.016 Y94.449 E.01708
G1 X92.324 Y94.723 E.02519
G1 X91.776 Y94.881 E.0193
G1 X91.253 Y94.982 E.01803
G1 X90.641 Y95.064 E.0209
G3 X89.359 Y95.061 I-.621 J-7.203 E.04345
G1 X88.775 Y94.993 E.0199
G1 X88.245 Y94.883 E.01832
G1 X87.725 Y94.733 E.01832
G1 X87.22 Y94.546 E.01823
G1 X86.733 Y94.322 E.01814
G1 X86.263 Y94.062 E.01818
G1 X85.809 Y93.762 E.01842
G1 X85.476 Y93.5 E.01434
G1 X85.27 Y93.157 F10800
G1 E-2.5 F4200
G1 Z1.6 F720
G1 X87.086 Y93.197 F10800
G1 Z1.4 F720
G1 E2.5 F2400
M204 P4000
;TYPE:Internal infill
;WIDTH:0.45
G1 F991
G1 X87.792 Y93.652 E.02843
G1 X87.649 Y93.906 E.00987
G1 X88.208 Y94.095 E.01997
G1 X93.993 Y88.31 E.27692
G1 X93.894 Y88.002 E.01095
G2 X93.079 Y86.921 I-2.071 J.714 E.04659
G1 X86.921 Y93.079 E.29478
G3 X86.106 Y91.998 I1.256 J-1.795 E.04659
G1 X86.07 Y91.884 E.00405
M204 P2000
G1 E-2.5 F4200
G1 Z1.6 F720
G1 X87.284 Y93.778 F10800
G1 Z1.4 F720
G1 E2.5 F2400
M204 P4000
;TYPE:Solid infill
;WIDTH:0.423502
G1 F991
G1 X87.008 Y93.615 E.01014
;WIDTH:0.449192
G1 X86.732 Y93.451 E.01085
;WIDTH:0.483723
G1 X86.565 Y93.326 E.00765
;WIDTH:0.518254
G1 X86.398 Y93.2 E.00827
;WIDTH:0.552784
G1 X86.23 Y93.075 E.00888
;WIDTH:0.559694
G1 X86.035 Y92.881 E.01182
G1 X85.877 Y92.538 E.01623
;WIDTH:0.532543
G1 X85.719 Y92.195 E.01537
;WIDTH:0.505392
G1 X85.546 Y91.64 E.02236
;WIDTH:0.484062
G1 X85.427 Y91.114 E.01978
;WIDTH:0.460746
G1 X85.348 Y90.59 E.01841
;WIDTH:0.436574
G1 X85.328 Y90.081 E.01667
;WIDTH:0.43706
G1 X85.371 Y89.203 E.02881
;WIDTH:0.441994
G1 X85.481 Y88.624 E.01956
;WIDTH:0.48013
G1 X85.629 Y88.065 E.02102
;WIDTH:0.512616
G1 X85.834 Y87.529 E.02241
;WIDTH:0.55764
G1 X86.059 Y87.071 E.02184
G1 X86.394 Y86.807 E.01825
;WIDTH:0.511892
G1 X86.73 Y86.542 E.01669
;WIDTH:0.466144
G1 X87.023 Y86.377 E.01183
;WIDTH:0.434829
G1 X87.317 Y86.213 E.01097
M204 P2000
G1 X87.081 Y86.796 F10800
M204 P4000
;TYPE:Internal infill
;WIDTH:0.45
G1 F991
G1 X87.831 Y86.356 E.02943
G1 X87.684 Y86.084 E.01047
G1 X88.208 Y85.905 E.01874
G1 X94.001 Y91.698 E.27731
G3 X93.566 Y92.66 I-4.684 J-1.542 E.03581
G1 X93.08 Y93.08 E.02174
G1 X86.92 Y86.92 E.29488
G2 X86.067 Y88.11 I1.171 J1.74 E.05063
M204 P2000
G1 E-2.5 F4200
G1 Z1.6 F720
G1 X92.919 Y93.204 F10800
G1 Z1.4 F720
G1 E2.5 F2400
M204 P4000
G1 F991
G1 X92.115 Y93.675 E.03154
G1 X92.246 Y93.944 E.01013
G1 X91.79 Y94.093 E.01624
G1 X85.999 Y88.302 E.27721
G2 X85.725 Y89.669 I5.251 J1.761 E.04732
G1 X89.726 Y85.668 E.19153
G1 X90.268 Y85.662 E.01835
G1 X94.27 Y89.665 E.1916
G1 X94.285 Y89.907 E.00821
G1 X94.275 Y90.331 E.01436
G1 X90.271 Y94.335 E.19167
G1 X89.722 Y94.328 E.01858
G1 X85.73 Y90.335 E.19112
G2 X86.007 Y91.69 I5.102 J-.34 E.04696
G1 X91.791 Y85.906 E.27688
G1 X92.345 Y86.092 E.01978
G1 X92.207 Y86.347 E.00981
G1 X92.914 Y86.803 E.02848
M204 P2000
G1 X92.705 Y86.219 F10800
M204 P4000
;TYPE:Solid infill
;WIDTH:0.425996
G1 F991
G1 X92.964 Y86.366 E.00949
;WIDTH:0.460802
G1 X93.224 Y86.513 E.01038
;WIDTH:0.50692
G1 X93.498 Y86.721 E.01327
;WIDTH:0.553038
G1 X93.773 Y86.928 E.0146
;WIDTH:0.559688
G1 X93.965 Y87.119 E.01164
G1 X94.123 Y87.462 E.01623
;WIDTH:0.532538
G1 X94.281 Y87.805 E.01537
;WIDTH:0.505388
G1 X94.454 Y88.36 E.02235
;WIDTH:0.48406
G1 X94.573 Y88.886 E.01978
;WIDTH:0.460744
G1 X94.652 Y89.41 E.01841
;WIDTH:0.436576
G1 X94.672 Y89.919 E.01667
;WIDTH:0.43706
G1 X94.629 Y90.797 E.02881
;WIDTH:0.441998
G1 X94.519 Y91.376 E.01956
;WIDTH:0.48013
G1 X94.371 Y91.935 E.02102
;WIDTH:0.515792
G1 X94.167 Y92.472 E.02259
;WIDTH:0.551744
G1 X93.923 Y92.946 E.02256
G1 X93.744 Y93.099 E.00996
;WIDTH:0.526524
G1 X93.564 Y93.252 E.0095
;WIDTH:0.501304
G1 X93.356 Y93.395 E.00962
;WIDTH:0.473591
G1 X93.148 Y93.538 E.00904
;WIDTH:0.445878
G1 X92.877 Y93.681 E.01027
;WIDTH:0.417767
G1 X92.607 Y93.824 E.00952
M204 P2000
;LAYER_CHANGE
;Z:1.6
;HEIGHT:0.2
;BEFORE_LAYER_CHANGE
G92 E0.0
;1.6
M201 X3999.32 Y3999.32

G1 E-2.5 F4200
G1 Z1.6 F720
;AFTER_LAYER_CHANGE
;1.6
M74 W0.296085

G1 Z1.8
G1 X85.61 Y93.266 F10800
G1 Z1.6 F720
G1 E2.5 F2400
M204 P2500
;TYPE:Perimeter
;WIDTH:0.449999
G1 F1011
G1 X85.447 Y92.901 E.01353
G1 X85.261 Y92.394 E.01828
G1 X85.024 Y91.467 E.03239
G1 X84.931 Y90.768 E.02387
G1 X84.883 Y90.114 E.0222
G1 X84.893 Y89.59 E.01774
G1 X84.938 Y89.078 E.0174
G1 X85.119 Y88.105 E.0335
G1 X85.389 Y87.256 E.03016
M73 P6 R48
G1 X85.611 Y86.733 E.01923
G1 X86.005 Y86.442 E.01658
G1 X86.52 Y86.131 E.02036
G1 X87.077 Y85.86 E.02097
G1 X87.589 Y85.66 E.01861
G1 X88.283 Y85.459 E.02446
G1 X88.779 Y85.36 E.01712
G1 X89.349 Y85.297 E.01941
G1 X89.975 Y85.265 E.02122
G1 X90.591 Y85.282 E.02086
G1 X91.371 Y85.385 E.02663
G1 X91.866 Y85.496 E.01717
G1 X92.355 Y85.642 E.01727
G1 X92.823 Y85.819 E.01694
G1 X93.501 Y86.146 E.02548
G1 X93.979 Y86.442 E.01903
G1 X94.389 Y86.731 E.01698
G1 X94.553 Y87.099 E.01364
G1 X94.739 Y87.606 E.01828
G1 X94.976 Y88.533 E.03239
G1 X95.095 Y89.424 E.03043
M73 Q6 S49
G1 X95.114 Y90.04 E.02086
G1 X95.107 Y90.41 E.01253
G1 X95.062 Y90.922 E.0174
G1 X94.881 Y91.895 E.0335
G1 X94.611 Y92.744 E.03016
G1 X94.389 Y93.267 E.01923
G1 X93.995 Y93.558 E.01658
G1 X93.48 Y93.868 E.02035
G1 X92.88 Y94.159 E.02257
G1 X92.384 Y94.342 E.0179
G1 X91.82 Y94.511 E.01993
G1 X91.223 Y94.639 E.02067
G1 X90.581 Y94.708 E.02186
G1 X89.928 Y94.74 E.02213
G1 X89.14 Y94.692 E.02672
G1 X88.635 Y94.616 E.01729
G1 X88.139 Y94.505 E.0172
G1 X87.556 Y94.319 E.02071
G1 X87.048 Y94.122 E.01844
G1 X86.503 Y93.857 E.02051
G1 X86.021 Y93.558 E.0192
G1 X85.657 Y93.302 E.01506
M204 P2000
G1 X85.282 Y93.53 F10800
;TYPE:External perimeter
G1 F1011
G1 X85.046 Y93.002 E.01958
G1 X84.872 Y92.514 E.01754
G1 X84.624 Y91.544 E.03389
G1 X84.527 Y90.822 E.02466
G1 X84.476 Y90.119 E.02386
G1 X84.487 Y89.568 E.01865
G1 X84.534 Y89.023 E.01852
G1 X84.723 Y88.006 E.03501
G1 X85.033 Y87.034 E.03453
G1 X85.282 Y86.47 E.02087
G1 X85.779 Y86.103 E.02091
G1 X86.325 Y85.773 E.02159
G1 X86.914 Y85.486 E.02218
G1 X87.458 Y85.274 E.01976
G1 X88.186 Y85.064 E.02565
G1 X88.716 Y84.958 E.0183
G1 X89.304 Y84.892 E.02003
G1 X89.966 Y84.858 E.02244
G1 X90.627 Y84.876 E.02238
G1 X91.442 Y84.984 E.02783
G1 X91.969 Y85.102 E.01828
G1 X92.486 Y85.257 E.01827
G1 X92.984 Y85.445 E.01802
G1 X93.697 Y85.788 E.02678
G1 X94.298 Y86.161 E.02394
G1 X94.718 Y86.47 E.01765
G1 X94.954 Y86.998 E.01958
G1 X95.128 Y87.486 E.01754
G1 X95.376 Y88.456 E.03389
G1 X95.501 Y89.387 E.0318
G1 X95.521 Y90.048 E.02238
G1 X95.513 Y90.432 E.013
G1 X95.466 Y90.977 E.01852
G1 X95.277 Y91.994 E.03501
G1 X94.967 Y92.966 E.03453
G1 X94.718 Y93.53 E.02087
G1 X94.221 Y93.897 E.02091
G1 X93.675 Y94.227 E.02159
G1 X93.039 Y94.534 E.0239
G1 X92.525 Y94.724 E.01855
G1 X91.927 Y94.904 E.02114
G1 X91.284 Y95.042 E.02226
G1 X90.624 Y95.113 E.02247
G1 X89.921 Y95.147 E.02382
G1 X89.097 Y95.097 E.02794
G1 X88.56 Y95.017 E.01838
G1 X88.032 Y94.898 E.01832
G1 X87.261 Y94.652 E.02739
G1 X86.772 Y94.448 E.01793
G1 X86.304 Y94.213 E.01773
G1 X85.702 Y93.839 E.02399
G1 X85.33 Y93.566 E.01562
G1 X85.144 Y93.212 F10800
G1 E-2.5 F4200
G1 Z1.8 F720
G1 X87.007 Y93.274 F10800
G1 Z1.6 F720
G1 E2.5 F2400
M204 P4000
;TYPE:Internal infill
;WIDTH:0.45
G1 F1011
G1 X87.693 Y93.694 E.02723
G1 X87.559 Y93.957 E.00999
G1 X88.155 Y94.147 E.02117
G1 X94.088 Y88.215 E.28399
G1 X93.848 Y87.567 E.02339
G2 X93.164 Y86.836 I-1.478 J.697 E.03444
G1 X86.833 Y93.167 E.30306
G3 X86.152 Y92.433 I.772 J-1.4 E.03447
G1 X85.97 Y91.98 E.01652
M204 P2000
G1 E-2.5 F4200
G1 Z1.8 F720
G1 X85.976 Y88.023 F10800
G1 Z1.6 F720
G1 E2.5 F2400
M204 P4000
G1 F1011
G1 X86.294 Y87.285 E.0272
G1 X86.838 Y86.838 E.02383
G1 X93.162 Y93.162 E.30273
G1 X93.706 Y92.715 E.02383
G2 X94.086 Y91.783 I-4.074 J-2.204 E.03414
G1 X88.158 Y85.856 E.28375
G1 X87.624 Y86.018 E.01889
G1 X87.753 Y86.283 E.00998
G1 X87.006 Y86.725 E.02938
M204 P2000
G1 X87.256 Y86.134 F10800
M204 P4000
;TYPE:Solid infill
;WIDTH:0.427343
G1 F1011
G1 X86.973 Y86.285 E.01025
;WIDTH:0.455752
G1 X86.691 Y86.436 E.01098
;WIDTH:0.498511
G1 X86.34 Y86.693 E.01648
;WIDTH:0.54127
G1 X85.989 Y86.95 E.01803
;WIDTH:0.55707
G1 X85.916 Y87.03 E.00463
G1 X85.778 Y87.354 E.01506
;WIDTH:0.524041
G1 X85.64 Y87.677 E.01405
;WIDTH:0.491012
G1 X85.474 Y88.194 E.02023
;WIDTH:0.490148
G1 X85.277 Y89.124 E.03535
;WIDTH:0.440482
G1 X85.23 Y89.63 E.0168
;WIDTH:0.434292
G1 X85.243 Y90.549 E.02991
;WIDTH:0.450198
G1 X85.355 Y91.328 E.02665
;WIDTH:0.489996
G1 X85.584 Y92.179 E.03276
;WIDTH:0.519921
G1 X85.749 Y92.571 E.01687
;WIDTH:0.549846
G1 X85.914 Y92.963 E.01793
G1 X86.096 Y93.143 E.01079
;WIDTH:0.543786
G1 X86.341 Y93.319 E.01256
;WIDTH:0.501652
G1 X86.586 Y93.496 E.01153
;WIDTH:0.459518
G1 X86.892 Y93.665 E.01211
;WIDTH:0.425526
G1 X87.197 Y93.833 E.01108
M204 P2000
G1 E-2.5 F4200
G1 Z1.8 F720
G1 X92.996 Y93.278 F10800
G1 Z1.6 F720
G1 E2.5 F2400
M204 P4000
;TYPE:Internal infill
;WIDTH:0.45
G1 F1011
G1 X92.355 Y93.674 E.0255
G1 X92.496 Y93.932 E.00995
G1 X91.844 Y94.146 E.02323
G1 X85.914 Y88.217 E.28384
G2 X85.629 Y89.765 I4.522 J1.634 E.05352
G1 X89.777 Y85.618 E.19854
G1 X90.22 Y85.615 E.015
G1 X94.364 Y89.758 E.19835
G1 X94.371 Y90.235 E.01615
G1 X90.218 Y94.387 E.19878
G1 X89.935 Y94.394 E.00958
G1 X89.779 Y94.384 E.00529
G1 X85.636 Y90.242 E.1983
G2 X85.912 Y91.785 I4.952 J-.09 E.05328
G1 X91.846 Y85.851 E.28406
G1 X92.419 Y86.037 E.02039
G1 X92.275 Y86.314 E.01057
G1 X92.997 Y86.719 E.02802
M204 P2000
G1 X92.784 Y86.161 F10800
M204 P4000
;TYPE:Solid infill
;WIDTH:0.428378
G1 F1011
G1 X93.059 Y86.307 E.00998
;WIDTH:0.457892
G1 X93.334 Y86.453 E.01074
;WIDTH:0.500408
G1 X93.619 Y86.655 E.01329
;WIDTH:0.542924
G1 X93.904 Y86.857 E.01452
;WIDTH:0.548798
G1 X94.09 Y87.046 E.01115
G1 X94.381 Y87.72 E.03088
;WIDTH:0.507448
G1 X94.631 Y88.6 E.03534
;WIDTH:0.459764
G1 X94.755 Y89.426 E.02895
;WIDTH:0.433268
G1 X94.77 Y90.369 E.03061
;WIDTH:0.44048
G1 X94.723 Y90.876 E.01683
;WIDTH:0.44187
G1 X94.623 Y91.412 E.01809
;WIDTH:0.48875
G1 X94.371 Y92.293 E.03397
;WIDTH:0.522909
G1 X94.227 Y92.631 E.01466
;WIDTH:0.557068
G1 X94.084 Y92.97 E.01573
G1 X93.84 Y93.158 E.01317
;WIDTH:0.522858
G1 X93.597 Y93.347 E.01229
;WIDTH:0.488647
G1 X93.354 Y93.535 E.01139
;WIDTH:0.454436
G1 X93.109 Y93.672 E.0096
;WIDTH:0.426687
G1 X92.864 Y93.808 E.00894
M204 P2000
;LAYER_CHANGE
;Z:1.8
;HEIGHT:0.2
;BEFORE_LAYER_CHANGE
G92 E0.0
;1.8
M201 X3999.28 Y3999.28

G1 E-2.5 F4200
G1 Z1.8 F720
;AFTER_LAYER_CHANGE
;1.8
M74 W0.314272

G1 Z2
G1 X85.493 Y93.354 F10800
G1 Z1.8 F720
G1 E2.5 F2400
M204 P2500
;TYPE:Perimeter
;WIDTH:0.449999
G1 F961
G1 X85.492 Y93.353 E.00005
G1 X85.335 Y92.986 E.01351
G1 X85.152 Y92.456 E.01898
G1 X84.985 Y91.826 E.02206
G1 X84.891 Y91.334 E.01695
G1 X84.808 Y90.65 E.02332
G1 X84.783 Y90.116 E.0181
G1 X84.793 Y89.579 E.01818
G1 X84.838 Y89.046 E.01811
G1 X84.941 Y88.384 E.02268
G1 X85.195 Y87.409 E.0341
G1 X85.482 Y86.656 E.02728
G1 X85.954 Y86.33 E.01942
G1 X86.489 Y86.032 E.02073
G1 X87.133 Y85.744 E.02388
G1 X87.614 Y85.574 E.01727
G1 X88.234 Y85.407 E.02173
G1 X88.899 Y85.287 E.02287
G1 X89.545 Y85.223 E.02197
G1 X90.227 Y85.214 E.02309
G1 X90.879 Y85.257 E.02212
G1 X91.4 Y85.331 E.01781
G1 X91.909 Y85.44 E.01762
G1 X92.519 Y85.626 E.02159
G1 X93.04 Y85.82 E.01882
G1 X93.52 Y86.042 E.0179
G1 X93.984 Y86.297 E.01792
G1 X94.441 Y86.593 E.01843
G1 X94.533 Y86.703 E.00485
G1 X94.724 Y87.185 E.01755
G1 X94.887 Y87.692 E.01803
G1 X95.037 Y88.289 E.02084
G1 X95.124 Y88.795 E.01738
G1 X95.199 Y89.513 E.02444
G1 X95.214 Y90.037 E.01774
G1 X95.213 Y90.086 E.00166
G3 X95.099 Y91.31 I-8.118 J-.14 E.04165
G1 X94.943 Y92.104 E.02739
G1 X94.776 Y92.67 E.01997
G1 X94.512 Y93.351 E.02472
G1 X94.221 Y93.559 E.01211
G1 X93.694 Y93.873 E.02076
G1 X93.11 Y94.156 E.02197
G1 X92.381 Y94.428 E.02634
G1 X91.766 Y94.593 E.02155
G1 X91.101 Y94.713 E.02287
G1 X90.456 Y94.777 E.02194
G1 X89.649 Y94.783 E.02732
G1 X89.124 Y94.744 E.01782
G1 X88.6 Y94.669 E.01792
G1 X88.086 Y94.558 E.0178
G1 X87.584 Y94.415 E.01767
G1 X87.097 Y94.239 E.01753
G1 X86.628 Y94.034 E.01733
G1 X86.119 Y93.763 E.01952
G1 X85.543 Y93.387 E.02328
M204 P2000
G1 X85.162 Y93.618 F10800
;TYPE:External perimeter
G1 F961
G1 X84.955 Y93.133 E.01785
G1 X84.762 Y92.574 E.02002
G1 X84.588 Y91.917 E.02301
G1 X84.489 Y91.397 E.01792
G1 X84.402 Y90.684 E.02431
G1 X84.376 Y90.122 E.01904
G1 X84.386 Y89.558 E.01909
G1 X84.433 Y88.998 E.01902
G3 X84.715 Y87.638 I8.417 J1.035 E.04707
M73 Q6 S48
G1 X84.925 Y86.976 E.02351
G1 X85.159 Y86.385 E.02152
G1 X85.739 Y85.984 E.02387
G1 X86.307 Y85.667 E.02202
G1 X86.982 Y85.366 E.02502
G1 X87.493 Y85.185 E.01835
G1 X88.144 Y85.009 E.02283
G1 X88.843 Y84.883 E.02404
G1 X89.523 Y84.816 E.02313
G1 X90.238 Y84.807 E.0242
G1 X90.921 Y84.851 E.02317
G1 X91.472 Y84.93 E.01884
G1 X92.012 Y85.046 E.0187
G1 X92.802 Y85.287 E.02796
G1 X93.413 Y85.539 E.02237
G1 X93.93 Y85.798 E.01957
G1 X94.419 Y86.091 E.0193
G1 X94.837 Y86.38 E.0172
G1 X94.907 Y86.544 E.00604
G1 X95.109 Y87.052 E.0185
G1 X95.281 Y87.587 E.01902
G1 X95.437 Y88.213 E.02184
G1 X95.528 Y88.746 E.0183
G1 X95.606 Y89.494 E.02546
G1 X95.621 Y90.045 E.01866
G1 X95.617 Y90.282 E.00802
G3 X95.5 Y91.381 I-8.478 J-.346 E.03744
G1 X95.334 Y92.215 E.02878
G1 X95.157 Y92.812 E.02108
G1 X94.839 Y93.618 E.02933
G1 X94.444 Y93.9 E.01643
G1 X93.887 Y94.232 E.02195
G1 X93.27 Y94.531 E.02321
G1 X92.505 Y94.816 E.02763
G1 X91.856 Y94.991 E.02275
G1 X91.157 Y95.117 E.02404
G1 X90.478 Y95.184 E.02309
G1 X89.85 Y95.189 E.02126
G1 X89.254 Y95.162 E.02019
G1 X88.7 Y95.094 E.01889
G1 X88.144 Y94.987 E.01917
G1 X87.599 Y94.843 E.01908
G1 X87.069 Y94.662 E.01896
G1 X86.554 Y94.446 E.0189
G1 X86.058 Y94.196 E.0188
G1 X85.578 Y93.91 E.01891
G1 X85.211 Y93.653 E.01517
G1 X85.029 Y93.297 F10800
G1 E-2.5 F4200
G1 Z2 F720
G1 X87.056 Y93.863 F10800
G1 Z1.8 F720
G1 E2.5 F2400
M204 P4000
;TYPE:Solid infill
;WIDTH:0.440286
G1 F961
G1 X86.707 Y93.675 E.0131
;WIDTH:0.478562
G1 X86.358 Y93.487 E.01436
;WIDTH:0.512686
G1 X86.112 Y93.308 E.01188
;WIDTH:0.54681
G1 X85.866 Y93.128 E.01277
;WIDTH:0.552854
G1 X85.797 Y93.043 E.00464
G1 X85.66 Y92.715 E.01507
;WIDTH:0.527025
G1 X85.523 Y92.387 E.01431
;WIDTH:0.501196
G1 X85.36 Y91.848 E.02146
;WIDTH:0.47036
G1 X85.196 Y90.986 E.03119
;WIDTH:0.430312
G1 X85.12 Y90.111 E.02829
;WIDTH:0.447886
G3 X85.177 Y89.087 I15.085 J.333 E.03454
;WIDTH:0.45381
G1 X85.271 Y88.531 E.01927
;WIDTH:0.46917
G1 X85.425 Y87.937 E.02175
;WIDTH:0.513622
G1 X85.62 Y87.355 E.02402
;WIDTH:0.54331
G1 X85.857 Y86.874 E.02231
G1 X86.146 Y86.669 E.01474
;WIDTH:0.502328
G1 X86.436 Y86.464 E.01357
;WIDTH:0.461346
G1 X86.707 Y86.315 E.01076
;WIDTH:0.43091
G1 X86.977 Y86.165 E.00996
M204 P2000
G1 X86.925 Y86.645 F10800
M204 P4000
;TYPE:Internal infill
;WIDTH:0.45
G1 F961
G1 X87.482 Y86.304 E.02211
G1 X87.342 Y86.037 E.0102
G1 X88.103 Y85.8 E.02698
G1 X94.191 Y91.888 E.29143
G1 X93.82 Y92.805 E.03348
G1 X93.248 Y93.248 E.02449
G1 X86.752 Y86.752 E.31096
G1 X86.18 Y87.195 E.02449
G1 X85.809 Y88.112 E.03348
G1 X91.897 Y94.2 E.29143
G3 X90.173 Y94.433 I-1.79 J-6.739 E.05904
G1 X94.48 Y90.126 E.20617
G1 X94.485 Y89.915 E.00714
G1 X94.481 Y89.876 E.00133
G1 X90.166 Y85.561 E.20656
G1 X89.829 Y85.565 E.01141
G1 X85.52 Y89.874 E.20627
G1 X85.519 Y90.124 E.00846
G1 X89.83 Y94.436 E.20639
G3 X88.1 Y94.203 I.064 J-7.012 E.05924
G1 X94.189 Y88.114 E.29148
G2 X93.798 Y87.174 I-5.573 J1.767 E.0345
G1 X93.246 Y86.754 E.02348
G1 X86.754 Y93.246 E.31077
G1 X86.202 Y92.826 E.02348
G3 X85.811 Y91.886 I5.182 J-2.707 E.0345
G1 X91.898 Y85.799 E.29138
G1 X92.557 Y86 E.02332
G1 X92.424 Y86.279 E.01046
G1 X93.076 Y86.642 E.02526
M204 P2000
G1 X92.92 Y86.125 F10800
M204 P4000
;TYPE:Solid infill
;WIDTH:0.433077
G1 F961
G1 X93.176 Y86.259 E.00937
;WIDTH:0.46767
G1 X93.433 Y86.394 E.01025
;WIDTH:0.508124
G1 X93.784 Y86.632 E.0164
;WIDTH:0.548578
G1 X94.134 Y86.871 E.01782
;WIDTH:0.552518
G1 X94.203 Y86.957 E.00467
G1 X94.34 Y87.285 E.01506
;WIDTH:0.526844
G1 X94.477 Y87.613 E.0143
;WIDTH:0.50117
G1 X94.64 Y88.152 E.02146
;WIDTH:0.470358
G1 X94.804 Y89.014 E.03119
;WIDTH:0.430312
G1 X94.88 Y89.889 E.02829
;WIDTH:0.447884
G3 X94.824 Y90.904 I-15.317 J-.34 E.03424
;WIDTH:0.44177
G1 X94.724 Y91.468 E.019
;WIDTH:0.478708
G1 X94.579 Y92.064 E.02223
;WIDTH:0.513958
G1 X94.38 Y92.645 E.02405
;WIDTH:0.561186
G1 X94.188 Y93.084 E.02065
G1 X93.872 Y93.313 E.01682
;WIDTH:0.512304
G1 X93.556 Y93.543 E.01525
;WIDTH:0.463422
G1 X92.979 Y93.85 E.02285
;WIDTH:0.423202
G1 X92.92 Y93.877 E.00205
M204 P2000
;LAYER_CHANGE
;Z:2
;HEIGHT:0.2
;BEFORE_LAYER_CHANGE
G92 E0.0
;2
M201 X3999.24 Y3999.24

G1 E-2.5 F4200
G1 Z2 F720
;AFTER_LAYER_CHANGE
;2
M74 W0.332507

G1 Z2.2
G1 X85.373 Y93.438 F10800
G1 Z2 F720
G1 E2.5 F2400
M204 P2500
;TYPE:Perimeter
;WIDTH:0.449999
G1 F1037
G1 X85.235 Y93.099 E.01239
G1 X84.963 Y92.226 E.03095
G1 X84.846 Y91.677 E.019
G1 X84.756 Y91.11 E.01943
G1 X84.708 Y90.527 E.0198
G1 X84.687 Y89.955 E.01937
G1 X84.705 Y89.422 E.01805
G1 X84.758 Y88.878 E.0185
G1 X84.879 Y88.174 E.02418
G1 X85.12 Y87.243 E.03255
G1 X85.368 Y86.566 E.0244
G1 X85.727 Y86.328 E.01458
G1 X86.271 Y86.028 E.02103
G1 X87.149 Y85.651 E.03234
G1 X87.912 Y85.418 E.027
G1 X88.456 Y85.3 E.01884
G1 X88.992 Y85.219 E.01835
G1 X89.531 Y85.173 E.01831
G1 X90.336 Y85.166 E.02725
G1 X90.898 Y85.205 E.01907
G1 X91.434 Y85.279 E.01832
G1 X91.957 Y85.386 E.01807
G1 X92.735 Y85.612 E.02742
G1 X93.222 Y85.797 E.01763
G1 X93.695 Y86.012 E.01759
G1 X94.14 Y86.251 E.0171
G1 X94.629 Y86.567 E.01971
G1 X94.765 Y86.901 E.01221
G1 X94.945 Y87.479 E.02049
G1 X95.096 Y88.053 E.02009
G1 X95.2 Y88.582 E.01825
G1 X95.287 Y89.387 E.02741
G1 X95.313 Y90.045 E.02229
G1 X95.307 Y90.433 E.01313
G1 X95.263 Y90.98 E.01858
G3 X95.015 Y92.251 I-8.251 J-.952 E.04388
G1 X94.838 Y92.876 E.02199
G1 X94.633 Y93.43 E.01999
G1 X94.091 Y93.779 E.02182
G1 X93.614 Y94.025 E.01817
G1 X93.106 Y94.252 E.01883
G1 X92.328 Y94.517 E.02782
G1 X91.562 Y94.697 E.02663
G1 X91.012 Y94.78 E.01883
G1 X90.21 Y94.837 E.02722
G1 X89.645 Y94.834 E.01912
G1 X89.107 Y94.795 E.01826
G1 X88.3 Y94.671 E.02764
G1 X87.706 Y94.519 E.02075
G1 X87.176 Y94.346 E.01887
G1 X86.494 Y94.068 E.02493
G1 X86.004 Y93.828 E.01847
G1 X85.424 Y93.47 E.02307
M204 P2000
G1 X85.043 Y93.707 F10800
;TYPE:External perimeter
G1 F1037
G1 X84.851 Y93.236 E.01722
G1 X84.569 Y92.329 E.03215
G1 X84.417 Y91.62 E.02454
G1 X84.328 Y90.989 E.02157
G1 X84.277 Y90.147 E.02855
G1 X84.286 Y89.547 E.02031
G1 X84.332 Y88.974 E.01946
G1 X84.438 Y88.261 E.0244
G1 X84.669 Y87.33 E.03247
G1 X84.841 Y86.812 E.01847
G1 X85.041 Y86.295 E.01876
G1 X85.515 Y85.98 E.01926
G1 X86.092 Y85.662 E.0223
G1 X87.009 Y85.269 E.03377
G1 X87.809 Y85.024 E.02832
G1 X88.382 Y84.899 E.01985
G1 X88.944 Y84.815 E.01923
G1 X89.512 Y84.766 E.0193
G1 X90.348 Y84.759 E.0283
G1 X90.94 Y84.8 E.02009
G1 X91.503 Y84.877 E.01923
G1 X92.055 Y84.991 E.01908
G1 X92.864 Y85.226 E.02852
G1 X93.379 Y85.421 E.01864
G1 X93.875 Y85.647 E.01845
G1 X94.347 Y85.9 E.01813
G1 X94.958 Y86.295 E.02463
G1 X95.149 Y86.764 E.01714
G1 X95.431 Y87.671 E.03215
G1 X95.552 Y88.237 E.01959
G1 X95.647 Y88.833 E.02043
G1 X95.693 Y89.362 E.01797
G1 X95.72 Y90.052 E.02337
G1 X95.714 Y90.453 E.01357
G1 X95.668 Y91.026 E.01946
G3 X95.41 Y92.349 I-8.593 J-.988 E.04567
G1 X95.222 Y93.012 E.02333
G1 X94.96 Y93.704 E.02505
G1 X94.295 Y94.131 E.02675
G1 X93.801 Y94.387 E.01883
G1 X93.253 Y94.632 E.02032
G1 X92.44 Y94.909 E.02907
G1 X91.639 Y95.097 E.02785
G1 X91.057 Y95.185 E.01992
G1 X90.223 Y95.244 E.0283
G1 X89.629 Y95.241 E.02011
G1 X89.062 Y95.2 E.01924
G1 X88.219 Y95.07 E.02887
G1 X87.402 Y94.861 E.02854
G1 X86.621 Y94.578 E.02812
G1 X85.971 Y94.27 E.02435
G1 X85.464 Y93.986 E.01967
G1 X85.093 Y93.74 E.01507
G1 X84.914 Y93.382 F10800
G1 E-2.5 F4200
G1 Z2.2 F720
G1 X86.847 Y93.431 F10800
G1 Z2 F720
G1 E2.5 F2400
M204 P4000
;TYPE:Internal infill
;WIDTH:0.45
G1 F1037
G1 X87.457 Y93.741 E.02316
G1 X87.333 Y94.035 E.0108
G1 X88.053 Y94.25 E.02543
G1 X94.283 Y88.019 E.29825
G1 X94.03 Y87.313 E.02539
G2 X93.753 Y86.956 I-.597 J.177 E.01565
G1 X93.325 Y86.675 E.01733
G1 X86.671 Y93.329 E.31852
G1 X86.254 Y93.051 E.01696
G3 X85.97 Y92.687 I.325 J-.548 E.01599
G1 X85.717 Y91.981 E.02539
G1 X91.952 Y85.745 E.29849
G2 X90.119 Y85.514 I-1.831 J7.146 E.0627
G1 X94.583 Y89.978 E.21369
G1 X94.582 Y90.023 E.00152
G1 X90.115 Y94.491 E.21386
G1 X89.884 Y94.489 E.00782
G1 X85.417 Y90.022 E.21383
G1 X85.418 Y89.977 E.00152
G1 X89.878 Y85.516 E.21352
G2 X88.046 Y85.743 I.019 J7.661 E.06264
M73 P7 R48
G1 X94.283 Y91.98 E.29856
G1 X93.93 Y92.896 E.03323
G1 X93.327 Y93.327 E.02509
G1 X86.672 Y86.672 E.31857
G1 X86.088 Y87.084 E.02419
M73 Q7 S48
G2 X85.717 Y88.02 I5.458 J2.704 E.03412
G1 X91.948 Y94.251 E.29827
G1 X92.661 Y94.038 E.02519
G1 X92.529 Y93.755 E.01057
G1 X93.153 Y93.433 E.02377
M204 P2000
G1 E-2.5 F4200
G1 Z2.2 F720
G1 X93.02 Y86.068 F10800
G1 Z2 F720
G1 E2.5 F2400
M204 P4000
;TYPE:Solid infill
;WIDTH:0.42671
G1 F1037
G1 X93.279 Y86.197 E.00923
;WIDTH:0.460336
G1 X93.537 Y86.326 E.01001
;WIDTH:0.488383
G1 X93.872 Y86.541 E.01474
;WIDTH:0.51643
G1 X94.208 Y86.756 E.01571
;WIDTH:0.555506
G1 X94.302 Y86.834 E.00521
G1 X94.462 Y87.254 E.01916
;WIDTH:0.518352
G1 X94.622 Y87.673 E.01773
;WIDTH:0.481198
G1 X94.784 Y88.266 E.0224
;WIDTH:0.458776
G1 X94.89 Y88.829 E.01981
;WIDTH:0.440688
G1 X94.98 Y89.87 E.03456
;WIDTH:0.447644
G3 X94.923 Y90.941 I-15.293 J-.278 E.0361
;WIDTH:0.471252
G1 X94.812 Y91.591 E.02349
;WIDTH:0.493994
G1 X94.59 Y92.436 E.03277
;WIDTH:0.526507
G1 X94.452 Y92.79 E.01528
;WIDTH:0.55902
G1 X94.315 Y93.144 E.01629
G1 X94.11 Y93.301 E.01108
;WIDTH:0.528446
G1 X93.906 Y93.458 E.01039
;WIDTH:0.497872
G1 X93.382 Y93.754 E.02277
;WIDTH:0.452548
G1 X93.033 Y93.924 E.01322
M204 P2000
G1 E-2.5 F4200
G1 Z2.2 F720
G1 X86.964 Y86.082 F10800
G1 Z2 F720
G1 E2.5 F2400
M204 P4000
;WIDTH:0.430357
G1 F1037
G1 X86.696 Y86.211 E.00958
;WIDTH:0.456908
G1 X86.428 Y86.341 E.01025
;WIDTH:0.496655
G1 X86.091 Y86.564 E.01525
;WIDTH:0.536402
G1 X85.755 Y86.787 E.01655
;WIDTH:0.556016
G1 X85.678 Y86.873 E.00492
G1 X85.451 Y87.444 E.02622
;WIDTH:0.515584
G1 X85.348 Y87.798 E.01449
;WIDTH:0.487189
G1 X85.246 Y88.151 E.01357
;WIDTH:0.458794
G1 X85.077 Y89.059 E.03194
;WIDTH:0.447642
G2 X85.019 Y90.093 I15.883 J1.402 E.03486
;WIDTH:0.452344
G1 X85.079 Y90.913 E.02799
;WIDTH:0.46057
G1 X85.164 Y91.487 E.02015
;WIDTH:0.488422
G1 X85.317 Y92.131 E.02452
;WIDTH:0.505762
G1 X85.568 Y92.854 E.02945
;WIDTH:0.531169
G1 X85.635 Y93.014 E.00704
;WIDTH:0.556576
G1 X85.702 Y93.174 E.00741
G1 X85.972 Y93.361 E.01403
;WIDTH:0.51895
G1 X86.242 Y93.547 E.01298
;WIDTH:0.481324
G1 X86.606 Y93.733 E.0149
;WIDTH:0.438641
G1 X86.969 Y93.919 E.01342
M204 P2000
;LAYER_CHANGE
;Z:2.2
;HEIGHT:0.2
;BEFORE_LAYER_CHANGE
G92 E0.0
;2.2
M201 X3999.19 Y3999.19

G1 E-2.5 F4200
G1 Z2.2 F720
;AFTER_LAYER_CHANGE
;2.2
M74 W0.351122

G1 Z2.4
G1 X85.255 Y93.522 F10800
G1 Z2.2 F720
G1 E2.5 F2400
M204 P2500
;TYPE:Perimeter
;WIDTH:0.449999
G1 F1073
G1 X85.087 Y93.078 E.01607
G1 X84.912 Y92.501 E.02041
G1 X84.778 Y91.93 E.01985
G1 X84.665 Y91.25 E.02333
G1 X84.603 Y90.613 E.02166
G1 X84.584 Y89.835 E.02634
G1 X84.61 Y89.275 E.01898
G1 X84.679 Y88.646 E.02142
G1 X84.887 Y87.598 E.03617
G1 X85.068 Y86.985 E.02163
G1 X85.256 Y86.479 E.01827
G1 X85.677 Y86.216 E.0168
G1 X86.248 Y85.925 E.02169
G1 X86.914 Y85.649 E.0244
G1 X87.42 Y85.481 E.01805
G1 X88.151 Y85.298 E.02551
G1 X88.688 Y85.204 E.01845
G1 X89.332 Y85.141 E.0219
G1 X90.023 Y85.114 E.02341
G1 X90.636 Y85.131 E.02076
G1 X91.473 Y85.227 E.02852
G1 X92.009 Y85.332 E.01849
G1 X92.539 Y85.471 E.01855
G1 X93.049 Y85.638 E.01816
G1 X93.795 Y85.947 E.02733
G1 X94.251 Y86.179 E.01732
G1 X94.746 Y86.481 E.01963
G1 X94.953 Y87.053 E.02059
G1 X95.105 Y87.572 E.01831
G1 X95.264 Y88.32 E.02588
G1 X95.349 Y88.887 E.01941
G1 X95.401 Y89.547 E.02241
G1 X95.416 Y90.165 E.02092
G1 X95.39 Y90.725 E.01898
G1 X95.321 Y91.354 E.02142
G1 X95.113 Y92.402 E.03617
G1 X94.932 Y93.015 E.02163
G1 X94.744 Y93.521 E.01827
G1 X94.323 Y93.784 E.0168
G1 X93.752 Y94.075 E.02169
G1 X93.089 Y94.35 E.0243
G1 X92.384 Y94.574 E.02504
G1 X91.781 Y94.716 E.02097
G1 X91.033 Y94.832 E.02562
G1 X90.192 Y94.888 E.02853
G1 X89.642 Y94.884 E.01862
G1 X88.805 Y94.814 E.02843
G1 X87.986 Y94.666 E.02817
G1 X87.347 Y94.492 E.02242
G1 X86.85 Y94.322 E.01778
G1 X86.373 Y94.128 E.01743
G1 X85.92 Y93.911 E.017
G1 X85.306 Y93.553 E.02406
M204 P2000
G1 X84.924 Y93.795 F10800
;TYPE:External perimeter
G1 F1073
G1 X84.701 Y93.209 E.02122
G1 X84.519 Y92.606 E.02132
G1 X84.379 Y92.01 E.02072
G1 X84.261 Y91.303 E.02426
G1 X84.196 Y90.637 E.02265
G1 X84.177 Y89.831 E.02729
G1 X84.204 Y89.243 E.01992
G1 X84.276 Y88.584 E.02244
G1 X84.491 Y87.501 E.03737
G1 X84.695 Y86.809 E.02442
G1 X84.924 Y86.206 E.02183
G1 X85.477 Y85.862 E.02204
G1 X86.077 Y85.555 E.02281
G1 X86.772 Y85.267 E.02546
G1 X87.307 Y85.09 E.01907
G1 X88.066 Y84.899 E.02649
G1 X88.633 Y84.8 E.01948
G1 X89.504 Y84.715 E.02962
G1 X90.167 Y84.704 E.02244
G1 X90.667 Y84.724 E.01694
G1 X91.536 Y84.825 E.02961
G1 X92.1 Y84.935 E.01945
G1 X92.654 Y85.08 E.01938
G1 X93.191 Y85.256 E.01913
G1 X93.966 Y85.577 E.02839
G1 X94.45 Y85.823 E.01838
G1 X95.077 Y86.207 E.02489
G1 X95.343 Y86.936 E.02627
G1 X95.501 Y87.479 E.01914
G1 X95.665 Y88.253 E.02678
G1 X95.754 Y88.847 E.02033
G1 X95.808 Y89.537 E.02343
G1 X95.823 Y90.169 E.0214
G1 X95.796 Y90.757 E.01992
G1 X95.724 Y91.416 E.02244
G1 X95.509 Y92.499 E.03737
G1 X95.305 Y93.191 E.02442
G1 X95.076 Y93.794 E.02183
G1 X94.523 Y94.138 E.02204
G1 X93.923 Y94.445 E.02281
G1 X93.229 Y94.733 E.02543
G1 X92.492 Y94.967 E.02617
G1 X91.858 Y95.116 E.02204
G1 X91.078 Y95.237 E.02672
G1 X90.204 Y95.295 E.02965
G1 X89.623 Y95.291 E.01967
G1 X88.752 Y95.218 E.02959
G1 X87.898 Y95.064 E.02937
G1 X87.346 Y94.92 E.01931
G1 X86.808 Y94.744 E.01916
G1 X86.288 Y94.537 E.01894
G1 X85.789 Y94.303 E.01866
G1 X85.35 Y94.063 E.01694
G1 X84.975 Y93.827 E.015
G1 X84.803 Y93.466 F10800
G1 E-2.5 F4200
G1 Z2.4 F720
G1 X86.77 Y93.508 F10800
G1 Z2.2 F720
G1 E2.5 F2400
M204 P4000
;TYPE:Internal infill
;WIDTH:0.45
G1 F1073
G1 X87.335 Y93.792 E.0214
G1 X87.205 Y94.081 E.01073
G1 X87.992 Y94.311 E.02775
G1 X94.376 Y87.927 E.3056
G1 X94.175 Y87.311 E.02193
G2 X93.882 Y86.889 I-.647 J.136 E.01786
G1 X93.406 Y86.594 E.01896
G1 X86.594 Y93.406 E.32609
G1 X86.118 Y93.111 E.01896
G3 X85.825 Y92.689 I.354 J-.558 E.01786
G1 X85.624 Y92.073 E.02193
G1 X92.008 Y85.689 E.3056
G1 X92.777 Y85.913 E.02711
G1 X92.643 Y86.212 E.01109
G1 X93.229 Y86.494 E.02201
M204 P2000
G1 X93.146 Y86.028 F10800
M204 P4000
;TYPE:Solid infill
;WIDTH:0.429342
G1 F1073
G1 X93.398 Y86.146 E.00894
;WIDTH:0.45487
G1 X93.649 Y86.264 E.0095
;WIDTH:0.49579
G1 X94.113 Y86.526 E.02007
;WIDTH:0.52392
G1 X94.265 Y86.636 E.0075
;WIDTH:0.55205
G1 X94.418 Y86.746 E.00798
G1 X94.573 Y87.166 E.01895
;WIDTH:0.52297
G1 X94.729 Y87.586 E.01788
;WIDTH:0.49389
G1 X94.867 Y88.141 E.02145
;WIDTH:0.481772
G1 X94.989 Y88.796 E.02431
;WIDTH:0.456062
G1 X95.06 Y89.408 E.02116
;WIDTH:0.441716
G1 X95.074 Y90.161 E.02497
;WIDTH:0.44506
G1 X95.047 Y90.698 E.01798
;WIDTH:0.462334
G3 X94.863 Y91.874 I-10.854 J-1.101 E.04153
;WIDTH:0.484863
G1 X94.731 Y92.341 E.01783
;WIDTH:0.514972
G1 X94.599 Y92.808 E.01905
;WIDTH:0.554624
G1 X94.422 Y93.248 E.02018
G1 X94.212 Y93.39 E.01079
;WIDTH:0.510071
G1 X94.001 Y93.533 E.0099
;WIDTH:0.465518
G1 X93.474 Y93.829 E.02124
;WIDTH:0.425468
G1 X93.151 Y93.975 E.01128
M204 P2000
G1 X93.232 Y93.509 F10800
M204 P4000
;TYPE:Internal infill
;WIDTH:0.45
G1 F1073
G1 X92.648 Y93.792 E.02197
G1 X92.78 Y94.085 E.01088
G1 X92.005 Y94.308 E.0273
G1 X85.627 Y87.93 E.30531
G1 X85.818 Y87.331 E.02128
G3 X86.245 Y86.801 I.794 J.202 E.02376
G1 X86.592 Y86.592 E.01371
G1 X93.408 Y93.408 E.32628
G1 X93.755 Y93.199 E.01371
G2 X94.182 Y92.669 I-.367 J-.732 E.02376
G1 X94.373 Y92.07 E.02128
G1 X87.996 Y85.693 E.30526
G1 X87.205 Y85.917 E.02783
G1 X87.338 Y86.213 E.01098
G1 X86.768 Y86.49 E.02145
M204 P2000
G1 E-2.5 F4200
G1 Z2.4 F720
G1 X86.839 Y93.969 F10800
G1 Z2.2 F720
G1 E2.5 F2400
M204 P4000
;TYPE:Solid infill
;WIDTH:0.437893
G1 F1073
G1 X86.487 Y93.793 E.01292
;WIDTH:0.479344
G1 X86.134 Y93.617 E.01431
;WIDTH:0.510997
G1 X85.881 Y93.456 E.01167
;WIDTH:0.54265
G1 X85.628 Y93.296 E.01244
G1 X85.555 Y93.193 E.00525
;WIDTH:0.539372
G1 X85.271 Y92.414 E.03423
;WIDTH:0.493886
G1 X85.133 Y91.859 E.02145
;WIDTH:0.481778
G1 X85.011 Y91.204 E.02431
;WIDTH:0.456066
G1 X84.94 Y90.592 E.02117
;WIDTH:0.441716
G1 X84.926 Y89.839 E.02497
;WIDTH:0.445058
G1 X84.953 Y89.302 E.01798
;WIDTH:0.462336
G3 X85.137 Y88.126 I10.854 J1.101 E.04153
;WIDTH:0.484866
G1 X85.269 Y87.659 E.01783
;WIDTH:0.514976
G1 X85.401 Y87.192 E.01905
;WIDTH:0.554624
G1 X85.578 Y86.752 E.02018
G1 X85.792 Y86.608 E.01097
;WIDTH:0.509716
G1 X86.006 Y86.463 E.01003
;WIDTH:0.464808
G1 X86.419 Y86.25 E.0163
;WIDTH:0.438518
G1 X86.833 Y86.036 E.01533
M204 P2000
G1 E-2.5 F4200
G1 Z2.4 F720
G1 X94.426 Y88.124 F10800
G1 Z2.2 F720
G1 E2.5 F2400
M204 P4000
;TYPE:Internal infill
;WIDTH:0.45
G1 F1073
G3 X94.684 Y89.921 I-6.899 J1.91 E.06162
G1 X90.064 Y94.541 E.22116
G1 X89.935 Y94.54 E.00437
G1 X85.319 Y89.924 E.22097
G1 X85.316 Y90.079 E.00525
G1 X89.929 Y85.465 E.22085
G1 X90.07 Y85.465 E.00477
G1 X94.681 Y90.076 E.22073
G3 X94.434 Y91.876 I-7.357 J-.093 E.06166
M204 P2000
;LAYER_CHANGE
;Z:2.4
;HEIGHT:0.2
;BEFORE_LAYER_CHANGE
G92 E0.0
;2.4
M201 X3999.15 Y3999.15

G1 E-2.5 F4200
G1 Z2.4 F720
;AFTER_LAYER_CHANGE
;2.4
M74 W0.370482

G1 Z2.6
G1 X85.14 Y93.606 F10800
G1 Z2.4 F720
G1 E2.5 F2400
M204 P2500
;TYPE:Perimeter
;WIDTH:0.449999
G1 F1070
G1 X85.133 Y93.602 E.00027
G1 X85.04 Y93.352 E.00903
G1 X84.746 Y92.318 E.03639
G1 X84.58 Y91.407 E.03134
G1 X84.52 Y90.834 E.0195
G1 X84.486 Y90.235 E.02031
G1 X84.493 Y89.543 E.02342
G1 X84.534 Y88.969 E.01948
G1 X84.633 Y88.247 E.02467
G1 X84.779 Y87.542 E.02437
G1 X84.959 Y86.899 E.0226
G1 X85.139 Y86.391 E.01824
G1 X85.438 Y86.212 E.0118
G1 X86.147 Y85.865 E.02672
G1 X86.665 Y85.65 E.01898
G1 X87.463 Y85.394 E.02837
G1 X87.999 Y85.266 E.01865
G1 X88.839 Y85.129 E.02881
G1 X89.796 Y85.062 E.03247
G1 X90.949 Y85.104 E.03905
G1 X91.503 Y85.174 E.0189
G1 X92.053 Y85.277 E.01894
G1 X92.87 Y85.493 E.0286
G1 X93.386 Y85.671 E.01848
G1 X93.887 Y85.877 E.01834
G1 X94.362 Y86.106 E.01785
G1 X94.867 Y86.398 E.01975
G1 X95.05 Y86.943 E.01946
G1 X95.2 Y87.465 E.01838
G1 X95.318 Y87.988 E.01815
G1 X95.406 Y88.528 E.01852
G1 X95.49 Y89.371 E.02868
G1 X95.516 Y90.167 E.02696
G1 X95.465 Y91.03 E.02926
G1 X95.3 Y92.108 E.03691
G1 X95.041 Y93.097 E.03461
G1 X94.863 Y93.605 E.01822
G1 X94.373 Y93.89 E.01919
G1 X93.322 Y94.355 E.0389
G1 X92.712 Y94.556 E.02174
G1 X91.996 Y94.735 E.02498
G1 X91.336 Y94.849 E.02267
G1 X90.772 Y94.91 E.0192
G1 X90.201 Y94.938 E.01935
G1 X89.629 Y94.934 E.01936
G1 X89.06 Y94.897 E.0193
G1 X88.497 Y94.826 E.01921
G1 X87.947 Y94.723 E.01894
G1 X87.13 Y94.507 E.0286
G1 X86.614 Y94.329 E.01848
G1 X86.113 Y94.123 E.01834
G1 X85.638 Y93.894 E.01785
G1 X85.192 Y93.636 E.01744
M204 P2000
G1 X84.805 Y93.882 F10800
;TYPE:External perimeter
G1 F1070
G1 X84.803 Y93.881 E.00008
G1 X84.653 Y93.478 E.01456
G1 X84.349 Y92.41 E.03759
G1 X84.177 Y91.465 E.03251
G1 X84.115 Y90.876 E.02005
G1 X84.079 Y90.242 E.02149
G1 X84.086 Y89.526 E.02424
G1 X84.129 Y88.927 E.02033
G1 X84.231 Y88.178 E.02559
G1 X84.383 Y87.445 E.02534
G1 X84.583 Y86.733 E.02503
G1 X84.805 Y86.117 E.02216
G1 X85.243 Y85.854 E.01729
G1 X85.968 Y85.499 E.02732
G1 X86.527 Y85.266 E.0205
G1 X87.353 Y85.002 E.02935
G1 X87.918 Y84.867 E.01966
G1 X88.792 Y84.725 E.02997
G1 X89.79 Y84.655 E.03386
G1 X90.981 Y84.698 E.04034
G1 X91.566 Y84.771 E.01996
G1 X92.142 Y84.879 E.01984
G1 X92.989 Y85.104 E.02966
G1 X93.53 Y85.29 E.01936
G1 X94.053 Y85.505 E.01914
G1 X94.553 Y85.746 E.01879
G1 X95.197 Y86.119 E.02519
G1 X95.439 Y86.825 E.02526
M73 P7 R47
G1 X95.596 Y87.372 E.01926
G1 X95.718 Y87.915 E.01884
G1 X95.81 Y88.48 E.01938
G1 X95.897 Y89.358 E.02986
G1 X95.923 Y90.172 E.02757
G1 X95.871 Y91.073 E.03055
G1 X95.699 Y92.191 E.03829
G1 X95.416 Y93.268 E.03769
G1 X95.196 Y93.882 E.02208
G1 X94.558 Y94.253 E.02498
G1 X93.468 Y94.735 E.04034
G1 X92.826 Y94.947 E.02289
G1 X92.08 Y95.134 E.02603
G1 X91.393 Y95.252 E.02359
G1 X90.804 Y95.316 E.02005
G1 X90.21 Y95.346 E.02013
G1 X89.614 Y95.341 E.02017
G1 X89.022 Y95.302 E.02008
G1 X88.434 Y95.229 E.02006
G1 X87.858 Y95.121 E.01984
G1 X87.011 Y94.896 E.02966
G1 X86.47 Y94.71 E.01936
G1 X85.947 Y94.495 E.01914
G1 X85.447 Y94.254 E.01879
G1 X84.857 Y93.912 E.02308
G1 X84.684 Y93.552 F10800
G1 E-2.5 F4200
G1 Z2.6 F720
G1 X86.832 Y93.652 F10800
G1 Z2.4 F720
G1 E2.5 F2400
M204 P4000
;TYPE:Internal infill
;WIDTH:0.45
G1 F1070
G1 X87.194 Y93.811 E.01338
G1 X87.107 Y94.015 E.00751
G1 X87.28 Y94.189 E.00831
G1 X87.94 Y94.363 E.0231
G1 X94.476 Y87.826 E.3129
G1 X94.359 Y87.451 E.0133
G1 X93.344 Y86.436 E.04859
G1 X93.488 Y86.512 E.00551
G1 X86.513 Y93.487 E.33389
G1 X86.651 Y93.56 E.00528
G1 X85.641 Y92.549 E.04837
G1 X85.524 Y92.174 E.0133
G1 X92.06 Y85.637 E.3129
G1 X92.72 Y85.811 E.0231
G1 X92.835 Y85.927 E.00553
G1 X92.738 Y86.146 E.00811
G1 X93.16 Y86.348 E.01584
M204 P2000
G1 X93.234 Y85.963 F10800
M204 P4000
;TYPE:Solid infill
;WIDTH:0.423926
G1 F1070
G1 X93.491 Y86.079 E.00893
;WIDTH:0.453432
G1 X93.747 Y86.196 E.00961
;WIDTH:0.503322
G1 X94.188 Y86.436 E.01922
;WIDTH:0.531464
G1 X94.362 Y86.553 E.00852
;WIDTH:0.559606
G1 X94.536 Y86.67 E.00901
G1 X94.674 Y87.056 E.01761
;WIDTH:0.529761
G1 X94.813 Y87.442 E.01661
;WIDTH:0.499916
G1 X94.942 Y87.968 E.02058
;WIDTH:0.489394
G1 X95.006 Y88.311 E.01295
;WIDTH:0.458833
G1 X95.07 Y88.654 E.01207
;WIDTH:0.438438
G3 X95.176 Y89.875 I-8.739 J1.372 E.04034
;WIDTH:0.42252
G1 X95.169 Y90.41 E.01689
;WIDTH:0.434902
G1 X95.132 Y90.931 E.01702
;WIDTH:0.462776
G1 X94.97 Y91.936 E.03554
;WIDTH:0.483942
G1 X94.803 Y92.573 E.02415
;WIDTH:0.511504
G1 X94.686 Y92.919 E.01423
;WIDTH:0.539066
G1 X94.57 Y93.265 E.01505
G1 X94.491 Y93.371 E.00545
;WIDTH:0.536372
G1 X94.206 Y93.563 E.0141
;WIDTH:0.490886
G1 X93.946 Y93.697 E.0109
;WIDTH:0.455452
G1 X93.685 Y93.832 E.01008
;WIDTH:0.420018
G1 X93.311 Y94.006 E.01293
M204 P2000
G1 X93.164 Y93.65 F10800
M204 P4000
;TYPE:Internal infill
;WIDTH:0.45
G1 F1070
G1 X92.803 Y93.825 E.01358
G1 X92.892 Y94.016 E.00713
G3 X92.616 Y94.224 I-.43 J-.284 E.01193
G1 X92.06 Y94.363 E.0194
G1 X85.531 Y87.833 E.31256
G1 X85.641 Y87.45 E.01349
G1 X86.663 Y86.429 E.0489
G1 X86.513 Y86.513 E.00582
G1 X93.491 Y93.491 E.33403
G1 X93.347 Y93.561 E.00542
G1 X94.359 Y92.549 E.04844
G1 X94.475 Y92.172 E.01335
G1 X87.939 Y85.636 E.31287
G1 X87.556 Y85.728 E.01333
G2 X87.208 Y85.884 I.074 J.631 E.01311
G1 X87.314 Y86.135 E.00922
G1 X86.848 Y86.344 E.01729
M204 P2000
G1 X86.821 Y85.941 F10800
M204 P4000
;TYPE:Solid infill
;WIDTH:0.422659
G1 F1070
G1 X86.396 Y86.145 E.01489
;WIDTH:0.452162
G1 X85.971 Y86.348 E.01603
;WIDTH:0.493739
G1 X85.743 Y86.489 E.01005
;WIDTH:0.535316
G1 X85.514 Y86.631 E.01103
;WIDTH:0.53944
G1 X85.428 Y86.741 E.00576
G1 X85.2 Y87.402 E.02887
;WIDTH:0.494744
G1 X84.98 Y88.306 E.03495
;WIDTH:0.463268
G1 X84.874 Y89.004 E.02468
;WIDTH:0.440532
G1 X84.829 Y89.555 E.01828
;WIDTH:0.431254
G1 X84.827 Y90.112 E.01799
;WIDTH:0.430956
G1 X84.842 Y90.643 E.01714
;WIDTH:0.44572
G1 X84.917 Y91.326 E.02301
;WIDTH:0.491756
G1 X85.104 Y92.235 E.03464
;WIDTH:0.51245
G1 X85.327 Y92.984 E.03051
;WIDTH:0.559654
G1 X85.462 Y93.329 E.01592
G1 X85.702 Y93.477 E.01212
;WIDTH:0.522722
G1 X85.941 Y93.624 E.01119
;WIDTH:0.485789
G1 X86.181 Y93.772 E.01038
;WIDTH:0.448856
G1 X86.693 Y94.004 E.01897
M204 P2000
G1 E-2.5 F4200
G1 Z2.6 F720
G1 X94.53 Y91.976 F10800
G1 Z2.4 F720
G1 E2.5 F2400
M204 P4000
;TYPE:Internal infill
;WIDTH:0.45
G1 F1070
G2 X94.78 Y90.174 I-7.895 J-2.011 E.06171
G1 X90.022 Y85.417 E.22774
G1 X89.979 Y85.415 E.00146
G1 X85.218 Y90.176 E.22791
G1 X85.215 Y90.11 E.00224
G1 X85.22 Y89.826 E.00961
G1 X90.015 Y94.591 E.22882
G1 X94.782 Y89.824 E.22819
G2 X94.528 Y88.023 I-7.775 J.176 E.06171
M204 P2000
;LAYER_CHANGE
;Z:2.6
;HEIGHT:0.2
;BEFORE_LAYER_CHANGE
G92 E0.0
;2.6
M201 X3999.1 Y3999.1

G1 E-2.5 F4200
G1 Z2.6 F720
;AFTER_LAYER_CHANGE
;2.6
M74 W0.390228

G1 Z2.8
G1 X85.021 Y93.69 F10800
G1 Z2.6 F720
G1 E2.5 F2400
M204 P2500
;TYPE:Perimeter
;WIDTH:0.449999
G1 F1135
G1 X85.017 Y93.688 E.00015
G1 X84.892 Y93.327 E.01293
G1 X84.64 Y92.375 E.03333
G1 X84.51 Y91.671 E.02423
G1 X84.43 Y91.018 E.02227
G1 X84.391 Y90.426 E.02008
G1 X84.384 Y89.831 E.02014
G1 X84.409 Y89.238 E.02009
G1 X84.475 Y88.572 E.02265
G1 X84.595 Y87.839 E.02514
G1 X84.76 Y87.13 E.02464
G1 X85.024 Y86.31 E.02916
G1 X85.598 Y85.998 E.02211
G1 X86.211 Y85.728 E.02267
G1 X86.958 Y85.464 E.02682
G1 X87.501 Y85.312 E.01909
G1 X88.057 Y85.191 E.01926
G1 X88.921 Y85.066 E.02955
G1 X89.799 Y85.011 E.02978
G1 X90.379 Y85.016 E.01963
G1 X90.961 Y85.052 E.01974
G1 X91.537 Y85.121 E.01964
G1 X92.1 Y85.222 E.01936
G1 X92.937 Y85.434 E.02923
G1 X93.467 Y85.608 E.01888
G1 X93.983 Y85.809 E.01874
G1 X94.473 Y86.034 E.01825
G1 X94.983 Y86.312 E.01966
G1 X95.108 Y86.673 E.01293
G1 X95.274 Y87.298 E.02189
G1 X95.411 Y87.897 E.0208
G1 X95.506 Y88.456 E.01919
G1 X95.578 Y89.099 E.0219
G1 X95.611 Y89.7 E.02037
G1 X95.616 Y90.169 E.01588
G1 X95.591 Y90.762 E.02009
G1 X95.525 Y91.428 E.02265
G1 X95.405 Y92.161 E.02514
G1 X95.24 Y92.87 E.02464
G1 X94.975 Y93.694 E.0293
G1 X94.603 Y93.902 E.01443
G1 X93.998 Y94.185 E.02261
G1 X93.31 Y94.449 E.02494
G1 X92.774 Y94.615 E.01899
G1 X92.225 Y94.752 E.01915
G1 X91.364 Y94.901 E.02958
G1 X90.793 Y94.96 E.01943
G3 X89.33 Y94.97 I-.823 J-13.266 E.04955
G1 X88.75 Y94.917 E.01971
G1 X88.183 Y94.833 E.0194
G1 X87.336 Y94.644 E.02937
G1 X86.802 Y94.485 E.01886
G1 X86.013 Y94.189 E.02852
G1 X85.527 Y93.966 E.0181
G1 X85.074 Y93.719 E.01746
M204 P2000
G1 X84.686 Y93.97 F10800
;TYPE:External perimeter
G1 F1135
G1 X84.684 Y93.969 E.00008
G1 X84.503 Y93.446 E.01873
G1 X84.242 Y92.464 E.03439
G1 X84.107 Y91.733 E.02516
G1 X84.024 Y91.056 E.02309
G1 X83.984 Y90.441 E.02086
G1 X83.976 Y89.825 E.02085
G1 X84.003 Y89.209 E.02087
G1 X84.071 Y88.519 E.02347
G1 X84.195 Y87.761 E.026
G1 X84.367 Y87.021 E.02572
G1 X84.686 Y86.03 E.03524
G1 X85.418 Y85.633 E.02819
G1 X86.06 Y85.35 E.02375
G1 X86.836 Y85.075 E.02787
G1 X87.403 Y84.917 E.01992
G1 X87.984 Y84.79 E.02013
G1 X88.879 Y84.66 E.03061
G1 X89.788 Y84.604 E.03083
G1 X90.393 Y84.609 E.02048
G1 X90.998 Y84.647 E.02052
G1 X91.597 Y84.718 E.02042
G1 X92.186 Y84.824 E.02026
G1 X93.051 Y85.042 E.03019
G1 X93.605 Y85.224 E.01974
G1 X94.142 Y85.434 E.01952
G1 X94.656 Y85.669 E.01913
G1 X95.316 Y86.031 E.02548
G1 X95.497 Y86.554 E.01873
G1 X95.667 Y87.194 E.02241
G1 X95.811 Y87.823 E.02184
G1 X95.91 Y88.406 E.02002
G1 X95.984 Y89.073 E.02272
G1 X96.018 Y89.695 E.02109
G1 X96.024 Y90.175 E.01625
G1 X95.997 Y90.791 E.02087
G1 X95.929 Y91.481 E.02347
G1 X95.805 Y92.239 E.026
G1 X95.633 Y92.979 E.02572
G1 X95.313 Y93.972 E.03531
G1 X94.789 Y94.264 E.0203
M73 P8 R47
G1 X94.158 Y94.56 E.02359
G1 X93.443 Y94.834 E.02592
G1 X92.883 Y95.008 E.01985
G1 X92.309 Y95.15 E.02001
G1 X91.42 Y95.305 E.03055
G1 X90.821 Y95.367 E.02038
G1 X89.909 Y95.398 E.03089
G1 X89.304 Y95.377 E.02049
G1 X88.702 Y95.322 E.02046
G1 X88.108 Y95.233 E.02033
G1 X87.233 Y95.038 E.03034
G1 X86.672 Y94.871 E.01981
G1 X85.857 Y94.565 E.02947
G1 X85.344 Y94.331 E.01909
G1 X84.738 Y93.999 E.02339
G1 X84.573 Y93.635 F10800
G1 E-2.5 F4200
G1 Z2.8 F720
G1 X86.437 Y93.563 F10800
G1 Z2.6 F720
M73 Q8 S48
G1 E2.5 F2400
M204 P4000
;TYPE:Internal infill
;WIDTH:0.45
G1 F1135
G1 X93.567 Y86.433 E.34131
M204 P2000
G1 E-2.5 F4200
G1 Z2.8 F720
G1 X94.628 Y87.927 F10800
G1 Z2.6 F720
G1 E2.5 F2400
M204 P4000
G1 F1135
G3 X94.876 Y89.73 I-8.311 J2.06 E.06172
G1 X89.963 Y94.642 E.23516
G1 X90.034 Y94.64 E.0024
G1 X85.122 Y89.728 E.23513
G1 X85.116 Y90.128 E.01354
G1 X85.124 Y90.27 E.00481
G1 X90.035 Y85.359 E.23509
G1 X89.964 Y85.359 E.0024
G1 X94.878 Y90.272 E.23521
G3 X94.616 Y92.067 I-7.505 J-.178 E.06155
M204 P2000
G1 E-2.5 F4200
G1 Z2.8 F720
G1 X86.601 Y94.065 F10800
G1 Z2.6 F720
G1 E2.5 F2400
M204 P4000
;TYPE:Solid infill
;WIDTH:0.445192
G1 F1135
G1 X86.09 Y93.846 E.0186
;WIDTH:0.476874
G1 X85.774 Y93.674 E.01298
;WIDTH:0.508556
G1 X85.459 Y93.502 E.0139
;WIDTH:0.553442
G1 X85.348 Y93.41 E.00612
G1 X85.171 Y92.852 E.02485
;WIDTH:0.518009
G1 X84.993 Y92.293 E.02318
;WIDTH:0.482576
G1 X84.855 Y91.618 E.02519
;WIDTH:0.456182
G1 X84.769 Y90.986 E.02192
;WIDTH:0.439178
G1 X84.731 Y90.412 E.01895
;WIDTH:0.438744
G1 X84.721 Y89.836 E.01896
;WIDTH:0.437816
G1 X84.748 Y89.262 E.01887
;WIDTH:0.453216
G1 X84.82 Y88.617 E.02214
;WIDTH:0.485608
G1 X84.952 Y87.91 E.02647
;WIDTH:0.494156
G1 X85.086 Y87.35 E.0216
;WIDTH:0.527756
G1 X85.314 Y86.663 E.02918
;WIDTH:0.532572
G3 X85.577 Y86.435 I.487 J.296 E.0144
;WIDTH:0.506236
G1 X85.757 Y86.323 E.00817
;WIDTH:0.4799
G1 X86.016 Y86.195 E.0105
;WIDTH:0.453939
G1 X86.275 Y86.066 E.00989
;WIDTH:0.427978
G1 X86.678 Y85.905 E.01389
M204 P2000
G1 X87.062 Y85.794 F10800
M204 P4000
;TYPE:Internal infill
;WIDTH:0.45
G1 F1135
G1 X87.389 Y85.703 E.01149
G1 X87.117 Y85.975 E.01302
G1 X87.171 Y86.112 E.00498
G1 X86.837 Y86.255 E.0123
G1 X85.458 Y87.633 E.06599
G1 X85.433 Y87.736 E.00359
G1 X92.116 Y94.419 E.31991
G1 X92.608 Y94.3 E.01713
G1 X93.003 Y93.905 E.01891
G1 X92.985 Y93.865 E.00148
G1 X93.106 Y93.803 E.0046
G1 X94.542 Y92.367 E.06874
G1 X94.567 Y92.264 E.00359
G1 X87.885 Y85.583 E.31984
G3 X89.761 Y85.361 I2.194 J10.497 E.06403
M204 P2000
G1 X90.239 Y85.361 F10800
M204 P4000
G1 F1135
G3 X92.115 Y85.583 I-.172 J9.492 E.06405
G1 X85.429 Y92.269 E.32006
G1 X85.459 Y92.368 E.0035
G1 X86.851 Y93.76 E.06663
G1 X87.097 Y93.876 E.00921
G1 X87.059 Y93.967 E.00334
G1 X87.391 Y94.299 E.01589
G1 X87.89 Y94.413 E.01733
G1 X94.571 Y87.731 E.31984
G1 X94.541 Y87.632 E.0035
G1 X93.144 Y86.236 E.06685
G1 X92.868 Y86.11 E.01027
G1 X92.913 Y86.004 E.0039
G1 X92.618 Y85.71 E.0141
G1 X92.992 Y85.817 E.01317
M204 P2000
G1 X93.363 Y85.917 F10800
M204 P4000
;TYPE:Solid infill
;WIDTH:0.424361
G1 F1135
G1 X93.606 Y86.023 E.00841
;WIDTH:0.45175
G1 X93.848 Y86.129 E.00898
;WIDTH:0.478445
G1 X94.077 Y86.249 E.00936
;WIDTH:0.50514
G1 X94.306 Y86.368 E.00992
;WIDTH:0.55367
G1 X94.653 Y86.596 E.01763
G1 X94.83 Y87.151 E.02474
;WIDTH:0.518123
G1 X95.007 Y87.707 E.02306
;WIDTH:0.482576
G1 X95.145 Y88.382 E.02519
;WIDTH:0.456178
G1 X95.231 Y89.014 E.02192
;WIDTH:0.439178
G1 X95.269 Y89.588 E.01895
;WIDTH:0.43874
G1 X95.279 Y90.164 E.01896
;WIDTH:0.437814
G1 X95.252 Y90.738 E.01887
;WIDTH:0.453216
G1 X95.18 Y91.383 E.02214
;WIDTH:0.4858
G1 X95.048 Y92.09 E.02649
;WIDTH:0.494734
G1 X94.911 Y92.658 E.02195
;WIDTH:0.521054
G1 X94.786 Y93.021 E.01526
;WIDTH:0.547374
G1 X94.66 Y93.384 E.01612
G1 X94.551 Y93.489 E.00635
;WIDTH:0.50963
G1 X94.321 Y93.62 E.01027
;WIDTH:0.480957
G1 X94.091 Y93.751 E.00964
;WIDTH:0.452284
G1 X93.787 Y93.895 E.01145
;WIDTH:0.426792
G1 X93.483 Y94.038 E.01072
M204 P2000
G1 X93.565 Y93.565 F10800
M204 P4000
;TYPE:Internal infill
;WIDTH:0.45
G1 F1135
G1 X86.432 Y86.432 E.34145
M204 P2000
;LAYER_CHANGE
;Z:2.8
;HEIGHT:0.2
;BEFORE_LAYER_CHANGE
G92 E0.0
;2.8
M201 X3999.06 Y3999.06

G1 E-2.5 F4200
G1 Z2.8 F720
;AFTER_LAYER_CHANGE
;2.8
M74 W0.410689

G1 Z3
G1 X84.905 Y93.773 F10800
G1 Z2.8 F720
G1 E2.5 F2400
M204 P2500
;TYPE:Perimeter
;WIDTH:0.449999
G1 F1164
G1 X84.662 Y92.986 E.02788
G1 X84.535 Y92.44 E.01897
G1 X84.389 Y91.578 E.02959
G1 X84.329 Y91.047 E.01809
G1 X84.283 Y90.131 E.03104
G1 X84.309 Y89.216 E.03098
G1 X84.373 Y88.537 E.02309
G1 X84.49 Y87.787 E.02569
G1 X84.651 Y87.059 E.02524
G1 X84.907 Y86.222 E.02963
G1 X85.355 Y85.987 E.01712
G1 X85.981 Y85.715 E.0231
G1 X86.71 Y85.457 E.02618
G1 X87.259 Y85.301 E.01932
G1 X88.019 Y85.136 E.02632
G1 X88.705 Y85.035 E.02347
G1 X89.493 Y84.971 E.02676
G1 X90.193 Y84.962 E.0237
G1 X90.985 Y85.001 E.02684
G1 X91.57 Y85.069 E.01993
G1 X92.151 Y85.168 E.01995
G1 X92.72 Y85.297 E.01975
G1 X93.272 Y85.454 E.01943
G1 X94.082 Y85.743 E.02911
G1 X94.583 Y85.96 E.01848
G1 X95.095 Y86.225 E.01951
G1 X95.338 Y87.014 E.02794
G1 X95.465 Y87.56 E.01897
G1 X95.554 Y88.086 E.01806
G1 X95.637 Y88.65 E.0193
G1 X95.687 Y89.265 E.02089
G1 X95.711 Y90.059 E.02689
G1 X95.691 Y90.784 E.02455
G1 X95.627 Y91.463 E.02309
G1 X95.51 Y92.213 E.02569
G1 X95.349 Y92.941 E.02524
G1 X95.093 Y93.778 E.02963
G1 X94.645 Y94.013 E.01712
G1 X94.019 Y94.285 E.0231
G1 X93.29 Y94.543 E.02618
G1 X92.741 Y94.699 E.01932
G1 X91.979 Y94.864 E.02639
G1 X91.4 Y94.953 E.01983
G1 X90.702 Y95.018 E.02373
G3 X89.315 Y95.021 I-.725 J-13.751 E.04697
G1 X88.723 Y94.969 E.02012
G1 X88.142 Y94.886 E.01987
G1 X87.276 Y94.702 E.02997
G1 X86.728 Y94.546 E.01929
G1 X85.918 Y94.257 E.02911
G1 X85.417 Y94.04 E.01848
G1 X84.956 Y93.802 E.01756
M204 P2000
G1 X84.567 Y94.058 F10800
;TYPE:External perimeter
G1 F1164
G1 X84.269 Y93.093 E.03419
G1 X84.136 Y92.521 E.01988
G1 X83.985 Y91.635 E.03042
G1 X83.923 Y91.08 E.0189
G1 X83.876 Y90.136 E.03199
G1 X83.902 Y89.191 E.032
G1 X83.969 Y88.487 E.02394
G1 X84.09 Y87.712 E.02655
G1 X84.257 Y86.955 E.02624
G1 X84.568 Y85.94 E.03593
G1 X85.179 Y85.62 E.02335
G1 X85.832 Y85.336 E.0241
G1 X86.586 Y85.069 E.02707
G1 X87.16 Y84.906 E.0202
G1 X87.946 Y84.735 E.02723
G1 X88.659 Y84.63 E.02439
G1 X89.473 Y84.564 E.02764
M73 Q8 S47
G1 X90.2 Y84.555 E.02461
G1 X91.018 Y84.595 E.02772
G1 X91.628 Y84.665 E.02078
G1 X92.23 Y84.768 E.02067
G1 X92.821 Y84.902 E.02051
G1 X93.396 Y85.066 E.02024
G1 X94.232 Y85.364 E.03004
G1 X94.758 Y85.592 E.01941
G1 X95.433 Y85.942 E.02574
G1 X95.731 Y86.907 E.03419
G1 X95.864 Y87.479 E.01988
G1 X95.956 Y88.018 E.01851
G1 X96.042 Y88.605 E.02008
G1 X96.093 Y89.244 E.0217
G1 X96.118 Y90.07 E.02797
G1 X96.098 Y90.809 E.02502
G1 X96.031 Y91.513 E.02394
G1 X95.91 Y92.288 E.02655
G1 X95.743 Y93.045 E.02624
G1 X95.432 Y94.06 E.03593
G1 X94.821 Y94.38 E.02335
G1 X94.168 Y94.664 E.0241
G1 X93.414 Y94.931 E.02707
G1 X92.84 Y95.094 E.0202
G1 X92.053 Y95.265 E.02726
G1 X91.449 Y95.357 E.02068
G1 X90.727 Y95.424 E.02454
G3 X89.291 Y95.427 I-.749 J-14.229 E.04863
G1 X88.677 Y95.374 E.02086
G1 X88.071 Y95.287 E.02072
G1 X87.178 Y95.097 E.0309
G1 X86.604 Y94.934 E.0202
G1 X85.768 Y94.636 E.03004
G1 X85.242 Y94.408 E.01941
G1 X84.62 Y94.086 E.02371
G1 X84.466 Y93.717 F10800
G1 E-2.5 F4200
G1 Z3 F720
G1 X86.357 Y93.643 F10800
G1 Z2.8 F720
G1 E2.5 F2400
M204 P4000
;TYPE:Internal infill
;WIDTH:0.45
G1 F1164
G1 X93.645 Y86.355 E.34887
M204 P2000
G1 X93.534 Y85.89 F10800
M204 P4000
;TYPE:Solid infill
;WIDTH:0.452335
G1 F1164
G1 X93.979 Y86.093 E.01665
;WIDTH:0.500506
G1 X94.424 Y86.296 E.01861
;WIDTH:0.526838
G1 X94.596 Y86.407 E.00824
;WIDTH:0.55317
G1 X94.769 Y86.518 E.00872
G1 X94.975 Y87.112 E.02667
;WIDTH:0.508566
G1 X95.11 Y87.631 E.02076
;WIDTH:0.482098
G1 X95.266 Y88.47 E.03116
;WIDTH:0.454884
G1 X95.329 Y88.98 E.0176
;WIDTH:0.44291
G1 X95.377 Y89.872 E.02971
;WIDTH:0.436052
G1 X95.357 Y90.714 E.02753
;WIDTH:0.442914
G1 X95.295 Y91.337 E.02082
;WIDTH:0.481118
G1 X95.155 Y92.146 E.02992
;WIDTH:0.51931
G1 X94.981 Y92.844 E.0285
;WIDTH:0.529418
G1 X94.8 Y93.416 E.02427
G1 X94.704 Y93.54 E.00634
;WIDTH:0.5245
G1 X94.297 Y93.752 E.01838
;WIDTH:0.487834
G1 X93.889 Y93.963 E.01699
;WIDTH:0.451168
G1 X93.542 Y94.106 E.01274
M204 P2000
G1 X93.645 Y93.645 F10800
M204 P4000
;TYPE:Internal infill
;WIDTH:0.45
G1 F1164
G1 X86.355 Y86.355 E.34897
M204 P2000
G1 E-2.5 F4200
G1 Z3 F720
G1 X89.718 Y85.317 F10800
G1 Z2.8 F720
G1 E2.5 F2400
M204 P4000
G1 F1164
G2 X87.833 Y85.53 I.151 J9.758 E.06431
G1 X94.673 Y92.37 E.32743
G1 X94.715 Y92.194 E.00612
G1 X92.514 Y94.394 E.10534
G1 X92.167 Y94.47 E.01202
G1 X85.327 Y87.63 E.32743
G1 X85.285 Y87.806 E.00612
G1 X87.486 Y85.606 E.10534
G1 X86.831 Y85.782 E.02296
G1 X86.841 Y85.809 E.00097
M204 P2000
G1 X86.458 Y85.894 F10800
M204 P4000
;TYPE:Solid infill
;WIDTH:0.4528
G1 F1164
G1 X85.705 Y86.228 E.02807
;WIDTH:0.500034
G1 X85.47 Y86.365 E.01034
;WIDTH:0.547268
G1 X85.234 Y86.501 E.01142
G1 X85.019 Y87.156 E.02891
;WIDTH:0.519314
G1 X84.845 Y87.854 E.0285
;WIDTH:0.481118
G1 X84.717 Y88.581 E.0269
;WIDTH:0.450574
G1 X84.647 Y89.237 E.02236
;WIDTH:0.434866
G1 X84.623 Y89.832 E.01941
;WIDTH:0.424034
G1 X84.641 Y90.607 E.02457
;WIDTH:0.439604
G1 X84.694 Y91.242 E.02102
;WIDTH:0.453844
G1 X84.8 Y91.922 E.02352
;WIDTH:0.482484
G1 X84.92 Y92.495 E.0214
;WIDTH:0.507396
G1 X85.081 Y93.074 E.02321
;WIDTH:0.554052
G1 X85.237 Y93.498 E.0192
G1 X85.405 Y93.603 E.00842
;WIDTH:0.52316
G1 X85.574 Y93.708 E.00794
;WIDTH:0.492268
G1 X85.809 Y93.824 E.00979
;WIDTH:0.46608
G1 X86.043 Y93.94 E.00919
;WIDTH:0.439892
G1 X86.407 Y94.09 E.013
M204 P2000
G1 X86.793 Y94.158 F10800
M204 P4000
;TYPE:Internal infill
;WIDTH:0.45
G1 F1164
G2 X86.833 Y94.217 I.027 J.025 E.00334
G1 X87.484 Y94.392 E.02282
G1 X85.283 Y92.191 E.10536
G1 X85.325 Y92.372 E.00629
G1 X92.17 Y85.527 E.32767
G1 X92.513 Y85.605 E.01191
G1 X94.717 Y87.809 E.1055
G1 X94.675 Y87.628 E.00629
G1 X87.836 Y94.467 E.32738
G2 X89.708 Y94.688 I2.026 J-9.151 E.06391
M204 P2000
G1 E-2.5 F4200
G1 Z3 F720
G1 X94.754 Y91.994 F10800
G1 Z2.8 F720
G1 E2.5 F2400
M204 P4000
G1 F1164
G2 X94.975 Y90.369 I-8.089 J-1.925 E.0556
G1 X89.922 Y85.316 E.24188
G1 X90.078 Y85.316 E.00528
G1 X85.029 Y90.366 E.24172
G1 X85.016 Y89.84 E.01781
G1 X85.025 Y89.631 E.00708
G1 X90.084 Y94.689 E.24215
G1 X89.911 Y94.694 E.00586
G1 X94.971 Y89.634 E.24222
G2 X94.764 Y88.007 I-8.576 J.268 E.0556
M204 P2000
;LAYER_CHANGE
;Z:3
;HEIGHT:0.2
;BEFORE_LAYER_CHANGE
G92 E0.0
;3
M201 X3999.01 Y3999.01

G1 E-2.5 F4200
G1 Z3 F720
;AFTER_LAYER_CHANGE
;3
M74 W0.431728

G1 Z3.2
G1 X84.787 Y93.859 F10800
G1 Z3 F720
G1 E2.5 F2400
M204 P2500
;TYPE:Perimeter
;WIDTH:0.449999
G1 F1189
G1 X84.78 Y93.856 E.00026
G1 X84.694 Y93.583 E.00969
G1 X84.465 Y92.663 E.03209
G1 X84.362 Y92.132 E.01831
G1 X84.227 Y91.061 E.03654
G1 X84.194 Y90.537 E.01777
G1 X84.184 Y89.822 E.0242
G1 X84.208 Y89.202 E.021
G1 X84.271 Y88.503 E.02376
G1 X84.385 Y87.735 E.02628
G1 X84.542 Y86.988 E.02584
G1 X84.789 Y86.139 E.02993
G1 X85.32 Y85.879 E.02001
G1 X85.968 Y85.617 E.02366
G1 X86.737 Y85.365 E.02739
G1 X87.305 Y85.217 E.01987
G1 X87.977 Y85.081 E.02321
G1 X88.481 Y85.006 E.01725
G1 X89.483 Y84.921 E.03404
G1 X90.31 Y84.914 E.02799
G1 X91.004 Y84.95 E.02352
G1 X91.604 Y85.016 E.02043
G1 X92.194 Y85.112 E.02023
G1 X93.071 Y85.314 E.03046
G1 X93.629 Y85.48 E.01971
G1 X94.173 Y85.672 E.01953
G1 X94.694 Y85.886 E.01906
G1 X95.22 Y86.144 E.01983
G1 X95.306 Y86.417 E.00969
G1 X95.535 Y87.337 E.03209
G1 X95.638 Y87.868 E.01831
G1 X95.773 Y88.939 E.03654
G1 X95.807 Y89.572 E.02146
G1 X95.816 Y90.178 E.02051
G1 X95.792 Y90.798 E.021
G1 X95.729 Y91.497 E.02376
G1 X95.615 Y92.265 E.02628
G1 X95.458 Y93.012 E.02584
G1 X95.211 Y93.861 E.02993
G1 X94.68 Y94.121 E.02001
G1 X94.032 Y94.383 E.02366
G1 X93.263 Y94.635 E.02739
G1 X92.695 Y94.783 E.01987
G1 X92.024 Y94.918 E.02317
G1 X91.431 Y95.005 E.02029
G1 X90.604 Y95.075 E.02809
G3 X89.301 Y95.071 I-.616 J-14.48 E.04412
G1 X88.696 Y95.021 E.02055
G1 X88.102 Y94.94 E.02029
G1 X87.216 Y94.76 E.0306
G1 X86.654 Y94.608 E.01971
G1 X85.823 Y94.326 E.0297
G1 X85.306 Y94.114 E.01891
G1 X84.84 Y93.885 E.01758
M204 P2000
G1 X84.447 Y94.146 F10800
;TYPE:External perimeter
G1 F1189
G1 X84.445 Y94.145 E.00008
G1 X84.302 Y93.694 E.01601
G1 X84.07 Y92.761 E.03254
G1 X83.959 Y92.195 E.01952
G1 X83.822 Y91.099 E.03739
G1 X83.787 Y90.553 E.01852
G1 X83.776 Y89.817 E.02492
G1 X83.801 Y89.176 E.02171
G1 X83.866 Y88.455 E.0245
G1 X83.984 Y87.663 E.0271
G1 X84.147 Y86.889 E.02677
G1 X84.448 Y85.853 E.03652
G1 X85.154 Y85.507 E.02661
G1 X85.828 Y85.235 E.0246
G1 X86.623 Y84.974 E.02832
G1 X87.213 Y84.82 E.02064
G1 X87.907 Y84.68 E.02396
G1 X88.433 Y84.602 E.018
G1 X89.464 Y84.514 E.03502
G1 X90.319 Y84.507 E.02894
G1 X91.037 Y84.544 E.02434
G1 X91.659 Y84.612 E.02118
G1 X92.272 Y84.712 E.02102
G1 X93.174 Y84.92 E.03133
G1 X93.755 Y85.093 E.02052
G1 X94.319 Y85.292 E.02024
G1 X94.861 Y85.515 E.01984
G1 X95.555 Y85.855 E.02616
G1 X95.698 Y86.306 E.01601
G1 X95.886 Y87.065 E.02647
G1 X96.022 Y87.705 E.02215
G1 X96.098 Y88.261 E.01899
G1 X96.188 Y89.048 E.02681
G1 X96.214 Y89.566 E.01756
G1 X96.224 Y90.183 E.02089
G1 X96.199 Y90.824 E.02171
G1 X96.134 Y91.545 E.0245
G1 X96.016 Y92.337 E.0271
G1 X95.853 Y93.111 E.02677
G1 X95.552 Y94.147 E.03652
G1 X94.846 Y94.493 E.02661
G1 X94.172 Y94.765 E.0246
G1 X93.377 Y95.026 E.02832
G1 X92.787 Y95.18 E.02064
G1 X92.093 Y95.32 E.02396
G1 X91.477 Y95.409 E.02107
G1 X90.626 Y95.481 E.02891
G3 X89.277 Y95.478 I-.637 J-14.98 E.04568
G1 X88.651 Y95.426 E.02126
G1 X88.034 Y95.342 E.02108
G1 X87.122 Y95.156 E.03151
G1 X86.535 Y94.998 E.02058
G1 X85.68 Y94.708 E.03056
G1 X85.139 Y94.485 E.01981
G1 X84.501 Y94.173 E.02404
G1 X84.342 Y93.806 F10800
G1 X85.291 Y92.658
M204 P4000
;TYPE:Internal infill
;WIDTH:0.45
G1 F1189
G1 X85.483 Y93.306 E.02288
G1 X86.277 Y93.723 E.03036
G1 X93.723 Y86.277 E.35644
G1 X94.517 Y86.694 E.03036
G1 X94.772 Y87.531 E.02962
G1 X87.781 Y94.522 E.33466
G1 X87.571 Y94.479 E.00726
G1 X85.135 Y92.043 E.11661
G1 X85.235 Y92.462 E.01458
G1 X92.223 Y85.474 E.33451
G1 X92.43 Y85.521 E.00719
G1 X94.874 Y87.966 E.11702
G1 X95.057 Y89.338 E.04685
M204 P2000
G1 X95.055 Y90.664 F10800
M204 P4000
G1 F1189
G1 X94.873 Y92.036 E.04685
G1 X92.424 Y94.485 E.11723
G1 X92.223 Y94.525 E.00694
G1 X85.23 Y87.532 E.33475
G1 X85.133 Y87.959 E.01482
G1 X87.576 Y85.515 E.11697
G1 X87.777 Y85.475 E.00694
G1 X94.762 Y92.459 E.33434
G1 X94.615 Y93.02 E.01963
G3 X94.176 Y93.505 I-.594 J-.097 E.02341
G1 X93.711 Y93.711 E.01722
G1 X86.28 Y86.28 E.35572
G1 X85.644 Y86.591 E.02396
G2 X85.382 Y86.989 I.208 J.422 E.01691
G1 X85.285 Y87.336 E.0122
M204 P2000
G1 X85.092 Y88.158 F10800
M204 P4000
G1 F1189
G2 X84.926 Y89.532 I9.881 J1.888 E.04688
G1 X90.134 Y94.739 E.24928
G1 X89.863 Y94.743 E.00917
G1 X95.064 Y89.542 E.24897
G1 X95.084 Y90.161 E.02096
G1 X95.066 Y90.461 E.01017
G1 X89.873 Y85.267 E.24861
G1 X90.127 Y85.267 E.0086
G1 X84.928 Y90.466 E.24887
G2 X85.098 Y91.843 I8.76 J-.382 E.04701
M204 P2000
G1 E-2.5 F4200
G1 Z3.2 F720
G1 X86.289 Y94.143 F10800
G1 Z3 F720
G1 E2.5 F2400
M204 P4000
;TYPE:Solid infill
;WIDTH:0.449916
G1 F1189
G1 X85.873 Y93.96 E.01538
;WIDTH:0.496282
G1 X85.458 Y93.777 E.0171
;WIDTH:0.528414
G1 X85.284 Y93.674 E.00816
;WIDTH:0.560546
G1 X85.111 Y93.571 E.00867
G1 X84.959 Y93.043 E.02365
;WIDTH:0.52567
G1 X84.806 Y92.515 E.02207
;WIDTH:0.490794
G1 X84.709 Y91.961 E.02095
;WIDTH:0.463341
G1 X84.612 Y91.407 E.01966
;WIDTH:0.442974
G3 X84.522 Y89.826 I15.026 J-1.651 E.0527
;WIDTH:0.437472
G1 X84.547 Y89.224 E.01977
M73 P9 R47
;WIDTH:0.452292
G1 X84.616 Y88.545 E.02323
;WIDTH:0.47501
G1 X84.738 Y87.798 E.02719
;WIDTH:0.517608
G1 X84.911 Y87.08 E.02915
;WIDTH:0.527116
G1 X85.084 Y86.503 E.02425
G1 X85.176 Y86.377 E.00628
;WIDTH:0.52554
G1 X85.63 Y86.155 E.02028
;WIDTH:0.478256
G1 X86.083 Y85.934 E.01825
;WIDTH:0.430972
G1 X86.29 Y85.849 E.00722
M204 P2000
G1 E-2.5 F4200
G1 Z3.2 F720
G1 X93.628 Y85.823 F10800
G1 Z3 F720
G1 E2.5 F2400
M204 P4000
;WIDTH:0.448982
G1 F1189
G1 X94.085 Y86.023 E.01684
;WIDTH:0.496282
G1 X94.542 Y86.223 E.01881
;WIDTH:0.528421
G1 X94.716 Y86.326 E.00816
;WIDTH:0.56056
G1 X94.889 Y86.429 E.00867
G1 X95.026 Y86.885 E.02049
;WIDTH:0.521953
G1 X95.162 Y87.342 E.01899
;WIDTH:0.483346
G1 X95.283 Y87.924 E.02177
;WIDTH:0.477018
G1 X95.431 Y88.971 E.03817
;WIDTH:0.44422
G1 X95.464 Y89.476 E.01689
;WIDTH:0.440844
G1 X95.481 Y90.157 E.02254
M73 Q9 S47
;WIDTH:0.441398
G1 X95.451 Y90.776 E.02053
;WIDTH:0.46031
G1 X95.38 Y91.455 E.02369
;WIDTH:0.463316
G1 X95.285 Y92.089 E.02241
;WIDTH:0.510582
G1 X95.093 Y92.921 E.0332
;WIDTH:0.527106
G1 X94.915 Y93.501 E.02443
;WIDTH:0.529016
G1 X94.818 Y93.624 E.00633
G1 X94.588 Y93.749 E.01058
;WIDTH:0.493671
G1 X94.357 Y93.874 E.00984
;WIDTH:0.458326
G1 X93.949 Y94.039 E.0152
;WIDTH:0.430084
G1 X93.54 Y94.205 E.01421
M204 P2000
;LAYER_CHANGE
;Z:3.2
;HEIGHT:0.2
;BEFORE_LAYER_CHANGE
G92 E0.0
;3.2
M201 X3998.96 Y3998.96

G1 E-2.5 F4200
G1 Z3.2 F720
;AFTER_LAYER_CHANGE
;3.2
M74 W0.453746

G1 Z3.4
G1 X84.669 Y93.943 F10800
G1 Z3.2 F720
G1 E2.5 F2400
M204 P2500
;TYPE:Perimeter
;WIDTH:0.449999
G1 F1201
G1 X84.466 Y93.222 E.02535
G1 X84.322 Y92.553 E.02316
G1 X84.197 Y91.761 E.02714
G1 X84.127 Y91.094 E.0227
G1 X84.083 Y90.138 E.03239
G1 X84.107 Y89.18 E.03244
G1 X84.169 Y88.469 E.02416
G1 X84.28 Y87.683 E.02687
G1 X84.433 Y86.917 E.02644
G1 X84.672 Y86.053 E.03034
G1 X85.071 Y85.865 E.01493
G1 X85.733 Y85.602 E.02411
G1 X86.483 Y85.356 E.02672
G1 X87.06 Y85.203 E.02021
G1 X87.651 Y85.077 E.02045
G1 X88.542 Y84.943 E.0305
G1 X89.474 Y84.87 E.03164
G1 X90.113 Y84.86 E.02163
G1 X91.027 Y84.899 E.03097
G1 X91.638 Y84.963 E.02079
G1 X92.244 Y85.057 E.02076
G1 X92.84 Y85.181 E.02061
G1 X93.42 Y85.33 E.02027
G1 X94.272 Y85.605 E.0303
G1 X94.803 Y85.812 E.01929
G1 X95.331 Y86.057 E.0197
G1 X95.534 Y86.778 E.02535
G1 X95.678 Y87.447 E.02316
G1 X95.764 Y87.988 E.01854
G1 X95.839 Y88.575 E.02003
G1 X95.888 Y89.225 E.02206
G1 X95.912 Y90.038 E.02753
G1 X95.893 Y90.82 E.02648
G1 X95.831 Y91.531 E.02416
G1 X95.72 Y92.317 E.02687
G1 X95.567 Y93.083 E.02644
G1 X95.328 Y93.947 E.03034
G1 X94.929 Y94.135 E.01493
G1 X94.267 Y94.398 E.02411
G1 X93.517 Y94.644 E.02672
G1 X92.94 Y94.797 E.02021
G1 X92.349 Y94.923 E.02045
G1 X91.454 Y95.058 E.03064
G1 X90.819 Y95.114 E.02158
G3 X89.286 Y95.122 I-.849 J-16.053 E.05191
G1 X88.669 Y95.073 E.02095
G1 X88.062 Y94.994 E.02072
G1 X87.156 Y94.818 E.03124
G1 X86.58 Y94.67 E.02013
G1 X85.728 Y94.395 E.0303
G1 X85.197 Y94.188 E.01929
G1 X84.724 Y93.969 E.01764
M204 P2000
G1 X84.328 Y94.234 F10800
;TYPE:External perimeter
G1 F1201
G1 X84.07 Y93.32 E.03215
G1 X83.922 Y92.628 E.02395
G1 X83.793 Y91.814 E.0279
G1 X83.721 Y91.125 E.02345
G1 X83.676 Y90.142 E.03331
G1 X83.701 Y89.157 E.03335
G1 X83.764 Y88.423 E.02494
G1 X83.878 Y87.614 E.02765
G1 X84.037 Y86.823 E.02731
G1 X84.329 Y85.765 E.03715
G1 X84.909 Y85.491 E.02171
G1 X85.594 Y85.219 E.02495
G1 X86.367 Y84.966 E.02753
G1 X86.966 Y84.807 E.02098
G1 X87.578 Y84.676 E.02118
G1 X88.496 Y84.538 E.03142
G1 X89.454 Y84.464 E.03252
G1 X90.119 Y84.453 E.02251
G1 X91.057 Y84.493 E.03178
G1 X91.69 Y84.559 E.02154
G1 X92.317 Y84.657 E.02148
G1 X92.932 Y84.784 E.02126
G1 X93.533 Y84.939 E.02101
G1 X94.408 Y85.221 E.03112
G1 X94.963 Y85.438 E.02017
G1 X95.672 Y85.766 E.02644
G1 X95.93 Y86.68 E.03215
G1 X96.078 Y87.372 E.02395
G1 X96.166 Y87.924 E.01892
G1 X96.243 Y88.532 E.02074
G1 X96.295 Y89.207 E.02292
G1 X96.319 Y90.049 E.02851
G1 X96.299 Y90.843 E.02688
G1 X96.236 Y91.577 E.02494
G1 X96.122 Y92.386 E.02765
G1 X95.963 Y93.177 E.02731
G1 X95.671 Y94.235 E.03715
G1 X95.091 Y94.509 E.02171
G1 X94.406 Y94.781 E.02495
G1 X93.633 Y95.034 E.02753
G1 X93.034 Y95.193 E.02098
G1 X92.422 Y95.324 E.02118
G1 X91.503 Y95.462 E.03146
G1 X90.843 Y95.521 E.02243
G3 X89.264 Y95.528 I-.872 J-16.518 E.05347
G1 X88.626 Y95.478 E.02166
G1 X87.997 Y95.396 E.02147
G1 X87.066 Y95.216 E.0321
G1 X86.467 Y95.061 E.02094
G1 X85.592 Y94.779 E.03112
G1 X85.037 Y94.562 E.02017
G1 X84.383 Y94.259 E.0244
G1 X84.235 Y93.888 F10800
G1 X85.188 Y92.758
M204 P4000
;TYPE:Internal infill
;WIDTH:0.45
G1 F1201
G1 X85.37 Y93.389 E.02223
G1 X86.201 Y93.799 E.03137
G1 X93.799 Y86.201 E.36371
G1 X94.63 Y86.611 E.03137
G1 X94.864 Y87.438 E.02909
G1 X87.726 Y94.576 E.34169
G1 X87.654 Y94.562 E.00248
G1 X84.99 Y91.899 E.1275
G1 X85.136 Y92.562 E.02298
G1 X92.279 Y85.418 E.34196
G1 X92.339 Y85.43 E.00207
G1 X95.01 Y88.101 E.12786
G1 X95.168 Y89.438 E.04557
G1 X89.814 Y94.792 E.25629
G1 X90.181 Y94.786 E.01242
G1 X84.832 Y89.438 E.25603
G1 X84.815 Y89.838 E.01355
G1 X84.832 Y90.562 E.02451
G1 X90.182 Y85.213 E.25608
G1 X89.82 Y85.214 E.01225
G1 X95.168 Y90.562 E.25601
G1 X95.011 Y91.897 E.0455
G1 X92.336 Y94.572 E.12805
G1 X92.281 Y94.584 E.00191
G1 X85.132 Y87.435 E.34222
G1 X84.989 Y88.103 E.02312
G1 X87.664 Y85.428 E.12805
G1 X87.719 Y85.416 E.00191
G1 X94.868 Y92.565 E.34222
G1 X94.616 Y93.4 E.02952
G1 X93.799 Y93.799 E.03078
G1 X86.203 Y86.203 E.36362
G1 X85.382 Y86.607 E.03097
G1 X85.179 Y87.237 E.0224
M204 P2000
G1 E-2.5 F4200
G1 Z3.4 F720
G1 X86.19 Y85.791 F10800
G1 Z3.2 F720
G1 E2.5 F2400
M204 P4000
;TYPE:Solid infill
;WIDTH:0.441736
G1 F1201
G1 X85.615 Y86.023 E.02056
;WIDTH:0.467059
G1 X85.376 Y86.137 E.00934
;WIDTH:0.492382
G1 X85.137 Y86.252 E.00991
;WIDTH:0.525362
G1 X85.069 Y86.308 E.00353
;WIDTH:0.558342
G1 X85.001 Y86.363 E.00375
G1 X84.799 Y87.004 E.0288
;WIDTH:0.508968
G1 X84.632 Y87.743 E.02936
;WIDTH:0.471432
G1 X84.511 Y88.508 E.0276
;WIDTH:0.447972
G1 X84.445 Y89.199 E.02338
;WIDTH:0.434588
G1 X84.423 Y89.829 E.02053
;WIDTH:0.422736
G1 X84.429 Y90.421 E.0187
;WIDTH:0.434632
G1 X84.462 Y91.012 E.01928
;WIDTH:0.449026
G1 X84.534 Y91.664 E.02215
;WIDTH:0.469888
G1 X84.653 Y92.367 E.02531
;WIDTH:0.513896
G1 X84.833 Y93.131 E.03074
;WIDTH:0.554056
G1 X84.999 Y93.648 E.02308
G1 X85.17 Y93.749 E.00844
;WIDTH:0.52284
G1 X85.34 Y93.85 E.00789
;WIDTH:0.491624
G1 X85.843 Y94.073 E.02053
;WIDTH:0.442134
G1 X86.193 Y94.206 E.01243
M204 P2000
G1 E-2.5 F4200
G1 Z3.4 F720
G1 X93.839 Y85.804 F10800
G1 Z3.2 F720
G1 E2.5 F2400
M204 P4000
;WIDTH:0.447667
G1 F1201
G1 X94.249 Y85.977 E.01498
;WIDTH:0.491676
G1 X94.66 Y86.15 E.01664
;WIDTH:0.522866
G1 X94.83 Y86.251 E.00789
;WIDTH:0.554056
G1 X95.001 Y86.352 E.00844
G1 X95.167 Y86.869 E.02308
;WIDTH:0.513894
G1 X95.322 Y87.513 E.02594
;WIDTH:0.481802
G1 X95.459 Y88.284 E.02858
;WIDTH:0.452748
G1 X95.534 Y88.931 E.0222
;WIDTH:0.438712
G1 X95.571 Y89.568 E.021
;WIDTH:0.422672
G1 X95.578 Y90.161 E.01873
;WIDTH:0.43122
G1 X95.558 Y90.751 E.01906
;WIDTH:0.442566
G1 X95.498 Y91.416 E.02219
;WIDTH:0.462098
G1 X95.389 Y92.147 E.02576
;WIDTH:0.48991
G1 X95.239 Y92.856 E.02693
;WIDTH:0.53104
G1 X95.028 Y93.58 E.03061
;WIDTH:0.549556
G1 X94.997 Y93.66 E.00361
G1 X94.788 Y93.774 E.01003
;WIDTH:0.502113
G1 X94.579 Y93.889 E.00911
;WIDTH:0.45467
G1 X93.785 Y94.212 E.02935
M204 P2000
;LAYER_CHANGE
;Z:3.4
;HEIGHT:0.2
;BEFORE_LAYER_CHANGE
G92 E0.0
;3.4
M201 X3998.91 Y3998.91

G1 E-2.5 F4200
G1 Z3.4 F720
;AFTER_LAYER_CHANGE
;3.4
M74 W0.475989

G1 Z3.6
G1 X84.552 Y94.026 F10800
G1 Z3.4 F720
G1 E2.5 F2400
M204 P2500
;TYPE:Perimeter
;WIDTH:0.449999
G1 F1233
G1 X84.329 Y93.179 E.02965
G1 X84.151 Y92.218 E.03308
G1 X84.078 Y91.661 E.01901
G1 X84.026 Y91.12 E.0184
G1 X83.983 Y90.141 E.03317
G1 X84.007 Y89.162 E.03315
G1 X84.066 Y88.435 E.02469
G1 X84.175 Y87.631 E.02746
G1 X84.324 Y86.846 E.02705
G1 X84.554 Y85.97 E.03066
G1 X85.038 Y85.755 E.01793
G1 X85.721 Y85.504 E.02463
G1 X86.512 Y85.264 E.02798
G1 X87.104 Y85.12 E.02062
G1 X87.89 Y84.973 E.02707
G1 X88.649 Y84.877 E.0259
G1 X89.46 Y84.82 E.02752
G1 X90.231 Y84.812 E.0261
G1 X91.046 Y84.848 E.02761
G1 X91.671 Y84.91 E.02126
G1 X92.29 Y85.002 E.02118
G1 X92.9 Y85.122 E.02104
G1 X93.493 Y85.268 E.02067
G1 X94.366 Y85.535 E.0309
G1 X94.913 Y85.738 E.01975
G1 X95.447 Y85.972 E.01973
G1 X95.587 Y86.503 E.01859
G1 X95.723 Y87.102 E.02079
G1 X95.879 Y88.008 E.03112
G1 X95.944 Y88.563 E.01891
G1 X95.989 Y89.206 E.02182
G1 X96.013 Y90.029 E.02787
G1 X95.993 Y90.838 E.02739
G1 X95.934 Y91.565 E.02469
G1 X95.825 Y92.369 E.02746
G1 X95.676 Y93.154 E.02705
G1 X95.446 Y94.03 E.03066
G1 X94.962 Y94.245 E.01793
G1 X94.279 Y94.496 E.02463
G1 X93.488 Y94.736 E.02798
G1 X92.894 Y94.881 E.0207
G1 X92.287 Y94.998 E.02092
G1 X91.487 Y95.11 E.02734
G1 X90.72 Y95.171 E.02604
G3 X89.272 Y95.172 I-.742 J-16.693 E.04903
G1 X88.642 Y95.125 E.02138
G1 X88.022 Y95.048 E.02115
G1 X87.097 Y94.877 E.03184
G1 X86.507 Y94.732 E.02057
G1 X85.634 Y94.465 E.0309
G1 X85.087 Y94.262 E.01975
G1 X84.605 Y94.051 E.01781
M204 P2000
G1 X84.21 Y94.322 F10800
;TYPE:External perimeter
G1 F1233
G1 X83.932 Y93.268 E.0369
G1 X83.749 Y92.282 E.03394
G1 X83.673 Y91.708 E.0196
G1 X83.619 Y91.148 E.01904
G1 X83.576 Y90.145 E.03398
G1 X83.6 Y89.141 E.03399
G1 X83.661 Y88.392 E.02544
G1 X83.773 Y87.566 E.02821
G1 X83.927 Y86.757 E.02788
G1 X84.21 Y85.677 E.03779
G1 X84.885 Y85.378 E.02499
G1 X85.591 Y85.117 E.02548
G1 X86.404 Y84.871 E.02875
G1 X87.018 Y84.722 E.02139
G1 X87.827 Y84.571 E.02786
G1 X88.609 Y84.471 E.02669
G1 X89.443 Y84.413 E.0283
G1 X90.238 Y84.405 E.02691
G1 X91.076 Y84.442 E.02839
G1 X91.721 Y84.506 E.02194
G1 X92.36 Y84.601 E.02187
G1 X92.988 Y84.725 E.02167
G1 X93.601 Y84.875 E.02136
G1 X94.496 Y85.149 E.03168
G1 X95.066 Y85.36 E.02057
G1 X95.79 Y85.678 E.02677
G1 X95.981 Y86.399 E.02525
G1 X96.123 Y87.028 E.02183
G1 X96.282 Y87.955 E.03184
G1 X96.349 Y88.524 E.01939
G1 X96.395 Y89.189 E.02256
G1 X96.42 Y90.038 E.02875
G1 X96.4 Y90.859 E.0278
G1 X96.339 Y91.608 E.02544
G1 X96.227 Y92.434 E.02821
G1 X96.073 Y93.243 E.02788
G1 X95.79 Y94.323 E.03779
M73 P9 R46
G1 X95.115 Y94.622 E.02499
G1 X94.409 Y94.883 E.02548
G1 X93.596 Y95.129 E.02875
G1 X92.981 Y95.278 E.02142
G1 X92.354 Y95.4 E.02162
G1 X91.531 Y95.514 E.02812
G1 X90.741 Y95.578 E.02683
G3 X89.251 Y95.579 I-.762 J-17.176 E.05045
G1 X88.601 Y95.53 E.02206
G1 X87.96 Y95.45 E.02187
G1 X87.011 Y95.275 E.03266
G1 X86.399 Y95.125 E.02133
G1 X85.504 Y94.851 E.03168
G1 X84.934 Y94.64 E.02057
G1 X84.265 Y94.346 E.02474
G1 X84.122 Y93.973 F10800
G1 E-2.5 F4200
G1 Z3.6 F720
G1 X86.051 Y94.255 F10800
G1 Z3.4 F720
G1 E2.5 F2400
M204 P4000
;TYPE:Solid infill
;WIDTH:0.450828
G1 F1233
G1 X85.436 Y94.022 E.02231
;WIDTH:0.487856
G1 X85.199 Y93.906 E.00976
;WIDTH:0.524884
G1 X84.962 Y93.789 E.01059
;WIDTH:0.531632
G1 X84.862 Y93.683 E.00592
G1 X84.694 Y93.098 E.02473
;WIDTH:0.504056
G1 X84.553 Y92.446 E.02558
;WIDTH:0.46592
G1 X84.421 Y91.622 E.02935
;WIDTH:0.449452
G1 X84.365 Y91.096 E.01788
;WIDTH:0.438312
G1 X84.319 Y90.142 E.0314
;WIDTH:0.431608
G1 X84.342 Y89.228 E.02955
;WIDTH:0.442342
G1 X84.4 Y88.55 E.0226
;WIDTH:0.461528
G1 X84.507 Y87.8 E.02637
;WIDTH:0.488872
G1 X84.653 Y87.072 E.02753
;WIDTH:0.52859
G1 X84.854 Y86.344 E.0305
;WIDTH:0.548758
G1 X84.887 Y86.26 E.0038
G1 X85.042 Y86.18 E.00734
;WIDTH:0.514342
G1 X85.197 Y86.1 E.00684
;WIDTH:0.479925
G1 X85.352 Y86.02 E.00634
;WIDTH:0.445508
G1 X85.83 Y85.822 E.01732
;WIDTH:0.43142
G1 X86.04 Y85.746 E.00721
M204 P2000
G1 X87.469 Y85.404 F10800
M204 P4000
;TYPE:Internal infill
;WIDTH:0.45
G1 F1233
G1 X86.416 Y85.655 E.03664
G1 X86.524 Y85.965 E.01111
G1 X86.124 Y86.124 E.01457
G1 X93.876 Y93.876 E.37108
G1 X94.733 Y93.479 E.03197
G1 X94.968 Y92.665 E.02868
G1 X87.669 Y85.366 E.3494
G1 X87.738 Y85.353 E.00238
G1 X84.857 Y88.235 E.13794
G1 X85.032 Y87.335 E.03103
G1 X92.334 Y94.637 E.34954
G1 X92.257 Y94.652 E.00266
G1 X95.143 Y91.765 E.13818
G1 X95.263 Y90.658 E.03769
G1 X89.771 Y85.165 E.26292
G1 X90.23 Y85.164 E.01554
G1 X84.741 Y90.653 E.26276
G3 X84.737 Y89.342 I10.525 J-.693 E.0444
G1 X90.231 Y94.837 E.26302
G1 X89.765 Y94.841 E.01577
G1 X95.259 Y89.347 E.26299
G1 X95.142 Y88.233 E.03791
G1 X92.257 Y85.348 E.1381
G1 X92.334 Y85.363 E.00266
G1 X85.031 Y92.667 E.34961
G1 X84.858 Y91.767 E.03102
G1 X87.734 Y94.643 E.13767
G1 X87.672 Y94.631 E.00214
G1 X94.969 Y87.333 E.34933
G1 X94.736 Y86.525 E.02846
G1 X93.874 Y86.126 E.03215
G1 X86.126 Y93.874 E.37089
G1 X86.534 Y94.019 E.01466
G1 X86.426 Y94.346 E.01166
G1 X87.471 Y94.594 E.03635
M204 P2000
G1 E-2.5 F4200
G1 Z3.6 F720
G1 X93.949 Y85.745 F10800
G1 Z3.4 F720
G1 E2.5 F2400
M204 P4000
;TYPE:Solid infill
;WIDTH:0.450826
G1 F1233
G1 X94.564 Y85.978 E.02231
;WIDTH:0.487854
G1 X94.801 Y86.094 E.00976
;WIDTH:0.524882
G1 X95.038 Y86.211 E.01059
;WIDTH:0.550954
G1 X95.112 Y86.258 E.0037
G1 X95.306 Y86.902 E.02841
;WIDTH:0.504056
G1 X95.447 Y87.554 E.02558
;WIDTH:0.465916
G1 X95.579 Y88.378 E.02935
;WIDTH:0.449452
G1 X95.635 Y88.904 E.01788
;WIDTH:0.438308
G1 X95.681 Y89.858 E.0314
;WIDTH:0.431608
G1 X95.658 Y90.772 E.02955
;WIDTH:0.44234
G1 X95.6 Y91.45 E.0226
;WIDTH:0.461526
G1 X95.493 Y92.2 E.02637
;WIDTH:0.488872
G1 X95.347 Y92.928 E.02753
;WIDTH:0.52859
G1 X95.146 Y93.656 E.0305
;WIDTH:0.54876
G1 X95.113 Y93.74 E.0038
G1 X94.958 Y93.82 E.00734
;WIDTH:0.514343
G1 X94.803 Y93.9 E.00684
;WIDTH:0.479926
G1 X94.648 Y93.98 E.00634
;WIDTH:0.445508
G1 X94.17 Y94.177 E.01731
;WIDTH:0.432174
G1 X93.96 Y94.253 E.00723
M204 P2000
;LAYER_CHANGE
;Z:3.6
;HEIGHT:0.2
;BEFORE_LAYER_CHANGE
G92 E0.0
;3.6
M201 X3998.85 Y3998.85

G1 E-2.5 F4200
G1 Z3.6 F720
;AFTER_LAYER_CHANGE
;3.6
M74 W0.49881

G1 Z3.8
G1 X84.434 Y94.112 F10800
G1 Z3.6 F720
G1 E2.5 F2400
M204 P2500
;TYPE:Perimeter
;WIDTH:0.449999
G1 F1296
G1 X84.429 Y94.11 E.00018
G1 X84.348 Y93.809 E.01055
G1 X84.134 Y92.799 E.03495
G1 X84.048 Y92.277 E.01791
G1 X83.924 Y91.138 E.03878
G1 X83.883 Y90.144 E.03367
G1 X83.906 Y89.144 E.03386
G1 X83.964 Y88.402 E.02519
G1 X84.069 Y87.579 E.02808
G1 X84.215 Y86.776 E.02763
G1 X84.436 Y85.887 E.03101
G1 X85.012 Y85.649 E.0211
G1 X85.715 Y85.408 E.02516
G1 X86.548 Y85.174 E.02929
G1 X87.158 Y85.038 E.02115
G1 X87.845 Y84.919 E.0236
G1 X88.808 Y84.808 E.03281
G1 X89.446 Y84.77 E.02163
G1 X90.356 Y84.764 E.0308
G1 X91.065 Y84.797 E.02402
G1 X91.704 Y84.858 E.02173
G1 X92.333 Y84.946 E.0215
G1 X93.27 Y85.133 E.03234
G1 X93.87 Y85.286 E.02096
G1 X94.457 Y85.464 E.02076
G1 X95.022 Y85.663 E.02028
G1 X95.571 Y85.89 E.02011
G1 X95.652 Y86.191 E.01055
G1 X95.82 Y86.983 E.0274
G1 X95.94 Y87.65 E.02294
G1 X96.004 Y88.204 E.01888
G1 X96.091 Y89.217 E.03442
G1 X96.113 Y90.019 E.02716
G1 X96.094 Y90.856 E.02834
G1 X96.036 Y91.598 E.02519
G1 X95.931 Y92.421 E.02808
G1 X95.785 Y93.224 E.02763
G1 X95.564 Y94.113 E.03101
G1 X94.988 Y94.351 E.0211
G1 X94.285 Y94.592 E.02516
G1 X93.452 Y94.826 E.02929
G1 X92.842 Y94.962 E.02115
G1 X92.217 Y95.072 E.02148
G1 X91.519 Y95.162 E.02382
G1 X90.615 Y95.227 E.03068
G1 X89.903 Y95.241 E.0241
G1 X89.257 Y95.223 E.02187
G1 X88.615 Y95.177 E.02179
G1 X87.982 Y95.102 E.02158
G1 X87.037 Y94.936 E.03248
G1 X86.434 Y94.795 E.02096
G1 X85.54 Y94.534 E.03152
G1 X84.978 Y94.337 E.02016
G1 X84.489 Y94.135 E.01791
M204 P2000
G1 X84.09 Y94.41 F10800
;TYPE:External perimeter
G1 F1296
G1 X84.088 Y94.409 E.00008
G1 X83.952 Y93.905 E.01767
G1 X83.736 Y92.883 E.03536
G1 X83.644 Y92.331 E.01894
G1 X83.518 Y91.168 E.0396
G1 X83.476 Y90.147 E.03459
G1 X83.499 Y89.124 E.03464
G1 X83.559 Y88.36 E.02594
G1 X83.667 Y87.517 E.02877
G1 X83.817 Y86.691 E.02842
G1 X84.091 Y85.589 E.03844
G1 X84.868 Y85.268 E.02846
G1 X85.594 Y85.019 E.02598
G1 X86.449 Y84.779 E.03006
G1 X87.078 Y84.639 E.02181
G1 X87.787 Y84.516 E.02436
G1 X88.772 Y84.402 E.03356
G1 X89.432 Y84.363 E.02238
G1 X90.364 Y84.356 E.03155
G1 X91.094 Y84.391 E.02474
G1 X91.752 Y84.453 E.02237
G1 X92.401 Y84.545 E.02219
G1 X93.36 Y84.736 E.0331
G1 X93.979 Y84.894 E.02162
G1 X94.583 Y85.077 E.02136
G1 X95.168 Y85.283 E.02099
G1 X95.912 Y85.591 E.02726
G1 X96.048 Y86.095 E.01767
G1 X96.264 Y87.117 E.03536
G1 X96.356 Y87.669 E.01894
G1 X96.465 Y88.676 E.03428
G1 X96.497 Y89.2 E.01777
G1 X96.52 Y90.028 E.02804
G1 X96.501 Y90.876 E.02871
G1 X96.441 Y91.64 E.02594
G1 X96.333 Y92.483 E.02877
G1 X96.183 Y93.309 E.02842
G1 X95.909 Y94.411 E.03844
G1 X95.132 Y94.732 E.02846
G1 X94.406 Y94.981 E.02598
G1 X93.551 Y95.221 E.03006
G1 X92.921 Y95.361 E.02184
G1 X92.279 Y95.474 E.02206
G1 X91.559 Y95.567 E.02457
G1 X90.634 Y95.634 E.03139
G3 X89.237 Y95.63 I-.641 J-18.187 E.0473
G1 X88.576 Y95.582 E.02243
G1 X87.923 Y95.505 E.02226
G1 X86.956 Y95.335 E.03323
G1 X86.33 Y95.189 E.02176
G1 X85.415 Y94.922 E.03226
G1 X84.832 Y94.717 E.02092
G1 X84.145 Y94.433 E.02516
G1 X83.999 Y94.061 F10800
G1 E-2.5 F4200
G1 Z3.8 F720
G1 X85.862 Y93.876 F10800
G1 Z3.6 F720
G1 E2.5 F2400
M204 P4000
;TYPE:Internal infill
;WIDTH:0.45
G1 F1296
G1 X85.136 Y93.55 E.02694
G1 X84.935 Y92.762 E.02753
G1 X92.387 Y85.31 E.35672
G1 X92.183 Y85.275 E.00701
G1 X95.265 Y88.356 E.14751
G1 X95.343 Y88.979 E.02125
G1 X95.36 Y89.246 E.00906
G1 X89.716 Y94.89 E.27018
G1 X90.282 Y94.888 E.01916
G1 X84.638 Y89.243 E.2702
G1 X84.728 Y88.364 E.02991
G1 X87.817 Y85.275 E.14787
G1 X87.613 Y85.31 E.00701
M73 P10 R46
G1 X95.069 Y92.766 E.35691
G1 X94.85 Y93.557 E.02778
G1 X93.95 Y93.95 E.03324
G1 X86.05 Y86.05 E.37817
G1 X85.15 Y86.443 E.03324
M73 Q10 S47
G1 X84.931 Y87.234 E.02778
G1 X92.388 Y94.69 E.35694
G1 X92.182 Y94.727 E.00708
G1 X95.272 Y91.636 E.14794
G1 X95.362 Y90.757 E.02991
G1 X89.721 Y85.116 E.27003
G1 X90.279 Y85.116 E.01889
G1 X84.64 Y90.754 E.26991
G1 X84.735 Y91.644 E.0303
G1 X87.812 Y94.72 E.14727
G1 X87.617 Y94.686 E.0067
G1 X95.065 Y87.238 E.35653
G1 X94.864 Y86.45 E.02753
G1 X93.949 Y86.051 E.03379
G1 X86.052 Y93.948 E.37803
G1 X86.385 Y94.061 E.0119
G1 X86.282 Y94.39 E.01167
G1 X87.416 Y94.651 E.03939
M204 P2000
G1 E-2.5 F4200
G1 Z3.8 F720
G1 X85.96 Y85.673 F10800
G1 Z3.6 F720
G1 E2.5 F2400
M204 P4000
;TYPE:Solid infill
;WIDTH:0.445892
G1 F1296
G1 X85.335 Y85.902 E.0223
;WIDTH:0.479772
G1 X85.085 Y86.016 E.00998
;WIDTH:0.513652
G1 X84.835 Y86.131 E.01077
;WIDTH:0.526166
G1 X84.737 Y86.27 E.00683
G1 X84.579 Y86.854 E.02431
;WIDTH:0.502742
G1 X84.421 Y87.634 E.03043
;WIDTH:0.469742
G1 X84.307 Y88.437 E.02878
;WIDTH:0.447192
G1 X84.244 Y89.161 E.02443
;WIDTH:0.434322
G1 X84.222 Y89.82 E.02146
;WIDTH:0.423402
G1 X84.232 Y90.533 E.02256
;WIDTH:0.434364
G1 X84.259 Y91.055 E.01701
;WIDTH:0.438866
G1 X84.264 Y91.113 E.00192
;WIDTH:0.45624
G1 X84.383 Y92.125 E.03502
;WIDTH:0.4809
G1 X84.478 Y92.675 E.02033
;WIDTH:0.513708
G1 X84.685 Y93.58 E.03634
;WIDTH:0.554986
G1 X84.771 Y93.82 E.01086
G1 X84.938 Y93.909 E.00806
;WIDTH:0.518938
G1 X85.105 Y93.997 E.00747
;WIDTH:0.48289
G1 X85.466 Y94.136 E.01415
;WIDTH:0.441909
G1 X85.828 Y94.275 E.01286
;WIDTH:0.400928
G1 X85.909 Y94.303 E.00255
M204 P2000
G1 E-2.5 F4200
G1 Z3.8 F720
G1 X94.048 Y85.678 F10800
G1 Z3.6 F720
G1 E2.5 F2400
M204 P4000
;WIDTH:0.443594
G1 F1296
G1 X94.471 Y85.84 E.01509
;WIDTH:0.482856
G1 X94.893 Y86.002 E.01654
;WIDTH:0.521872
G1 X95.064 Y86.094 E.00773
;WIDTH:0.560888
G1 X95.235 Y86.185 E.00834
G1 X95.379 Y86.755 E.02532
;WIDTH:0.520893
G1 X95.522 Y87.325 E.02336
;WIDTH:0.480898
G1 X95.616 Y87.863 E.01989
;WIDTH:0.456824
G1 X95.617 Y87.875 E.00041
;WIDTH:0.456242
G1 X95.736 Y88.887 E.03502
;WIDTH:0.438864
G1 X95.767 Y89.458 E.01883
;WIDTH:0.423382
G1 X95.778 Y90.17 E.02253
;WIDTH:0.43122
G1 X95.759 Y90.789 E.02
;WIDTH:0.442112
G1 X95.702 Y91.485 E.02318
;WIDTH:0.460962
G1 X95.598 Y92.253 E.02694
;WIDTH:0.487826
G1 X95.455 Y92.999 E.0281
;WIDTH:0.52616
G1 X95.263 Y93.73 E.03037
;WIDTH:0.548924
G1 X95.225 Y93.825 E.0043
G1 X95.043 Y93.914 E.00852
;WIDTH:0.515016
G1 X94.861 Y94.004 E.00797
;WIDTH:0.481107
G1 X94.679 Y94.093 E.00738
;WIDTH:0.447198
G1 X94.187 Y94.277 E.01766
;WIDTH:0.418528
G1 X94.04 Y94.327 E.00485
M204 P2000
;LAYER_CHANGE
;Z:3.8
;HEIGHT:0.2
;BEFORE_LAYER_CHANGE
G92 E0.0
;3.8
M201 X3998.8 Y3998.8

G1 E-2.5 F4200
G1 Z3.8 F720
;AFTER_LAYER_CHANGE
;3.8
M74 W0.522205

G1 Z4
G1 X84.328 Y94.201 F10800
G1 Z3.8 F720
G1 E2.5 F2400
M204 P2500
;TYPE:Perimeter
;WIDTH:0.449999
G1 F1284
G1 X84.317 Y94.197 E.0004
G1 X84.13 Y93.415 E.02722
G1 X84.003 Y92.725 E.02375
G1 X83.884 Y91.845 E.03006
G1 X83.823 Y91.166 E.02308
G1 X83.783 Y90.147 E.03452
G1 X83.805 Y89.127 E.03453
G1 X83.862 Y88.368 E.02576
G1 X83.964 Y87.528 E.02864
G1 X84.105 Y86.706 E.02823
G1 X84.319 Y85.801 E.03148
G1 X84.752 Y85.629 E.01577
G1 X85.469 Y85.387 E.02561
G1 X86.281 Y85.161 E.02853
G1 X86.9 Y85.02 E.02149
G1 X87.532 Y84.905 E.02174
G1 X88.454 Y84.786 E.03147
G1 X89.441 Y84.719 E.03349
G1 X90.147 Y84.71 E.0239
G1 X91.088 Y84.746 E.03187
G1 X91.738 Y84.805 E.02209
G1 X92.383 Y84.892 E.02203
G1 X93.019 Y85.005 E.02186
G1 X93.639 Y85.143 E.0215
G1 X94.554 Y85.396 E.03213
G1 X95.131 Y85.588 E.02058
G1 X95.683 Y85.804 E.02006
G1 X95.87 Y86.585 E.02718
G1 X95.997 Y87.275 E.02375
G1 X96.076 Y87.864 E.02012
G1 X96.146 Y88.491 E.02136
G1 X96.19 Y89.17 E.02303
G1 X96.214 Y90.01 E.02844
G1 X96.195 Y90.873 E.02922
G1 X96.138 Y91.632 E.02576
G1 X96.036 Y92.472 E.02864
G1 X95.895 Y93.294 E.02823
G1 X95.681 Y94.199 E.03148
G1 X95.248 Y94.371 E.01577
G1 X94.531 Y94.613 E.02561
G1 X93.719 Y94.839 E.02853
G1 X93.1 Y94.98 E.02149
G1 X92.468 Y95.095 E.02174
G1 X91.544 Y95.214 E.03153
G1 X90.842 Y95.268 E.02383
G3 X89.243 Y95.274 I-.871 J-19.452 E.05414
G1 X88.588 Y95.228 E.02223
G1 X87.942 Y95.156 E.022
G1 X86.978 Y94.994 E.03309
G1 X86.361 Y94.857 E.02139
G1 X85.446 Y94.604 E.03213
G1 X84.869 Y94.412 E.02058
G1 X84.384 Y94.223 E.01762
M204 P2000
G1 X84 Y94.51 F10800
;TYPE:External perimeter
G1 F1284
G1 X83.971 Y94.498 E.00106
G1 X83.731 Y93.5 E.03474
G1 X83.601 Y92.789 E.02447
G1 X83.479 Y91.891 E.03068
G1 X83.417 Y91.192 E.02375
G1 X83.376 Y90.15 E.0353
G1 X83.398 Y89.107 E.03531
M73 Q10 S46
G1 X83.456 Y88.328 E.02644
G1 X83.561 Y87.469 E.02929
G1 X83.706 Y86.625 E.02899
G1 X83.972 Y85.501 E.0391
G1 X84.611 Y85.246 E.02329
G1 X85.349 Y84.998 E.02635
G1 X86.181 Y84.766 E.02924
G1 X86.819 Y84.621 E.02215
G1 X87.469 Y84.503 E.02236
G1 X88.414 Y84.381 E.03225
G1 X89.424 Y84.312 E.03427
G1 X90.152 Y84.303 E.02464
G1 X91.114 Y84.339 E.03259
G1 X91.783 Y84.4 E.02274
G1 X92.446 Y84.489 E.02264
G1 X93.098 Y84.606 E.02242
G1 X93.738 Y84.748 E.02219
G1 X94.673 Y85.006 E.03283
G1 X95.27 Y85.205 E.0213
G1 X96.029 Y85.502 E.02759
G1 X96.269 Y86.5 E.03474
G1 X96.399 Y87.211 E.02447
G1 X96.48 Y87.809 E.02043
G1 X96.552 Y88.454 E.02197
G1 X96.597 Y89.154 E.02374
G1 X96.621 Y90.018 E.02926
G1 X96.602 Y90.893 E.02962
G1 X96.544 Y91.672 E.02644
G1 X96.439 Y92.531 E.02929
G1 X96.294 Y93.375 E.02899
G1 X96.028 Y94.499 E.0391
G1 X95.389 Y94.754 E.02329
G1 X94.651 Y95.002 E.02635
G1 X93.819 Y95.234 E.02924
G1 X93.181 Y95.379 E.02215
G1 X92.531 Y95.497 E.02236
G1 X91.585 Y95.619 E.03229
G1 X90.862 Y95.674 E.02454
G3 X89.224 Y95.68 I-.891 J-19.92 E.05546
G1 X88.551 Y95.634 E.02283
G1 X87.886 Y95.559 E.02265
G1 X86.9 Y95.394 E.03384
G1 X86.262 Y95.252 E.02212
G1 X85.327 Y94.994 E.03283
G1 X84.73 Y94.795 E.0213
G1 X84.056 Y94.532 E.02449
G1 X83.896 Y94.165 F10800
G1 E-2.5 F4200
G1 Z4 F720
G1 X85.777 Y94.358 F10800
G1 Z3.8 F720
G1 E2.5 F2400
M204 P4000
;TYPE:Solid infill
;WIDTH:0.439541
G1 F1284
G1 X85.383 Y94.215 E.01382
;WIDTH:0.479052
G1 X84.989 Y94.072 E.0152
;WIDTH:0.514482
G1 X84.822 Y93.988 E.00733
;WIDTH:0.549912
G1 X84.654 Y93.903 E.00794
G1 X84.495 Y93.338 E.02474
;WIDTH:0.505036
G1 X84.358 Y92.668 E.02628
;WIDTH:0.476844
G1 X84.228 Y91.806 E.03145
;WIDTH:0.450656
G1 X84.163 Y91.144 E.02255
;WIDTH:0.43804
G1 X84.119 Y90.147 E.03279
;WIDTH:0.431548
G1 X84.141 Y89.191 E.0309
;WIDTH:0.441888
G1 X84.196 Y88.48 E.02366
;WIDTH:0.4604
G1 X84.298 Y87.694 E.02751
;WIDTH:0.486798
G1 X84.437 Y86.929 E.0287
;WIDTH:0.524016
G1 X84.621 Y86.19 E.03046
;WIDTH:0.54389
G1 X84.661 Y86.093 E.00437
G1 X84.873 Y85.991 E.0098
;WIDTH:0.494237
G1 X85.086 Y85.889 E.00886
;WIDTH:0.444584
G1 X85.569 Y85.706 E.01725
;WIDTH:0.426208
G1 X85.788 Y85.632 E.00737
M204 P2000
G1 E-2.5 F4200
G1 Z4 F720
G1 X92.644 Y85.29 F10800
G1 Z3.8 F720
G1 E2.5 F2400
M204 P4000
;TYPE:Internal infill
;WIDTH:0.45
G1 F1284
G1 X93.848 Y85.559 E.04176
G1 X93.747 Y85.863 E.01084
G1 X94.027 Y85.973 E.01018
G1 X85.973 Y94.027 E.38554
G1 X85.031 Y93.635 E.03454
G1 X84.831 Y92.866 E.0269
G1 X92.443 Y85.254 E.36438
G1 X92.113 Y85.204 E.0113
G1 X95.395 Y88.487 E.15713
G1 X95.453 Y89.153 E.02263
G1 X89.667 Y94.939 E.27697
G1 X90.329 Y94.934 E.02241
G1 X84.543 Y89.149 E.27695
G1 X84.601 Y88.49 E.02239
G1 X87.883 Y85.209 E.15708
G1 X87.555 Y85.253 E.0112
G1 X95.17 Y92.867 E.3645
G1 X94.965 Y93.641 E.0271
G1 X94.029 Y94.029 E.0343
G1 X85.971 Y85.971 E.38573
G1 X85.035 Y86.359 E.0343
G1 X84.83 Y87.133 E.0271
G1 X92.445 Y94.747 E.3645
G1 X92.117 Y94.791 E.0112
G1 X95.399 Y91.51 E.15708
G1 X95.457 Y90.851 E.02239
G1 X89.67 Y85.064 E.27702
G1 X90.331 Y85.063 E.02237
G1 X84.547 Y90.847 E.27688
G1 X84.557 Y91.062 E.00729
G1 X84.605 Y91.513 E.01535
G1 X87.887 Y94.796 E.15713
G1 X87.562 Y94.741 E.01116
G1 X95.169 Y87.134 E.36414
G1 X94.969 Y86.365 E.0269
G1 X94.217 Y86.047 E.02764
M204 P2000
G1 X94.223 Y85.642 F10800
M204 P4000
;TYPE:Solid infill
;WIDTH:0.439541
G1 F1284
G1 X94.617 Y85.785 E.01382
;WIDTH:0.479052
G1 X95.011 Y85.928 E.0152
;WIDTH:0.514482
G1 X95.178 Y86.012 E.00733
;WIDTH:0.549912
G1 X95.346 Y86.097 E.00794
G1 X95.505 Y86.662 E.02474
;WIDTH:0.505034
G1 X95.642 Y87.332 E.02628
;WIDTH:0.476842
G1 X95.772 Y88.194 E.03145
;WIDTH:0.450656
G1 X95.838 Y88.856 E.02256
;WIDTH:0.43804
G1 X95.881 Y89.853 E.03279
;WIDTH:0.431546
G1 X95.859 Y90.81 E.03093
;WIDTH:0.441884
G1 X95.804 Y91.52 E.02362
;WIDTH:0.460398
G1 X95.702 Y92.306 E.02751
;WIDTH:0.486798
G1 X95.563 Y93.071 E.0287
;WIDTH:0.524016
G1 X95.379 Y93.81 E.03046
;WIDTH:0.543888
G1 X95.339 Y93.907 E.00437
G1 X95.127 Y94.009 E.0098
;WIDTH:0.494234
G1 X94.914 Y94.111 E.00886
;WIDTH:0.44458
G1 X94.431 Y94.294 E.01725
;WIDTH:0.426208
G1 X94.212 Y94.368 E.00737
M204 P2000
;LAYER_CHANGE
;Z:4
;HEIGHT:0.2
;BEFORE_LAYER_CHANGE
G92 E0.0
;4
M201 X3998.74 Y3998.74

G1 E-2.5 F4200
G1 Z4 F720
;AFTER_LAYER_CHANGE
;4
M74 W0.546067

G1 Z4.2
G1 X84.166 Y94.166 F10800
G1 Z4 F720
G1 E2.5 F2400
M204 P2500
;TYPE:Perimeter
;WIDTH:0.449999
G1 F1348
G1 X84.143 Y94.072 E.00328
G1 X83.996 Y93.367 E.02438
G1 X83.837 Y92.364 E.03437
G1 X83.766 Y91.734 E.02146
G1 X83.722 Y91.191 E.01844
G1 X83.683 Y90.15 E.03526
G1 X83.704 Y89.109 E.03524
G1 X83.759 Y88.334 E.0263
G1 X83.859 Y87.476 E.02924
G1 X83.996 Y86.636 E.02881
G1 X84.202 Y85.718 E.03185
G1 X84.727 Y85.522 E.01897
G1 X85.465 Y85.291 E.02618
G1 X86.319 Y85.071 E.02985
G1 X86.953 Y84.939 E.02192
G1 X87.763 Y84.809 E.02777
G1 X88.596 Y84.719 E.02836
G1 X89.427 Y84.669 E.02818
G1 X90.272 Y84.662 E.0286
G1 X91.107 Y84.695 E.02829
G1 X91.771 Y84.752 E.02256
G1 X92.426 Y84.836 E.02235
G1 X93.401 Y85.011 E.03353
G1 X94.029 Y85.157 E.02182
G1 X94.645 Y85.325 E.02161
G1 X95.24 Y85.512 E.02111
G1 X95.807 Y85.722 E.02047
G1 X95.935 Y86.3 E.02004
G1 X96.05 Y86.924 E.02148
G1 X96.17 Y87.703 E.02668
G1 X96.238 Y88.322 E.02108
G1 X96.292 Y89.178 E.02903
G1 X96.314 Y90 E.02783
G1 X96.296 Y90.891 E.03017
G1 X96.241 Y91.666 E.0263
G1 X96.141 Y92.524 E.02924
G1 X96.004 Y93.364 E.02881
G1 X95.798 Y94.282 E.03185
G1 X95.273 Y94.478 E.01897
G1 X94.535 Y94.709 E.02618
G1 X93.681 Y94.929 E.02985
G1 X93.046 Y95.061 E.02195
G1 X92.398 Y95.168 E.02223
G1 X91.576 Y95.266 E.02802
G1 X90.735 Y95.324 E.02853
G3 X89.229 Y95.324 I-.755 J-20.312 E.05099
G1 X88.561 Y95.28 E.02266
G1 X87.903 Y95.21 E.0224
G1 X86.919 Y95.053 E.03373
G1 X86.288 Y94.92 E.02183
G1 X85.352 Y94.674 E.03276
G1 X84.76 Y94.488 E.021
G1 X84.193 Y94.278 E.02047
G1 X84.18 Y94.224 E.00188
M204 P2000
G1 X83.886 Y94.599 F10800
;TYPE:External perimeter
G1 F1348
G1 X83.85 Y94.585 E.00131
G1 X83.745 Y94.162 E.01475
G1 X83.595 Y93.44 E.02496
G1 X83.434 Y92.418 E.03502
G1 X83.361 Y91.774 E.02194
G1 X83.315 Y91.215 E.01899
G1 X83.276 Y90.153 E.03597
G1 X83.298 Y89.091 E.03596
G1 X83.354 Y88.297 E.02694
G1 X83.455 Y87.42 E.02988
G1 X83.596 Y86.559 E.02953
G1 X83.853 Y85.413 E.03975
G1 X84.595 Y85.136 E.02681
G1 X85.354 Y84.899 E.02691
G1 X86.227 Y84.674 E.03052
G1 X86.879 Y84.539 E.02254
G1 X87.709 Y84.406 E.02845
G1 X88.562 Y84.313 E.02904
G1 X89.414 Y84.262 E.02889
G1 X90.279 Y84.255 E.02928
G1 X91.133 Y84.288 E.02893
G1 X91.814 Y84.347 E.02314
G1 X92.487 Y84.433 E.02297
G1 X93.483 Y84.612 E.03425
G1 X94.128 Y84.762 E.02242
G1 X94.759 Y84.934 E.02214
G1 X95.372 Y85.127 E.02175
G1 X96.15 Y85.415 E.02808
G1 X96.333 Y86.217 E.02784
G1 X96.452 Y86.86 E.02213
G1 X96.575 Y87.657 E.0273
G1 X96.644 Y88.289 E.02152
G1 X96.699 Y89.163 E.02964
G1 X96.721 Y90.009 E.02865
G1 X96.702 Y90.909 E.03047
G1 X96.646 Y91.703 E.02694
G1 X96.545 Y92.58 E.02988
G1 X96.404 Y93.441 E.02953
G1 X96.147 Y94.587 E.03975
G1 X95.405 Y94.864 E.02681
G1 X94.646 Y95.101 E.02691
G1 X93.773 Y95.326 E.03052
G1 X93.12 Y95.461 E.02257
G1 X92.455 Y95.571 E.02282
G1 X91.614 Y95.672 E.02867
G1 X90.753 Y95.731 E.02921
G3 X89.211 Y95.731 I-.772 J-20.799 E.05221
G1 X88.526 Y95.686 E.02324
G1 X87.849 Y95.613 E.02305
G1 X86.845 Y95.453 E.03441
G1 X86.194 Y95.316 E.02252
G1 X85.239 Y95.066 E.03341
G1 X84.628 Y94.873 E.02169
G1 X83.942 Y94.619 E.02476
G1 X83.774 Y94.257 F10800
G1 E-2.5 F4200
G1 Z4.2 F720
G1 X85.707 Y85.968 F10800
G1 Z4 F720
G1 E2.5 F2400
M204 P4000
;TYPE:Internal infill
;WIDTH:0.45
G1 F1348
G1 X84.919 Y86.28 E.02869
G1 X84.728 Y87.031 E.02623
G1 X92.498 Y94.801 E.37195
G1 X92.047 Y94.862 E.0154
G1 X95.515 Y91.394 E.16601
G1 X95.552 Y90.946 E.01522
G1 X89.62 Y85.015 E.28394
G1 X90.382 Y85.013 E.02579
G1 X84.45 Y90.945 E.28396
G1 X84.485 Y91.394 E.01524
G1 X87.959 Y94.868 E.1663
G1 X87.507 Y94.796 E.01549
G1 X95.271 Y87.032 E.37166
G1 X95.083 Y86.283 E.02614
G1 X94.102 Y85.898 E.03567
G1 X85.898 Y94.102 E.39272
G1 X84.917 Y93.717 E.03567
G1 X84.729 Y92.968 E.02614
G1 X92.497 Y85.2 E.37185
G1 X92.044 Y85.136 E.01549
G1 X95.515 Y88.606 E.16613
G1 X95.55 Y89.055 E.01524
G1 X89.618 Y94.988 E.28399
G1 X90.38 Y94.985 E.02579
G1 X84.448 Y89.054 E.28394
G1 X84.485 Y88.606 E.01522
G1 X87.955 Y85.136 E.16611
G1 X87.504 Y85.201 E.01542
G1 X95.272 Y92.969 E.37185
G1 X95.081 Y93.72 E.02623
G1 X94.102 Y94.102 E.03557
G1 X85.898 Y85.898 E.39272
G1 X86.177 Y85.795 E.01007
G1 X86.081 Y85.489 E.01086
G1 X87.303 Y85.233 E.04226
M204 P2000
G1 E-2.5 F4200
G1 Z4.2 F720
G1 X85.703 Y85.562 F10800
G1 Z4 F720
G1 E2.5 F2400
M204 P4000
;TYPE:Solid infill
;WIDTH:0.433258
G1 F1348
G1 X85.054 Y85.785 E.02227
;WIDTH:0.469908
G1 X84.884 Y85.861 E.00661
;WIDTH:0.506557
G1 X84.715 Y85.937 E.00714
;WIDTH:0.543206
G1 X84.545 Y86.014 E.00776
G1 X84.36 Y86.707 E.02984
;WIDTH:0.499848
G1 X84.21 Y87.525 E.0316
;WIDTH:0.468104
G1 X84.102 Y88.366 E.02998
;WIDTH:0.446422
G1 X84.042 Y89.125 E.02554
;WIDTH:0.434106
G1 X84.019 Y90.137 E.03293
;WIDTH:0.434634
G1 X84.058 Y91.114 E.03185
;WIDTH:0.44458
G1 X84.104 Y91.656 E.01817
;WIDTH:0.456582
G1 X84.172 Y92.212 E.01927
;WIDTH:0.487044
G1 X84.334 Y93.173 E.03599
;WIDTH:0.528432
G1 X84.5 Y93.884 E.02948
;WIDTH:0.54835
G1 X84.542 Y93.986 E.00464
G1 X84.708 Y94.067 E.00776
;WIDTH:0.511376
G1 X84.874 Y94.148 E.00719
;WIDTH:0.474402
G1 X85.266 Y94.283 E.01487
;WIDTH:0.437291
G1 X85.659 Y94.418 E.01363
M204 P2000
G1 E-2.5 F4200
G1 Z4.2 F720
G1 X94.321 Y85.574 F10800
G1 Z4 F720
G1 E2.5 F2400
M204 P4000
;WIDTH:0.438092
G1 F1348
G1 X94.724 Y85.713 E.01401
;WIDTH:0.474464
G1 X95.126 Y85.852 E.01526
;WIDTH:0.514355
G1 X95.296 Y85.936 E.00743
;WIDTH:0.554246
G1 X95.467 Y86.02 E.0081
G1 X95.553 Y86.36 E.01491
;WIDTH:0.526831
G1 X95.639 Y86.7 E.01411
;WIDTH:0.499416
G1 X95.813 Y87.684 E.03793
;WIDTH:0.463856
G1 X95.891 Y88.299 E.0217
;WIDTH:0.446692
G1 X95.939 Y88.829 E.01787
;WIDTH:0.43765
G1 X95.981 Y89.85 E.03354
;WIDTH:0.431516
G1 X95.96 Y90.828 E.03161
;WIDTH:0.44166
G1 X95.906 Y91.554 E.02414
;WIDTH:0.459848
G1 X95.807 Y92.358 E.02808
;WIDTH:0.485768
G1 X95.672 Y93.142 E.02929
;WIDTH:0.52174
G1 X95.496 Y93.885 E.0304
;WIDTH:0.543206
G1 X95.455 Y93.986 E.00453
G1 X95.289 Y94.061 E.00758
;WIDTH:0.506808
G1 X95.123 Y94.136 E.00703
;WIDTH:0.470409
G1 X94.958 Y94.211 E.00644
;WIDTH:0.43401
G1 X94.443 Y94.393 E.01776
;WIDTH:0.417212
G1 X94.297 Y94.438 E.00475
M204 P2000
;LAYER_CHANGE
;Z:4.2
;HEIGHT:0.2
;BEFORE_LAYER_CHANGE
G92 E0.0
;4.2
M201 X3998.69 Y3998.69

G1 E-2.5 F4200
G1 Z4.2 F720
;AFTER_LAYER_CHANGE
;4.2
M74 W0.570428

G1 Z4.4
G1 X84.082 Y94.365 F10800
G1 Z4.2 F720
G1 E2.5 F2400
M204 P2500
;TYPE:Perimeter
;WIDTH:0.449999
G1 F1374
G1 X83.928 Y93.663 E.02433
G1 X83.798 Y92.889 E.02657
G1 X83.685 Y91.988 E.03074
G1 X83.624 Y91.257 E.02483
G1 X83.583 Y90.152 E.03743
G1 X83.604 Y89.091 E.03592
G1 X83.657 Y88.301 E.0268
G1 X83.753 Y87.425 E.02983
G1 X83.886 Y86.567 E.02939
G1 X84.084 Y85.635 E.03225
G1 X84.709 Y85.417 E.02241
G1 X85.468 Y85.197 E.02675
G1 X86.365 Y84.984 E.03121
G1 X87.016 Y84.86 E.02243
G1 X87.719 Y84.755 E.02406
G1 X88.738 Y84.654 E.03466
G1 X89.414 Y84.619 E.02291
G1 X90.404 Y84.613 E.03351
G1 X91.126 Y84.643 E.02446
G1 X91.804 Y84.699 E.02303
G1 X92.471 Y84.78 E.02274
G1 X93.466 Y84.95 E.03417
G1 X94.108 Y85.091 E.02225
G1 X94.738 Y85.254 E.02203
G1 X95.349 Y85.436 E.02158
G1 X95.918 Y85.635 E.0204
G1 X96.072 Y86.337 E.02433
G1 X96.202 Y87.111 E.02657
M73 P11 R46
G1 X96.315 Y88.012 E.03074
G1 X96.368 Y88.646 E.02153
G1 X96.392 Y89.153 E.01718
G1 X96.414 Y89.995 E.02851
G1 X96.396 Y90.909 E.03094
G1 X96.343 Y91.699 E.0268
G1 X96.247 Y92.575 E.02983
G1 X96.114 Y93.433 E.02939
G1 X95.916 Y94.365 E.03225
G1 X95.291 Y94.583 E.02241
G1 X94.532 Y94.803 E.02675
G1 X93.635 Y95.016 E.03121
G1 X92.984 Y95.14 E.02243
G1 X92.32 Y95.24 E.02273
G1 X91.607 Y95.319 E.02428
G1 X90.622 Y95.38 E.0334
G1 X89.898 Y95.391 E.02451
G1 X89.215 Y95.375 E.02313
G1 X88.535 Y95.332 E.02306
M73 Q11 S46
G1 X87.863 Y95.264 E.02286
G1 X86.861 Y95.112 E.0343
G1 X86.215 Y94.983 E.0223
G1 X85.259 Y94.745 E.03335
G1 X84.651 Y94.564 E.02147
G1 X84.139 Y94.385 E.01836
M204 P2000
G1 X83.733 Y94.674 F10800
;TYPE:External perimeter
G1 F1374
G1 X83.529 Y93.74 E.03236
G1 X83.395 Y92.948 E.02719
G1 X83.28 Y92.03 E.03132
G1 X83.217 Y91.281 E.02544
G1 X83.176 Y90.156 E.03811
G1 X83.197 Y89.074 E.03663
G1 X83.251 Y88.265 E.02744
G1 X83.35 Y87.372 E.03041
G1 X83.486 Y86.493 E.03011
G1 X83.734 Y85.326 E.04038
G1 X84.586 Y85.029 E.03054
G1 X85.364 Y84.803 E.02742
G1 X86.28 Y84.585 E.03187
G1 X86.947 Y84.458 E.02298
G1 X87.669 Y84.351 E.02471
G1 X88.707 Y84.248 E.03531
G1 X89.403 Y84.212 E.02359
G1 X90.411 Y84.206 E.03412
G1 X91.151 Y84.237 E.02507
G1 X91.845 Y84.294 E.02357
G1 X92.53 Y84.378 E.02336
G1 X93.544 Y84.551 E.03482
G1 X94.203 Y84.695 E.02283
G1 X94.847 Y84.862 E.02252
G1 X95.474 Y85.049 E.02215
G1 X96.267 Y85.326 E.02843
G1 X96.471 Y86.26 E.03236
G1 X96.605 Y87.052 E.02719
G1 X96.72 Y87.97 E.03132
G1 X96.774 Y88.612 E.02181
G1 X96.798 Y89.138 E.01782
G1 X96.821 Y90.003 E.02929
G1 X96.803 Y90.926 E.03125
G1 X96.749 Y91.735 E.02744
G1 X96.65 Y92.628 E.03041
G1 X96.514 Y93.507 E.03011
G1 X96.266 Y94.674 E.04038
G1 X95.414 Y94.971 E.03054
G1 X94.636 Y95.197 E.02742
G1 X93.72 Y95.415 E.03187
G1 X93.052 Y95.542 E.02302
G1 X92.372 Y95.644 E.02327
G1 X91.642 Y95.724 E.02486
G1 X90.638 Y95.787 E.03405
G3 X89.197 Y95.782 I-.641 J-22.178 E.04878
G1 X88.501 Y95.738 E.02361
G1 X87.812 Y95.668 E.02344
G1 X86.79 Y95.513 E.03499
G1 X86.126 Y95.38 E.02292
G1 X85.152 Y95.138 E.03397
G1 X84.526 Y94.951 E.02211
G1 X83.79 Y94.694 E.02639
G1 X83.659 Y94.316 F10800
G1 E-2.5 F4200
G1 Z4.4 F720
G1 X85.539 Y94.478 F10800
G1 Z4.2 F720
G1 E2.5 F2400
M204 P4000
;TYPE:Solid infill
;WIDTH:0.435312
G1 F1374
G1 X85.149 Y94.351 E.01338
;WIDTH:0.470228
G1 X84.759 Y94.224 E.01457
;WIDTH:0.513741
G1 X84.592 Y94.143 E.00727
;WIDTH:0.557254
G1 X84.425 Y94.061 E.00796
G1 X84.297 Y93.591 E.02083
;WIDTH:0.50851
G1 X84.153 Y92.837 E.02972
;WIDTH:0.477276
G1 X84.072 Y92.281 E.02029
;WIDTH:0.453292
G1 X83.964 Y91.236 E.03585
;WIDTH:0.440402
G1 X83.919 Y90.152 E.03586
;WIDTH:0.43148
G1 X83.939 Y89.154 E.03225
;WIDTH:0.441442
G1 X83.992 Y88.412 E.02465
;WIDTH:0.459298
G1 X84.088 Y87.59 E.02865
;WIDTH:0.484746
G1 X84.22 Y86.787 E.0299
;WIDTH:0.519514
G1 X84.387 Y86.04 E.03033
;WIDTH:0.547432
G1 X84.428 Y85.933 E.00481
G1 X84.622 Y85.842 E.00899
;WIDTH:0.503364
G1 X84.816 Y85.751 E.0082
;WIDTH:0.459296
G1 X85.184 Y85.631 E.0134
;WIDTH:0.434025
G1 X85.551 Y85.512 E.01255
;WIDTH:0.408754
G1 X85.619 Y85.492 E.00216
M204 P2000
G1 E-2.5 F4200
G1 Z4.4 F720
G1 X85.631 Y94.109 F10800
G1 Z4.2 F720
G1 E2.5 F2400
M204 P4000
;TYPE:Internal infill
;WIDTH:0.45
G1 F1374
G1 X84.79 Y93.792 E.03042
G1 X84.632 Y93.066 E.02515
G1 X92.552 Y85.145 E.37915
G1 X91.977 Y85.069 E.01963
G1 X95.626 Y88.718 E.17468
G1 X95.645 Y88.894 E.00599
G1 X95.648 Y88.958 E.00217
G1 X89.568 Y95.037 E.29102
G1 X90.431 Y95.037 E.02921
G1 X84.353 Y88.959 E.29095
G1 X84.372 Y88.72 E.00812
G1 X88.019 Y85.073 E.17458
G1 X87.448 Y85.145 E.01948
G1 X95.374 Y93.071 E.37941
G1 X95.198 Y93.798 E.02532
G1 X94.174 Y94.174 E.03692
G1 X85.826 Y85.826 E.39961
G1 X84.802 Y86.202 E.03692
G1 X84.626 Y86.929 E.02532
G1 X92.552 Y94.855 E.37941
G1 X91.979 Y94.93 E.01956
G1 X95.628 Y91.28 E.1747
G1 X95.647 Y91.041 E.00812
G1 X89.57 Y84.965 E.29088
G1 X90.43 Y84.964 E.02911
G1 X84.352 Y91.042 E.29095
G1 X84.374 Y91.282 E.00816
G1 X88.024 Y94.932 E.17472
G1 X87.451 Y94.851 E.01959
G1 X95.368 Y86.934 E.37898
G1 X95.21 Y86.208 E.02515
G1 X94.177 Y85.823 E.03732
G1 X85.823 Y94.177 E.3999
G1 X86.009 Y94.242 E.00667
G1 X85.916 Y94.552 E.01096
G1 X87.25 Y94.821 E.04606
M204 P2000
G1 E-2.5 F4200
G1 Z4.4 F720
G1 X94.444 Y85.515 F10800
G1 Z4.2 F720
G1 E2.5 F2400
M204 P4000
;TYPE:Solid infill
;WIDTH:0.436083
G1 F1374
G1 X94.842 Y85.645 E.01369
;WIDTH:0.470282
G1 X95.24 Y85.776 E.01489
;WIDTH:0.513766
G1 X95.408 Y85.857 E.0073
;WIDTH:0.55725
G1 X95.575 Y85.939 E.00796
G1 X95.703 Y86.409 E.02083
;WIDTH:0.508506
G1 X95.847 Y87.163 E.02972
;WIDTH:0.47728
G1 X95.928 Y87.719 E.02029
;WIDTH:0.453292
G1 X96.036 Y88.764 E.03585
;WIDTH:0.440402
G1 X96.081 Y89.848 E.03586
;WIDTH:0.431476
G1 X96.061 Y90.846 E.03225
;WIDTH:0.441442
G1 X96.008 Y91.588 E.02465
;WIDTH:0.459296
G1 X95.912 Y92.41 E.02865
;WIDTH:0.484748
G1 X95.78 Y93.213 E.0299
;WIDTH:0.519514
G1 X95.613 Y93.96 E.03033
;WIDTH:0.547432
G1 X95.572 Y94.067 E.00481
G1 X95.378 Y94.158 E.00899
;WIDTH:0.503364
G1 X95.184 Y94.249 E.0082
;WIDTH:0.459296
G1 X94.816 Y94.369 E.0134
;WIDTH:0.434024
G1 X94.449 Y94.488 E.01255
;WIDTH:0.408752
G1 X94.381 Y94.508 E.00216
M204 P2000
;LAYER_CHANGE
;Z:4.4
;HEIGHT:0.2
;BEFORE_LAYER_CHANGE
G92 E0.0
;4.4
M201 X3998.63 Y3998.63

G1 E-2.5 F4200
G1 Z4.4 F720
;AFTER_LAYER_CHANGE
;4.4
M74 W0.595281

G1 Z4.6
G1 X83.951 Y94.377 F10800
G1 Z4.4 F720
G1 E2.5 F2400
M204 P2500
;TYPE:Perimeter
;WIDTH:0.449999
G1 F1400
G1 X83.794 Y93.606 E.02663
G1 X83.628 Y92.458 E.03926
G1 X83.572 Y91.927 E.01807
G1 X83.519 Y91.237 E.02342
G1 X83.483 Y90.156 E.03661
G1 X83.503 Y89.074 E.03663
G1 X83.555 Y88.268 E.02734
G1 X83.648 Y87.374 E.03042
G1 X83.777 Y86.497 E.03
G1 X83.967 Y85.548 E.03276
G1 X84.438 Y85.391 E.01681
G1 X85.211 Y85.171 E.0272
G1 X86.084 Y84.965 E.03036
G1 X86.743 Y84.838 E.02272
G1 X87.681 Y84.7 E.03209
G1 X88.446 Y84.622 E.02603
G1 X89.408 Y84.568 E.03261
G1 X90.184 Y84.56 E.02627
G1 X91.149 Y84.592 E.03268
G1 X91.836 Y84.646 E.02333
G1 X92.52 Y84.725 E.02331
G1 X93.195 Y84.829 E.02312
G1 X93.857 Y84.954 E.0228
G1 X94.834 Y85.185 E.03398
G1 X95.457 Y85.36 E.0219
G1 X96.034 Y85.551 E.02057
G1 X96.151 Y86.125 E.01983
G1 X96.262 Y86.777 E.02239
G1 X96.397 Y87.778 E.03419
G1 X96.454 Y88.408 E.02141
G1 X96.493 Y89.117 E.02404
G1 X96.515 Y89.982 E.02929
G1 X96.497 Y90.926 E.03196
G1 X96.445 Y91.732 E.02734
G1 X96.352 Y92.626 E.03042
G1 X96.223 Y93.503 E.03
G1 X96.033 Y94.452 E.03276
G1 X95.562 Y94.609 E.01681
G1 X94.789 Y94.829 E.0272
G1 X93.916 Y95.035 E.03036
G1 X93.255 Y95.162 E.02278
G1 X92.583 Y95.266 E.02302
G1 X91.632 Y95.371 E.03239
G1 X90.861 Y95.421 E.02615
G3 X89.201 Y95.425 I-.889 J-23.661 E.0562
G1 X88.508 Y95.384 E.0235
G1 X87.824 Y95.318 E.02326
G1 X86.802 Y95.171 E.03495
G1 X86.143 Y95.046 E.0227
G1 X85.166 Y94.815 E.03398
G1 X84.543 Y94.64 E.0219
G1 X83.966 Y94.449 E.02057
G1 X83.963 Y94.436 E.00045
M204 P2000
G1 X83.627 Y94.766 F10800
;TYPE:External perimeter
G1 F1400
G1 X83.614 Y94.762 E.00046
G1 X83.393 Y93.676 E.03751
G1 X83.224 Y92.508 E.03995
G1 X83.167 Y91.964 E.01851
G1 X83.113 Y91.259 E.02393
G1 X83.076 Y90.159 E.03725
G1 X83.096 Y89.057 E.03731
G1 X83.149 Y88.233 E.02795
G1 X83.244 Y87.323 E.03097
G1 X83.376 Y86.427 E.03066
G1 X83.615 Y85.237 E.04108
G1 X84.318 Y85.002 E.02509
G1 X85.108 Y84.777 E.0278
G1 X85.999 Y84.567 E.03099
G1 X86.675 Y84.437 E.0233
G1 X87.631 Y84.296 E.03271
G1 X88.414 Y84.216 E.02664
G1 X89.394 Y84.161 E.03322
G1 X90.188 Y84.153 E.02688
G1 X91.171 Y84.186 E.03329
G1 X91.876 Y84.241 E.02394
G1 X92.574 Y84.322 E.02378
G1 X93.264 Y84.427 E.02362
G1 X93.942 Y84.556 E.02336
G1 X94.936 Y84.79 E.03457
G1 X95.576 Y84.971 E.02251
G1 X96.386 Y85.238 E.02887
G1 X96.55 Y86.043 E.02781
G1 X96.664 Y86.719 E.0232
G1 X96.802 Y87.736 E.03474
G1 X96.859 Y88.377 E.02178
G1 X96.899 Y89.103 E.02461
G1 X96.922 Y89.99 E.03003
G1 X96.904 Y90.943 E.03226
G1 X96.851 Y91.767 E.02795
G1 X96.756 Y92.677 E.03097
G1 X96.624 Y93.573 E.03066
G1 X96.385 Y94.763 E.04108
M73 P11 R45
G1 X95.682 Y94.998 E.02509
G1 X94.892 Y95.223 E.0278
G1 X94.001 Y95.433 E.03099
G1 X93.325 Y95.563 E.0233
G1 X92.636 Y95.67 E.0236
G1 X91.668 Y95.777 E.03297
G1 X90.878 Y95.828 E.0268
G3 X89.184 Y95.832 I-.906 J-24.133 E.05735
G1 X88.476 Y95.79 E.02401
G1 X87.775 Y95.722 E.02384
G1 X86.735 Y95.572 E.03557
G1 X86.058 Y95.444 E.02332
G1 X85.064 Y95.21 E.03457
G1 X84.424 Y95.029 E.02251
G1 X83.684 Y94.785 E.02637
G1 X83.547 Y94.409 F10800
G1 E-2.5 F4200
G1 Z4.6 F720
G1 X85.438 Y85.448 F10800
G1 Z4.4 F720
G1 E2.5 F2400
M204 P4000
;TYPE:Solid infill
;WIDTH:0.43413
G1 F1400
G1 X84.766 Y85.658 E.0229
;WIDTH:0.47168
G1 X84.613 Y85.724 E.00594
;WIDTH:0.50923
G1 X84.461 Y85.789 E.00641
;WIDTH:0.54678
G1 X84.308 Y85.855 E.00698
G1 X84.141 Y86.561 E.03039
;WIDTH:0.49697
G1 X83.999 Y87.418 E.0328
;WIDTH:0.46648
G1 X83.897 Y88.296 E.03113
;WIDTH:0.445672
G1 X83.841 Y89.088 E.02659
;WIDTH:0.433832
G1 X83.839 Y89.136 E.00156
;WIDTH:0.43144
G1 X83.818 Y90.144 E.03257
;WIDTH:0.428744
G1 X83.818 Y90.155 E.00035
;WIDTH:0.434442
G1 X83.855 Y91.161 E.03277
;WIDTH:0.445842
G1 X83.91 Y91.839 E.02279
;WIDTH:0.464888
G1 X83.978 Y92.414 E.02032
;WIDTH:0.487762
G1 X84.134 Y93.41 E.03729
;WIDTH:0.517374
G1 X84.269 Y94.037 E.0253
;WIDTH:0.547308
G1 X84.31 Y94.147 E.00492
G1 X84.477 Y94.224 E.00771
;WIDTH:0.506419
G1 X84.645 Y94.301 E.00712
;WIDTH:0.46553
G1 X85.031 Y94.42 E.01419
;WIDTH:0.43302
G1 X85.417 Y94.539 E.0131
M204 P2000
G1 E-2.5 F4200
G1 Z4.6 F720
G1 X95.726 Y88.633 F10800
G1 Z4.4 F720
G1 E2.5 F2400
M204 P4000
;TYPE:Internal infill
;WIDTH:0.45
G1 F1400
G1 X95.476 Y86.827 E.06171
G1 X87.396 Y94.907 E.38679
G1 X88.087 Y94.996 E.02358
G1 X84.254 Y91.14 E.18403
G1 X90.478 Y84.916 E.29794
G1 X89.519 Y84.914 E.03246
G1 X95.743 Y91.137 E.29792
G1 X91.917 Y94.992 E.18384
G1 X92.609 Y94.912 E.02358
G1 X84.523 Y86.826 E.38707
G1 X84.688 Y86.119 E.02457
G1 X85.748 Y85.748 E.03801
G1 X94.252 Y94.252 E.40708
G1 X95.312 Y93.881 E.03801
G1 X95.477 Y93.174 E.02457
G1 X87.395 Y85.092 E.38688
G1 X88.085 Y85.007 E.02353
G1 X84.257 Y88.863 E.18392
G1 X90.477 Y95.083 E.29775
G1 X89.519 Y95.086 E.03243
G1 X95.746 Y88.86 E.29806
G1 X91.911 Y85.003 E.18411
G1 X92.608 Y85.089 E.02377
G1 X84.524 Y93.173 E.38698
G1 X84.684 Y93.877 E.02444
G1 X85.749 Y94.251 E.03821
G1 X94.251 Y85.749 E.40699
G1 X94.117 Y85.705 E.00477
G1 X94.206 Y85.392 E.01101
G1 X92.81 Y85.12 E.04814
M204 P2000
G1 E-2.5 F4200
G1 Z4.6 F720
G1 X94.584 Y85.461 F10800
G1 Z4.4 F720
G1 E2.5 F2400
M204 P4000
;TYPE:Solid infill
;WIDTH:0.433017
G1 F1400
G1 X94.969 Y85.58 E.01307
;WIDTH:0.465528
G1 X95.355 Y85.699 E.01419
;WIDTH:0.507172
G1 X95.524 Y85.777 E.00719
;WIDTH:0.548816
G1 X95.692 Y85.854 E.00777
G1 X95.84 Y86.458 E.02616
;WIDTH:0.499702
G1 X95.977 Y87.271 E.03131
;WIDTH:0.462138
G1 X96.084 Y88.104 E.02928
;WIDTH:0.448964
G1 X96.141 Y88.782 E.02297
;WIDTH:0.437398
G1 X96.145 Y88.839 E.00187
;WIDTH:0.434442
G1 X96.182 Y89.847 E.03284
;WIDTH:0.42874
G1 X96.182 Y89.857 E.00032
;WIDTH:0.43144
G1 X96.161 Y90.864 E.03254
;WIDTH:0.441224
G1 X96.11 Y91.622 E.02516
;WIDTH:0.458758
G1 X96.017 Y92.462 E.02922
;WIDTH:0.483732
G1 X95.889 Y93.283 E.03046
;WIDTH:0.517528
G1 X95.728 Y94.04 E.03054
;WIDTH:0.542894
G1 X95.686 Y94.149 E.00486
G1 X95.536 Y94.213 E.00678
;WIDTH:0.506639
G1 X95.385 Y94.277 E.00632
;WIDTH:0.470384
G1 X95.234 Y94.342 E.00584
;WIDTH:0.434128
G1 X94.705 Y94.511 E.01806
;WIDTH:0.415954
G1 X94.562 Y94.552 E.00461
M204 P2000
;LAYER_CHANGE
;Z:4.6
;HEIGHT:0.2
;BEFORE_LAYER_CHANGE
G92 E0.0
;4.6
M201 X3998.57 Y3998.57

G1 E-2.5 F4200
G1 Z4.6 F720
;AFTER_LAYER_CHANGE
;4.6
M74 W0.620611

G1 Z4.8
G1 X83.818 Y94.386 F10800
G1 Z4.6 F720
G1 E2.5 F2400
M204 P2500
;TYPE:Perimeter
;WIDTH:0.449999
G1 F1433
G1 X83.711 Y93.844 E.0187
G1 X83.588 Y93.042 E.02746
G1 X83.478 Y92.066 E.03325
G1 X83.422 Y91.337 E.02475
G1 X83.383 Y90.158 E.03993
G1 X83.402 Y89.056 E.03731
G1 X83.452 Y88.234 E.02788
G1 X83.542 Y87.323 E.03099
G1 X83.667 Y86.428 E.03059
G1 X83.85 Y85.465 E.03318
G1 X84.422 Y85.286 E.02029
G1 X85.215 Y85.077 E.02776
G1 X86.131 Y84.878 E.03173
G1 X86.807 Y84.759 E.02323
G1 X87.638 Y84.645 E.02839
G1 X88.547 Y84.561 E.0309
G1 X89.395 Y84.518 E.02874
G1 X90.316 Y84.512 E.03118
G1 X91.168 Y84.541 E.02886
G1 X91.869 Y84.593 E.02379
G1 X92.563 Y84.669 E.02363
G1 X93.597 Y84.829 E.03542
G1 X94.266 Y84.961 E.02308
G1 X94.924 Y85.113 E.02286
G1 X95.565 Y85.284 E.02246
G1 X96.153 Y85.467 E.02084
G1 X96.289 Y86.156 E.02377
G1 X96.412 Y86.958 E.02746
G1 X96.522 Y87.934 E.03325
G1 X96.571 Y88.574 E.02173
G1 X96.593 Y89.114 E.01829
G1 X96.615 Y89.978 E.02925
G1 X96.598 Y90.944 E.0327
G1 X96.548 Y91.766 E.02788
G1 X96.458 Y92.677 E.03099
G1 X96.333 Y93.572 E.03059
G1 X96.15 Y94.535 E.03318
G1 X95.578 Y94.714 E.02029
G1 X94.785 Y94.923 E.02776
G1 X93.869 Y95.122 E.03173
G1 X93.192 Y95.242 E.02327
G1 X92.504 Y95.338 E.02351
G1 X91.663 Y95.423 E.02861
G1 X90.747 Y95.477 E.03106
G3 X89.187 Y95.476 I-.764 J-24.855 E.05281
G1 X88.482 Y95.436 E.0239
G1 X87.784 Y95.372 E.02373
G1 X86.744 Y95.23 E.03553
G1 X86.071 Y95.109 E.02315
G1 X85.073 Y94.886 E.03461
G1 X84.435 Y94.716 E.02235
G1 X83.847 Y94.533 E.02084
G1 X83.83 Y94.445 E.00303
M204 P2000
G1 X83.499 Y94.851 F10800
;TYPE:External perimeter
G1 F1433
G1 X83.495 Y94.85 E.00014
G1 X83.31 Y93.914 E.0323
G1 X83.184 Y93.096 E.02801
G1 X83.073 Y92.104 E.03379
G1 X83.016 Y91.359 E.02529
G1 X82.976 Y90.161 E.04057
G1 X82.995 Y89.04 E.03795
G1 X83.046 Y88.202 E.02842
G1 X83.138 Y87.275 E.03153
G1 X83.265 Y86.362 E.0312
G1 X83.496 Y85.15 E.04176
G1 X84.309 Y84.895 E.02884
G1 X85.12 Y84.681 E.02839
G1 X86.053 Y84.478 E.03232
G1 X86.744 Y84.356 E.02375
G1 X87.591 Y84.241 E.02893
G1 X88.518 Y84.155 E.03151
G1 X89.384 Y84.111 E.02935
G1 X90.322 Y84.105 E.03175
G1 X91.19 Y84.134 E.0294
G1 X91.907 Y84.188 E.02434
G1 X92.616 Y84.266 E.02414
G1 X93.667 Y84.428 E.036
G1 X94.351 Y84.563 E.0236
G1 X95.023 Y84.718 E.02334
G1 X95.678 Y84.893 E.02295
G1 X96.505 Y85.15 E.02931
G1 X96.69 Y86.086 E.0323
G1 X96.816 Y86.904 E.02801
G1 X96.927 Y87.896 E.03379
G1 X96.977 Y88.543 E.02197
G1 X97 Y89.101 E.0189
G1 X97.022 Y89.985 E.02993
G1 X97.005 Y90.96 E.03301
G1 X96.954 Y91.798 E.02842
G1 X96.862 Y92.725 E.03153
G1 X96.735 Y93.638 E.0312
G1 X96.504 Y94.85 E.04176
G1 X95.691 Y95.105 E.02884
G1 X94.88 Y95.319 E.02839
G1 X93.947 Y95.522 E.03232
G1 X93.256 Y95.644 E.02375
G1 X92.553 Y95.742 E.02403
G1 X91.696 Y95.829 E.02916
G1 X90.762 Y95.884 E.03167
G3 X89.171 Y95.883 I-.779 J-25.348 E.05386
G1 X88.451 Y95.842 E.02441
G1 X87.738 Y95.776 E.02424
G1 X86.68 Y95.632 E.03614
G1 X85.991 Y95.508 E.0237
G1 X84.976 Y95.282 E.0352
G1 X84.322 Y95.107 E.02292
G1 X83.556 Y94.869 E.02715
G1 X83.428 Y94.49 F10800
G1 E-2.5 F4200
G1 Z4.8 F720
G1 X85.292 Y94.601 F10800
G1 Z4.6 F720
G1 E2.5 F2400
M204 P4000
;TYPE:Solid infill
;WIDTH:0.431045
G1 F1433
G1 X84.912 Y94.489 E.01279
;WIDTH:0.461388
G1 X84.531 Y94.378 E.01381
;WIDTH:0.502844
G1 X84.359 Y94.3 E.00722
;WIDTH:0.5443
G1 X84.186 Y94.221 E.00793
G1 X84.096 Y93.797 E.01807
;WIDTH:0.513721
G1 X84.006 Y93.373 E.01697
;WIDTH:0.483142
G1 X83.861 Y92.367 E.0372
;WIDTH:0.452394
G1 X83.795 Y91.736 E.0216
;WIDTH:0.441266
G1 X83.755 Y91.195 E.01797
;WIDTH:0.432904
G1 X83.755 Y91.186 E.00029
;WIDTH:0.432682
G1 X83.718 Y90.155 E.03344
;WIDTH:0.428696
G1 X83.718 Y90.146 E.00029
;WIDTH:0.431402
G1 X83.738 Y89.118 E.03321
;WIDTH:0.441016
G1 X83.788 Y88.344 E.02567
;WIDTH:0.45822
G1 X83.878 Y87.486 E.02979
;WIDTH:0.48273
G1 X84.002 Y86.647 E.03102
;WIDTH:0.515436
G1 X84.156 Y85.884 E.03058
;WIDTH:0.547306
G1 X84.196 Y85.77 E.00507
G1 X84.357 Y85.696 E.00743
;WIDTH:0.501928
G1 X84.518 Y85.622 E.00676
;WIDTH:0.45655
G1 X85.291 Y85.393 E.02773
;WIDTH:0.40757
G1 X85.348 Y85.378 E.00179
M204 P2000
G1 E-2.5 F4200
G1 Z4.8 F720
G1 X84.175 Y91.439 F10800
G1 Z4.6 F720
G1 E2.5 F2400
M204 P4000
;TYPE:Internal infill
;WIDTH:0.45
G1 F1433
G2 X84.419 Y93.278 I19.253 J-1.617 E.06282
G1 X92.662 Y85.035 E.39459
G1 X91.847 Y84.939 E.02778
G1 X95.851 Y88.943 E.19167
G1 X95.841 Y88.764 E.00607
G1 X89.47 Y95.136 E.305
G1 X90.529 Y95.135 E.03585
G1 X84.161 Y88.767 E.30483
G1 X84.149 Y88.943 E.00597
G1 X88.146 Y84.946 E.19133
G1 X87.338 Y85.035 E.02752
G1 X95.581 Y93.278 E.39459
G1 X95.428 Y93.96 E.02366
G1 X94.323 Y94.323 E.03937
G1 X85.677 Y85.677 E.41388
G1 X84.572 Y86.04 E.03937
G1 X84.419 Y86.722 E.02366
G1 X92.663 Y94.966 E.39464
G1 X91.852 Y95.057 E.02762
M73 P12 R45
G1 X95.851 Y91.057 E.19145
G1 X95.839 Y91.233 E.00597
M73 Q12 S46
G1 X89.469 Y84.864 E.3049
G1 X90.529 Y84.865 E.03588
G1 X84.159 Y91.236 E.30495
G1 X84.149 Y91.057 E.00607
G1 X88.15 Y95.058 E.19153
G1 X87.341 Y94.962 E.02758
G1 X95.581 Y86.722 E.39444
G1 X95.438 Y86.045 E.02342
G1 X94.324 Y85.676 E.03972
G1 X85.676 Y94.324 E.41397
G1 X85.756 Y94.349 E.00284
G1 X85.671 Y94.665 E.01108
G1 X87.139 Y94.935 E.05052
M204 P2000
G1 E-2.5 F4200
G1 Z4.8 F720
G1 X94.697 Y85.395 F10800
G1 Z4.6 F720
G1 E2.5 F2400
M204 P4000
;TYPE:Solid infill
;WIDTH:0.431756
G1 F1433
G1 X95.083 Y85.509 E.01301
;WIDTH:0.46142
G1 X95.468 Y85.622 E.01396
;WIDTH:0.504211
G1 X95.64 Y85.698 E.00721
;WIDTH:0.547002
G1 X95.812 Y85.774 E.00788
G1 X95.903 Y86.2 E.01826
;WIDTH:0.515071
G1 X95.994 Y86.627 E.01714
;WIDTH:0.48314
G1 X96.139 Y87.633 E.0372
;WIDTH:0.452396
G1 X96.205 Y88.264 E.0216
;WIDTH:0.441264
G1 X96.245 Y88.805 E.01797
;WIDTH:0.432908
G1 X96.245 Y88.814 E.00029
;WIDTH:0.432682
G1 X96.282 Y89.845 E.03344
;WIDTH:0.428698
G1 X96.282 Y89.854 E.00029
;WIDTH:0.4314
G1 X96.262 Y90.882 E.03321
;WIDTH:0.441012
G1 X96.212 Y91.656 E.02567
;WIDTH:0.458218
G1 X96.122 Y92.514 E.02979
;WIDTH:0.48273
G1 X95.998 Y93.353 E.03102
;WIDTH:0.515434
G1 X95.844 Y94.116 E.03058
;WIDTH:0.547304
G1 X95.804 Y94.23 E.00507
G1 X95.643 Y94.304 E.00743
;WIDTH:0.501927
G1 X95.482 Y94.378 E.00676
;WIDTH:0.45655
G1 X94.709 Y94.607 E.02773
;WIDTH:0.407568
G1 X94.652 Y94.622 E.00179
M204 P2000
;LAYER_CHANGE
;Z:4.8
;HEIGHT:0.2
;BEFORE_LAYER_CHANGE
G92 E0.0
;4.8
M201 X3998.51 Y3998.51

G1 E-2.5 F4200
G1 Z4.8 F720
;AFTER_LAYER_CHANGE
;4.8
M74 W0.646578

G1 Z5
G1 X83.728 Y94.613 F10800
G1 Z4.8 F720
G1 E2.5 F2400
M204 P2500
;TYPE:Perimeter
;WIDTH:0.449999
G1 F1461
G3 X83.443 Y92.794 I25.306 J-4.889 E.06234
G1 X83.375 Y92.106 E.0234
G1 X83.328 Y91.479 E.02128
G1 X83.3 Y90.91 E.01928
G3 X83.302 Y89.039 I29.715 J-.904 E.06334
G1 X83.35 Y88.201 E.02841
G1 X83.437 Y87.273 E.03155
G1 X83.557 Y86.359 E.0312
G1 X83.733 Y85.382 E.0336
G1 X84.412 Y85.184 E.02394
G1 X85.226 Y84.986 E.02836
G1 X86.186 Y84.793 E.03314
G1 X86.876 Y84.682 E.02366
G1 X87.94 Y84.556 E.03627
G1 X88.667 Y84.499 E.02468
G1 X89.383 Y84.468 E.02426
G1 X90.455 Y84.463 E.03629
G1 X91.187 Y84.49 E.02479
G1 X91.902 Y84.54 E.02426
G1 X92.608 Y84.614 E.02403
G1 X93.662 Y84.767 E.03605
G1 X94.345 Y84.895 E.02352
G1 X95.017 Y85.042 E.02328
G1 X95.672 Y85.207 E.02286
G1 X96.271 Y85.383 E.02113
G3 X96.477 Y86.643 I-15.792 J3.227 E.04323
G1 X96.572 Y87.36 E.02448
G1 X96.635 Y88.022 E.02251
G1 X96.675 Y88.573 E.0187
G1 X96.702 Y89.153 E.01965
G1 X96.717 Y89.836 E.02312
G1 X96.698 Y90.961 E.03809
G1 X96.65 Y91.799 E.02841
G1 X96.563 Y92.727 E.03155
M73 Q12 S45
G1 X96.443 Y93.641 E.0312
G1 X96.267 Y94.62 E.03367
G1 X95.857 Y94.743 E.01449
G1 X95.048 Y94.951 E.02827
G1 X94.157 Y95.144 E.03086
G1 X93.458 Y95.267 E.02402
G1 X92.416 Y95.408 E.03559
G1 X91.694 Y95.476 E.02455
G1 X90.627 Y95.532 E.03617
G1 X89.893 Y95.541 E.02485
G1 X89.173 Y95.527 E.02438
G1 X88.455 Y95.488 E.02434
G1 X87.745 Y95.426 E.02412
G1 X86.685 Y95.289 E.03618
G1 X85.999 Y95.172 E.02356
G1 X84.98 Y94.957 E.03525
G1 X84.328 Y94.793 E.02276
G1 X83.783 Y94.633 E.01923
M204 P2000
G1 X83.375 Y94.938 F10800
;TYPE:External perimeter
G1 F1461
G1 X83.218 Y94.114 E.02839
G1 X83.039 Y92.842 E.04348
G1 X82.969 Y92.142 E.02381
G1 X82.921 Y91.505 E.02162
G1 X82.893 Y90.925 E.01966
G3 X82.895 Y89.024 I30.172 J-.92 E.06436
G1 X82.944 Y88.171 E.02892
G1 X83.032 Y87.227 E.03209
G1 X83.155 Y86.296 E.03179
G1 X83.377 Y85.062 E.04244
G1 X84.307 Y84.791 E.03279
G1 X85.138 Y84.588 E.02896
G1 X86.114 Y84.392 E.0337
G1 X86.819 Y84.279 E.02417
G1 X87.9 Y84.15 E.03685
G1 X88.642 Y84.093 E.02519
G1 X89.373 Y84.06 E.02477
G1 X90.461 Y84.056 E.03683
G1 X91.208 Y84.083 E.0253
G1 X91.937 Y84.135 E.02474
G1 X92.659 Y84.21 E.02457
G1 X93.728 Y84.366 E.03657
G1 X94.426 Y84.496 E.02403
G1 X95.11 Y84.646 E.0237
G1 X95.779 Y84.815 E.02336
G1 X96.625 Y85.062 E.02983
G1 X96.782 Y85.886 E.02839
G1 X96.88 Y86.586 E.02393
G1 X96.977 Y87.319 E.02503
G1 X97.041 Y87.992 E.02288
G1 X97.081 Y88.553 E.01904
G1 X97.109 Y89.144 E.02003
G1 X97.124 Y89.835 E.0234
G1 X97.105 Y90.976 E.03863
G1 X97.056 Y91.829 E.02892
G1 X96.968 Y92.773 E.03209
G1 X96.845 Y93.704 E.03179
G1 X96.623 Y94.939 E.04247
G1 X95.966 Y95.135 E.02321
G1 X95.142 Y95.347 E.0288
G1 X94.235 Y95.543 E.03141
G1 X93.521 Y95.67 E.02455
G1 X92.462 Y95.813 E.03617
G1 X91.724 Y95.882 E.02509
G1 X90.64 Y95.939 E.03674
G1 X89.891 Y95.948 E.02535
G1 X89.158 Y95.933 E.02482
G1 X88.427 Y95.894 E.02478
G1 X87.702 Y95.831 E.02463
G1 X86.625 Y95.692 E.03676
G1 X85.923 Y95.572 E.02411
G1 X84.889 Y95.354 E.03577
G1 X84.221 Y95.185 E.02332
G1 X83.433 Y94.955 E.02779
G1 X83.31 Y94.574 F10800
G1 E-2.5 F4200
G1 Z5 F720
G1 X85.184 Y85.329 F10800
G1 Z4.8 F720
G1 E2.5 F2400
M204 P4000
;TYPE:Solid infill
;WIDTH:0.44682
G1 F1461
G1 X84.501 Y85.517 E.02379
;WIDTH:0.496772
G1 X84.291 Y85.604 E.00858
;WIDTH:0.546724
G1 X84.081 Y85.692 E.00954
G1 X84.001 Y86.054 E.01553
;WIDTH:0.520421
G1 X83.921 Y86.416 E.01472
;WIDTH:0.494118
G1 X83.788 Y87.312 E.03398
;WIDTH:0.4649
G1 X83.692 Y88.227 E.03228
;WIDTH:0.444926
G1 X83.639 Y89.051 E.0276
;WIDTH:0.433576
G1 X83.637 Y89.1 E.00159
;WIDTH:0.431368
G1 X83.618 Y90.15 E.03392
;WIDTH:0.439386
G1 X83.64 Y90.897 E.02464
;WIDTH:0.445106
G1 X83.711 Y91.983 E.0364
;WIDTH:0.468068
G1 X83.796 Y92.751 E.02732
;WIDTH:0.487456
G1 X83.933 Y93.658 E.03391
;WIDTH:0.517984
G1 X84.034 Y94.192 E.02147
;WIDTH:0.546442
G1 X84.078 Y94.309 E.00523
G1 X84.248 Y94.382 E.00775
;WIDTH:0.501691
G1 X84.418 Y94.455 E.00706
;WIDTH:0.45694
G1 X84.792 Y94.559 E.01336
;WIDTH:0.42888
G1 X85.166 Y94.663 E.01246
M204 P2000
G1 E-2.5 F4200
G1 Z5 F720
G1 X88.413 Y84.866 F10800
G1 Z4.8 F720
G1 E2.5 F2400
M204 P4000
;TYPE:Internal infill
;WIDTH:0.45
G1 F1461
G1 X89.419 Y84.814 E.0341
G1 X95.935 Y91.33 E.31192
G1 X95.961 Y90.947 E.01299
G1 X91.789 Y95.119 E.19971
G1 X92.716 Y95.019 E.03156
G1 X84.316 Y86.619 E.4021
G1 X84.356 Y86.433 E.00644
G1 X85.01 Y85.779 E.03131
G1 X85.606 Y85.606 E.02101
G1 X94.394 Y94.394 E.42068
G1 X94.99 Y94.221 E.02101
G1 X95.644 Y93.567 E.03131
G1 X95.684 Y93.381 E.00644
G1 X87.285 Y84.982 E.40206
G1 X88.21 Y84.882 E.03149
G1 X84.039 Y89.053 E.19966
G1 X84.065 Y88.67 E.01299
G1 X90.581 Y95.187 E.31194
G1 X89.894 Y95.195 E.02326
G1 X89.42 Y95.186 E.01605
G1 X95.937 Y88.668 E.31199
G1 X95.956 Y89.047 E.01284
G1 X91.787 Y84.879 E.19954
G1 X92.718 Y84.979 E.03169
G1 X84.318 Y93.379 E.4021
G1 X84.349 Y93.56 E.00622
G1 X85.009 Y94.22 E.03159
G1 X85.603 Y94.397 E.02098
G1 X94.397 Y85.603 E.42096
G1 X94.991 Y85.78 E.02098
G1 X95.651 Y86.44 E.03159
G1 X95.682 Y86.621 E.00622
G1 X87.285 Y95.018 E.40196
G1 X88.211 Y95.119 E.03153
G1 X84.044 Y90.953 E.19945
G1 X84.063 Y91.332 E.01284
G1 X90.581 Y84.814 E.31201
G1 X91.584 Y84.865 E.03399
M204 P2000
G1 E-2.5 F4200
G1 Z5 F720
G1 X94.827 Y85.334 F10800
G1 Z4.8 F720
G1 E2.5 F2400
M204 P4000
;TYPE:Solid infill
;WIDTH:0.429564
G1 F1461
G1 X95.204 Y85.44 E.01259
;WIDTH:0.45696
G1 X95.581 Y85.545 E.01347
;WIDTH:0.503628
G1 X95.755 Y85.62 E.00726
;WIDTH:0.550296
G1 X95.928 Y85.695 E.00795
G1 X95.996 Y86.013 E.01372
;WIDTH:0.519152
G1 X96.065 Y86.331 E.01289
;WIDTH:0.488008
G1 X96.185 Y87.107 E.02906
;WIDTH:0.466096
G1 X96.28 Y87.923 E.02891
;WIDTH:0.450796
G1 X96.342 Y88.739 E.02775
;WIDTH:0.430136
G1 X96.382 Y89.837 E.03538
;WIDTH:0.428962
G1 X96.382 Y89.851 E.00045
;WIDTH:0.431366
G1 X96.363 Y90.9 E.03389
;WIDTH:0.4408
G1 X96.315 Y91.69 E.02618
;WIDTH:0.457686
G1 X96.227 Y92.566 E.03036
;WIDTH:0.481738
G1 X96.106 Y93.423 E.03158
;WIDTH:0.513372
G1 X95.96 Y94.191 E.03058
;WIDTH:0.546498
G3 X95.829 Y94.356 I-.183 J-.011 E.0094
;WIDTH:0.501026
G1 X95.739 Y94.404 E.00389
;WIDTH:0.455554
G1 X94.972 Y94.632 E.02745
;WIDTH:0.414788
G1 X94.811 Y94.672 E.00513
M204 P2000
;LAYER_CHANGE
;Z:5
;HEIGHT:0.2
;BEFORE_LAYER_CHANGE
G92 E0.0
;5
M201 X3998.45 Y3998.45

G1 E-2.5 F4200
G1 Z5 F720
;AFTER_LAYER_CHANGE
;5
M74 W0.67302

G1 Z5.2
G1 X83.584 Y94.528 F10800
G1 Z5 F720
G1 E2.5 F2400
M204 P2500
;TYPE:Perimeter
;WIDTH:0.449999
G1 F1588
G1 X83.467 Y93.852 E.02322
G1 X83.306 Y92.534 E.04494
G1 X83.215 Y91.304 E.04175
G1 X83.183 Y90.165 E.03857
G1 X83.201 Y89.024 E.03863
G1 X83.285 Y87.694 E.04511
G1 X83.448 Y86.287 E.04794
G1 X83.616 Y85.296 E.03402
G1 X84.13 Y85.152 E.01807
G1 X84.958 Y84.955 E.02881
G1 X85.893 Y84.769 E.03227
G1 X86.593 Y84.656 E.024
G1 X87.556 Y84.536 E.03285
G1 X88.393 Y84.464 E.02844
G1 X89.376 Y84.417 E.03331
G1 X90.223 Y84.41 E.02867
G1 X91.209 Y84.439 E.03339
G1 X91.934 Y84.487 E.02459
G1 X92.656 Y84.558 E.02456
G1 X93.37 Y84.652 E.02438
G1 X94.073 Y84.765 E.0241
G1 X95.112 Y84.972 E.03586
G1 X95.78 Y85.131 E.02324
G1 X96.386 Y85.298 E.02128
G1 X96.533 Y86.148 E.0292
G1 X96.694 Y87.466 E.04494
G1 X96.754 Y88.286 E.02783
G3 X96.815 Y89.956 I-34.368 J2.091 E.05657
G1 X96.799 Y90.976 E.03453
G1 X96.715 Y92.306 E.04511
G1 X96.552 Y93.713 E.04794
G1 X96.384 Y94.704 E.03402
G1 X95.87 Y94.848 E.01807
G1 X95.042 Y95.045 E.02881
G1 X94.107 Y95.231 E.03227
G1 X93.405 Y95.345 E.02407
G1 X92.693 Y95.437 E.0243
G1 X91.72 Y95.528 E.03308
G1 X90.876 Y95.574 E.02861
G3 X89.159 Y95.577 I-.903 J-28.985 E.05813
G1 X88.429 Y95.54 E.02474
G1 X87.706 Y95.48 E.02456
G1 X86.627 Y95.348 E.0368
G1 X85.927 Y95.235 E.024
G1 X84.888 Y95.028 E.03586
G1 X84.22 Y94.869 E.02324
G1 X83.614 Y94.702 E.02128
G1 X83.594 Y94.587 E.00395
M204 P2000
G1 X83.255 Y95.011 F10800
;TYPE:External perimeter
G1 F1588
G1 X83.064 Y93.912 E.03776
G1 X82.901 Y92.574 E.04562
G1 X82.809 Y91.325 E.04239
G1 X82.776 Y90.167 E.03921
G1 X82.794 Y89.008 E.03924
G1 X82.88 Y87.658 E.04579
G1 X83.045 Y86.23 E.04866
G1 X83.258 Y84.973 E.04315
G1 X84.028 Y84.758 E.02706
G1 X84.871 Y84.557 E.02933
G1 X85.82 Y84.369 E.03275
G1 X86.535 Y84.253 E.02452
G1 X87.513 Y84.131 E.03336
G1 X88.366 Y84.058 E.02898
G1 X89.365 Y84.01 E.03385
G1 X90.227 Y84.003 E.02918
G1 X91.228 Y84.032 E.0339
G1 X91.968 Y84.081 E.0251
G1 X92.703 Y84.154 E.025
G1 X93.429 Y84.249 E.02478
G1 X94.145 Y84.364 E.02455
G1 X95.199 Y84.574 E.03638
G1 X95.881 Y84.736 E.02373
G1 X96.743 Y84.974 E.03027
G1 X96.936 Y86.088 E.03827
G1 X97.099 Y87.426 E.04562
G1 X97.16 Y88.256 E.02817
G3 X97.222 Y89.962 I-34.76 J2.118 E.05779
G1 X97.206 Y90.992 E.03487
G1 X97.12 Y92.342 E.04579
G1 X96.955 Y93.77 E.04866
G1 X96.742 Y95.027 E.04315
G1 X95.972 Y95.242 E.02706
G1 X95.129 Y95.443 E.02933
G1 X94.18 Y95.631 E.03275
G1 X93.464 Y95.747 E.02455
G1 X92.738 Y95.842 E.02478
G1 X91.75 Y95.934 E.03359
G1 X90.891 Y95.981 E.02912
G3 X89.144 Y95.984 I-.918 J-29.461 E.05914
G1 X88.402 Y95.946 E.02515
G1 X87.665 Y95.885 E.02503
G1 X86.57 Y95.751 E.03734
G1 X85.855 Y95.636 E.02451
G1 X84.801 Y95.426 E.03638
G1 X84.119 Y95.264 E.02373
G1 X83.3 Y95.038 E.02876
G1 X83.196 Y94.652 F10800
G1 X84.251 Y93.685
M204 P4000
;TYPE:Internal infill
;WIDTH:0.45
G1 F1588
G1 X84.339 Y94.118 E.01496
G1 X85.152 Y94.363 E.02874
G1 X84.202 Y93.413 E.04548
G1 X84.213 Y93.485 E.00247
G1 X92.774 Y84.923 E.40983
G1 X91.729 Y84.82 E.03554
G1 X96.062 Y89.154 E.20744
G1 X96.033 Y88.572 E.01972
G1 X89.37 Y95.235 E.31895
G1 X90.627 Y95.233 E.04255
G1 X83.967 Y88.573 E.31881
G1 X83.933 Y89.159 E.01987
G1 X88.27 Y84.822 E.20761
G1 X87.228 Y84.925 E.03544
G1 X95.787 Y93.484 E.40971
G1 X95.801 Y93.411 E.00252
G1 X94.848 Y94.364 E.04562
G1 X95.659 Y94.122 E.02865
G1 X95.747 Y93.684 E.01512
M204 P2000
G1 E-2.5 F4200
G1 Z5.2 F720
G1 X92.977 Y95.051 F10800
G1 Z5 F720
G1 E2.5 F2400
M204 P4000
G1 F1588
G1 X94.389 Y94.822 E.04842
G2 X94.465 Y94.472 I-.111 J-.207 E.01378
G1 X85.529 Y85.529 E.42793
G1 X85.478 Y85.31 E.00761
G3 X85.954 Y85.11 I.443 J.386 E.01809
G1 X87.026 Y84.95 E.03669
M204 P2000
G1 E-2.5 F4200
G1 Z5.2 F720
G1 X84.253 Y86.316 F10800
G1 Z5 F720
G1 E2.5 F2400
M204 P4000
G1 F1588
G1 X84.341 Y85.878 E.01512
G1 X85.152 Y85.636 E.02865
G1 X84.199 Y86.589 E.04562
G1 X84.213 Y86.516 E.00252
G1 X92.775 Y95.078 E.40986
G1 X91.728 Y95.18 E.03561
G1 X96.067 Y90.841 E.20771
G1 X96.033 Y91.427 E.01987
G1 X89.369 Y84.764 E.31898
G1 X90.626 Y84.768 E.04255
G1 X83.967 Y91.428 E.31879
G1 X83.938 Y90.846 E.01972
G1 X88.271 Y95.18 E.20744
G1 X87.23 Y95.073 E.03542
G1 X95.787 Y86.515 E.40964
G1 X95.798 Y86.587 E.00247
G1 X94.848 Y85.637 E.04548
G1 X95.661 Y85.882 E.02874
G1 X95.749 Y86.315 E.01496
M204 P2000
G1 X94.963 Y85.275 F10800
M204 P4000
;TYPE:Solid infill
;WIDTH:0.426833
G1 F1588
G1 X95.329 Y85.371 E.01208
;WIDTH:0.452708
G1 X95.694 Y85.467 E.01286
;WIDTH:0.500734
G1 X95.867 Y85.54 E.00715
;WIDTH:0.54876
G1 X96.039 Y85.612 E.00784
G1 X96.103 Y85.907 E.0127
;WIDTH:0.523602
G1 X96.166 Y86.202 E.01206
;WIDTH:0.498444
G1 X96.198 Y86.399 E.00756
;WIDTH:0.482936
G1 X96.346 Y87.5 E.04065
;WIDTH:0.457788
G1 X96.398 Y88.073 E.01985
;WIDTH:0.438352
G1 X96.446 Y88.713 E.0211
;WIDTH:0.436556
G1 X96.448 Y88.767 E.00177
;WIDTH:0.434158
G1 X96.482 Y89.838 E.03486
;WIDTH:0.428716
G1 X96.482 Y89.847 E.00029
;WIDTH:0.431334
G1 X96.463 Y90.918 E.0346
;WIDTH:0.433554
G1 X96.413 Y91.724 E.02623
;WIDTH:0.45585
G1 X96.367 Y92.275 E.01898
;WIDTH:0.479068
G1 X96.215 Y93.493 E.04451
;WIDTH:0.511542
G1 X96.075 Y94.271 E.0308
;WIDTH:0.54254
G3 X95.941 Y94.438 I-.184 J-.011 E.00949
;WIDTH:0.495032
G1 X95.849 Y94.486 E.0039
;WIDTH:0.447524
G1 X94.972 Y94.729 E.03062
;WIDTH:0.406136
G1 X94.931 Y94.739 E.00127
M204 P2000
G1 E-2.5 F4200
G1 Z5.2 F720
G1 X87.028 Y95.048 F10800
G1 Z5 F720
G1 E2.5 F2400
M204 P4000
;TYPE:Internal infill
;WIDTH:0.45
G1 F1588
G1 X85.989 Y94.895 E.03555
G3 X85.446 Y94.658 I-.034 J-.662 E.02079
G1 X85.479 Y94.521 E.00477
G1 X94.521 Y85.479 E.43284
G2 X94.393 Y85.181 I-.205 J-.088 E.0123
G1 X92.976 Y84.949 E.0486
M204 P2000
G1 E-2.5 F4200
G1 Z5.2 F720
G1 X85.037 Y94.725 F10800
G1 Z5 F720
G1 E2.5 F2400
M204 P4000
;TYPE:Solid infill
;WIDTH:0.426833
G1 F1588
G1 X84.671 Y94.629 E.01208
;WIDTH:0.452706
G1 X84.306 Y94.533 E.01286
;WIDTH:0.500733
G1 X84.133 Y94.46 E.00715
;WIDTH:0.54876
G1 X83.961 Y94.388 E.00784
G1 X83.897 Y94.093 E.0127
;WIDTH:0.523603
G1 X83.834 Y93.798 E.01206
;WIDTH:0.498446
G1 X83.802 Y93.601 E.00756
;WIDTH:0.482936
G1 X83.654 Y92.5 E.04065
;WIDTH:0.457788
G1 X83.602 Y91.927 E.01985
;WIDTH:0.438352
G1 X83.554 Y91.287 E.0211
;WIDTH:0.436554
G1 X83.552 Y91.233 E.00177
;WIDTH:0.43416
G1 X83.518 Y90.162 E.03486
;WIDTH:0.42872
G1 X83.518 Y90.153 E.00029
;WIDTH:0.431336
G1 X83.537 Y89.082 E.0346
;WIDTH:0.433554
G1 X83.587 Y88.276 E.02623
;WIDTH:0.45585
G1 X83.633 Y87.725 E.01898
;WIDTH:0.479068
G1 X83.785 Y86.507 E.04451
;WIDTH:0.511542
G1 X83.925 Y85.729 E.0308
;WIDTH:0.542544
G3 X84.059 Y85.562 I.184 J.011 E.00949
;WIDTH:0.495034
G1 X84.151 Y85.514 E.0039
;WIDTH:0.447524
G1 X85.028 Y85.271 E.03062
;WIDTH:0.406136
G1 X85.069 Y85.261 E.00127
M204 P2000
;LAYER_CHANGE
;Z:5.2
;HEIGHT:0.2
;BEFORE_LAYER_CHANGE
G92 E0.0
;5.2
M201 X3998.39 Y3998.39

G1 E-2.5 F4200
G1 Z5.2 F720
;AFTER_LAYER_CHANGE
;5.2
M74 W0.701145

G1 Z5.4
G1 X83.467 Y94.61 F10800
G1 Z5.2 F720
G1 E2.5 F2400
M204 P2500
;TYPE:Perimeter
;WIDTH:0.449999
G1 F1584
G1 X83.375 Y94.053 E.01911
G1 X83.215 Y92.73 E.04511
G1 X83.117 Y91.392 E.04541
G1 X83.083 Y90.167 E.04148
G1 X83.1 Y89.007 E.03927
G1 X83.181 Y87.652 E.04595
G1 X83.338 Y86.219 E.0488
G1 X83.499 Y85.213 E.03449
G1 X84.122 Y85.05 E.0218
G1 X84.97 Y84.863 E.02939
G1 X85.949 Y84.684 E.03369
G1 X86.665 Y84.579 E.02449
G1 X87.513 Y84.481 E.02889
G1 X88.502 Y84.403 E.03358
G1 X89.364 Y84.367 E.0292
G1 X90.363 Y84.361 E.03382
G1 X91.228 Y84.387 E.02929
G1 X91.967 Y84.434 E.02506
G1 X92.699 Y84.503 E.02489
G1 X93.791 Y84.645 E.03727
G1 X94.501 Y84.764 E.02437
G1 X95.202 Y84.9 E.02417
G1 X95.887 Y85.054 E.02377
G1 X96.504 Y85.214 E.02158
G1 X96.625 Y85.947 E.02515
G1 X96.785 Y87.27 E.04511
G1 X96.876 Y88.511 E.04212
G1 X96.896 Y89.065 E.01876
G1 X96.915 Y89.951 E.03
G1 X96.9 Y90.993 E.03527
G1 X96.819 Y92.348 E.04595
G1 X96.662 Y93.781 E.0488
G1 X96.501 Y94.787 E.03449
G1 X95.878 Y94.95 E.0218
G1 X95.03 Y95.137 E.02939
G1 X94.051 Y95.316 E.03369
G1 X93.334 Y95.422 E.02453
G1 X92.606 Y95.507 E.02481
G1 X91.75 Y95.581 E.02908
G1 X90.755 Y95.63 E.03372
G3 X89.145 Y95.628 I-.769 J-30.657 E.0545
G1 X88.403 Y95.592 E.02515
G1 X87.667 Y95.534 E.02499
G1 X86.569 Y95.407 E.03741
G1 X85.856 Y95.299 E.02441
G1 X84.796 Y95.099 E.03651
G1 X84.113 Y94.946 E.02369
G1 X83.496 Y94.786 E.02158
G1 X83.477 Y94.67 E.00398
M204 P2000
G1 X83.136 Y95.1 F10800
;TYPE:External perimeter
G1 F1584
G1 X82.972 Y94.111 E.03393
G1 X82.81 Y92.769 E.04575
G1 X82.711 Y91.413 E.04602
G1 X82.676 Y90.17 E.04209
G1 X82.693 Y88.992 E.03988
G1 X82.776 Y87.618 E.04659
G1 X82.934 Y86.165 E.04947
G1 X83.139 Y84.886 E.04385
G1 X84.026 Y84.654 E.03103
G1 X84.89 Y84.464 E.02994
G1 X85.882 Y84.283 E.03413
G1 X86.612 Y84.175 E.02498
G1 X87.474 Y84.076 E.02937
G1 X88.477 Y83.997 E.03406
G1 X89.354 Y83.96 E.02971
G1 X90.368 Y83.954 E.03432
G1 X91.247 Y83.981 E.02977
G1 X91.999 Y84.028 E.0255
G1 X92.744 Y84.098 E.02533
G1 X93.851 Y84.242 E.03779
G1 X94.574 Y84.363 E.02481
G1 X95.285 Y84.502 E.02452
G1 X95.982 Y84.658 E.02418
M73 P13 R45
G1 X96.862 Y84.886 E.03077
G1 X97.028 Y85.889 E.03441
G1 X97.19 Y87.231 E.04575
G1 X97.282 Y88.482 E.04246
G1 X97.303 Y89.054 E.01937
G1 X97.323 Y89.957 E.03057
G1 X97.307 Y91.008 E.03558
G1 X97.224 Y92.382 E.04659
G1 X97.066 Y93.835 E.04947
G1 X96.861 Y95.114 E.04385
M73 Q13 S45
G1 X95.974 Y95.346 E.03103
G1 X95.11 Y95.536 E.02994
G1 X94.118 Y95.717 E.03413
G1 X93.387 Y95.825 E.02501
G1 X92.647 Y95.912 E.02522
G1 X91.778 Y95.987 E.02952
G1 X90.768 Y96.037 E.03423
G3 X89.131 Y96.035 I-.782 J-31.156 E.05542
G1 X88.377 Y95.998 E.02555
G1 X87.628 Y95.94 E.02543
G1 X86.515 Y95.811 E.03793
G1 X85.788 Y95.7 E.02489
G1 X84.714 Y95.498 E.03699
G1 X84.018 Y95.342 E.02414
G1 X83.182 Y95.125 E.02924
G1 X83.079 Y94.739 F10800
G1 X84.14 Y93.79
M204 P4000
;TYPE:Internal infill
;WIDTH:0.45
G1 F1584
G1 X84.221 Y94.197 E.01405
G1 X85.285 Y94.496 E.03741
G1 X84.06 Y93.271 E.05864
G1 X84.108 Y93.589 E.01089
G1 X92.829 Y84.868 E.41747
G1 X91.94 Y84.779 E.03024
G1 X91.67 Y84.762 E.00916
G1 X96.166 Y89.257 E.2152
G1 X96.13 Y88.475 E.0265
G1 X89.321 Y95.285 E.32597
G1 X88.331 Y95.239 E.03355
G1 X83.834 Y90.743 E.21524
G1 X83.87 Y91.525 E.0265
G1 X90.677 Y84.717 E.32587
G1 X89.32 Y84.715 E.04593
G1 X96.13 Y91.525 E.32599
G1 X96.17 Y90.739 E.02664
G1 X91.67 Y95.238 E.21539
G1 X90.679 Y95.285 E.03358
G1 X83.87 Y88.475 E.32597
G1 X83.83 Y89.261 E.02664
G1 X88.328 Y84.764 E.21529
G1 X87.171 Y84.869 E.03932
G1 X95.891 Y93.588 E.4174
G1 X95.939 Y93.272 E.01082
G1 X94.717 Y94.495 E.05852
G2 X94.663 Y94.548 I-.018 J.035 E.00338
G1 X94.291 Y94.92 E.01781
G1 X94.734 Y94.839 E.01524
G1 X94.7 Y94.7 E.00484
G1 X85.3 Y85.3 E.44997
G1 X85.266 Y85.161 E.00484
G1 X85.709 Y85.08 E.01524
G1 X85.337 Y85.452 E.01781
G3 X85.283 Y85.505 I-.036 J.018 E.00338
G1 X84.061 Y86.728 E.05852
G1 X84.109 Y86.412 E.01082
G1 X92.83 Y95.133 E.41747
G1 X94.091 Y94.957 E.0431
M204 P2000
G1 E-2.5 F4200
G1 Z5.4 F720
G1 X95.86 Y86.21 F10800
G1 Z5.2 F720
G1 E2.5 F2400
M204 P4000
G1 F1584
G1 X95.779 Y85.803 E.01405
G1 X94.715 Y85.504 E.03741
G1 X95.94 Y86.729 E.05864
G1 X95.892 Y86.411 E.01089
G1 X87.174 Y95.129 E.41733
G1 X85.707 Y94.918 E.05017
G1 X85.353 Y94.565 E.01692
G1 X85.327 Y94.673 E.00376
G1 X94.673 Y85.327 E.44739
G1 X94.647 Y85.435 E.00376
G1 X94.29 Y85.079 E.01707
G1 X93.031 Y84.895 E.04307
M204 P2000
G1 E-2.5 F4200
G1 Z5.4 F720
G1 X95.096 Y85.212 F10800
G1 Z5.2 F720
G1 E2.5 F2400
M204 P4000
;TYPE:Solid infill
;WIDTH:0.448668
G1 F1584
G1 X95.806 Y85.39 E.0247
;WIDTH:0.49826
G1 X95.981 Y85.461 E.00715
;WIDTH:0.547852
G1 X96.156 Y85.532 E.00793
G1 X96.219 Y85.841 E.01324
;WIDTH:0.517731
G1 X96.282 Y86.151 E.01249
;WIDTH:0.48761
G1 X96.392 Y86.955 E.03001
;WIDTH:0.46122
G1 X96.492 Y87.932 E.03416
;WIDTH:0.439068
G1 X96.544 Y88.625 E.02289
;WIDTH:0.43692
G1 X96.546 Y88.667 E.00138
;WIDTH:0.43509
G1 X96.582 Y89.835 E.03811
;WIDTH:0.428724
G1 X96.582 Y89.845 E.00032
;WIDTH:0.431302
G1 X96.564 Y90.936 E.03524
;WIDTH:0.43361
G1 X96.516 Y91.758 E.02675
;WIDTH:0.455254
G1 X96.471 Y92.319 E.0193
;WIDTH:0.478192
G1 X96.324 Y93.563 E.04534
;WIDTH:0.509604
G1 X96.191 Y94.347 E.03086
;WIDTH:0.546738
G1 X96.15 Y94.471 E.00547
G1 X96.033 Y94.52 E.00531
;WIDTH:0.512502
G1 X95.915 Y94.568 E.00497
;WIDTH:0.478265
G1 X95.798 Y94.616 E.00458
;WIDTH:0.444028
G1 X95.116 Y94.786 E.02344
M204 P2000
G1 E-2.5 F4200
G1 Z5.4 F720
G1 X84.884 Y85.214 F10800
G1 Z5.2 F720
G1 E2.5 F2400
M204 P4000
G1 F1584
G1 X84.202 Y85.384 E.02344
;WIDTH:0.478722
G1 X84.084 Y85.432 E.00462
;WIDTH:0.513416
G1 X83.966 Y85.481 E.005
;WIDTH:0.54811
G1 X83.848 Y85.53 E.00537
G1 X83.775 Y85.899 E.0158
;WIDTH:0.519776
G1 X83.701 Y86.268 E.01492
;WIDTH:0.491442
G1 X83.566 Y87.324 E.0397
;WIDTH:0.451772
G1 X83.485 Y88.235 E.03109
;WIDTH:0.433756
G1 X83.438 Y89.019 E.02552
;WIDTH:0.433138
G1 X83.436 Y89.064 E.00146
;WIDTH:0.431304
G1 X83.418 Y90.156 E.03527
;WIDTH:0.428726
G1 X83.418 Y90.165 E.00029
;WIDTH:0.435096
G1 X83.454 Y91.333 E.03811
;WIDTH:0.438916
G1 X83.508 Y92.061 E.02404
;WIDTH:0.463686
G1 X83.567 Y92.696 E.02231
;WIDTH:0.487092
G1 X83.716 Y93.84 E.04261
;WIDTH:0.510008
G1 X83.805 Y94.347 E.01999
;WIDTH:0.545948
G1 X83.847 Y94.47 E.00544
G1 X84.02 Y94.54 E.00781
;WIDTH:0.497308
G1 X84.194 Y94.61 E.00709
;WIDTH:0.448668
G1 X84.905 Y94.788 E.02473
M204 P2000
;LAYER_CHANGE
;Z:5.4
;HEIGHT:0.2
;BEFORE_LAYER_CHANGE
G92 E0.0
;5.4
M201 X3998.32 Y3998.32

G1 E-2.5 F4200
G1 Z5.4 F720
;AFTER_LAYER_CHANGE
;5.4
M74 W0.729878

G1 Z5.6
G1 X83.377 Y94.867 F10800
G1 Z5.4 F720
G1 E2.5 F2400
M204 P2500
;TYPE:Perimeter
;WIDTH:0.449999
G1 F1642
G3 X83.124 Y92.934 I31.779 J-5.146 E.066
G1 X83.022 Y91.545 E.04714
G1 X82.983 Y90.169 E.04659
G1 X82.999 Y88.989 E.03995
G1 X83.077 Y87.611 E.04672
G1 X83.228 Y86.151 E.04968
G1 X83.382 Y85.127 E.03505
G1 X83.833 Y85.015 E.01573
G1 X84.696 Y84.83 E.02988
G1 X85.649 Y84.659 E.03277
G1 X86.376 Y84.55 E.02488
G1 X87.113 Y84.462 E.02512
G1 X88.222 Y84.367 E.03768
G1 X89.357 Y84.316 E.03846
G1 X90.127 Y84.309 E.02606
G1 X90.869 Y84.322 E.02512
G1 X91.624 Y84.356 E.02558
G1 X92.371 Y84.411 E.02535
G1 X93.488 Y84.534 E.03804
G1 X94.216 Y84.638 E.02489
G1 X95.296 Y84.83 E.03713
G1 X95.994 Y84.976 E.02414
G1 X96.622 Y85.13 E.02189
G3 X96.876 Y87.066 I-31.779 J5.149 E.0661
G1 X96.978 Y88.455 E.04714
G1 X97.003 Y89.345 E.03014
G1 X97.016 Y89.948 E.02042
G1 X97.001 Y91.011 E.03598
G1 X96.923 Y92.389 E.04672
G1 X96.772 Y93.849 E.04968
G1 X96.618 Y94.873 E.03505
G1 X96.167 Y94.985 E.01573
G1 X95.304 Y95.17 E.02988
G1 X94.351 Y95.341 E.03277
G1 X93.624 Y95.45 E.02488
G1 X92.887 Y95.538 E.02512
G1 X91.776 Y95.633 E.03774
G1 X91.011 Y95.672 E.02593
G3 X89.131 Y95.678 I-1.047 J-34.183 E.06364
G1 X88.376 Y95.644 E.02558
G1 X87.629 Y95.589 E.02535
G1 X86.512 Y95.466 E.03804
G1 X85.784 Y95.362 E.02489
G1 X84.704 Y95.17 E.03713
G1 X84.006 Y95.024 E.02414
G1 X83.433 Y94.884 E.01997
M204 P2000
G1 X83.019 Y95.202 F10800
;TYPE:External perimeter
G1 F1642
G1 X82.877 Y94.316 E.03037
G1 X82.719 Y92.972 E.04581
G1 X82.615 Y91.566 E.04772
G1 X82.576 Y90.172 E.0472
G1 X82.592 Y88.975 E.04052
G1 X82.672 Y87.578 E.04736
G1 X82.824 Y86.099 E.05033
G1 X83.02 Y84.797 E.04457
G1 X83.741 Y84.619 E.02514
G1 X84.617 Y84.431 E.03033
G1 X85.583 Y84.257 E.03322
G1 X86.322 Y84.147 E.02529
G1 X87.071 Y84.057 E.02554
G1 X88.195 Y83.961 E.03818
G1 X89.346 Y83.909 E.039
G1 X90.129 Y83.902 E.0265
G1 X90.882 Y83.915 E.02549
G1 X91.648 Y83.95 E.02596
M73 P13 R44
G1 X92.409 Y84.006 E.02583
G1 X93.54 Y84.13 E.03851
G1 X94.28 Y84.236 E.0253
G1 X95.373 Y84.43 E.03757
G1 X96.084 Y84.579 E.02459
G1 X96.981 Y84.798 E.03125
G1 X97.123 Y85.684 E.03037
G1 X97.281 Y87.028 E.04581
G1 X97.385 Y88.434 E.04772
G1 X97.41 Y89.333 E.03044
G1 X97.423 Y89.954 E.02102
G1 X97.408 Y91.025 E.03626
G1 X97.328 Y92.422 E.04736
G1 X97.176 Y93.901 E.05033
G1 X96.98 Y95.203 E.04457
G1 X96.259 Y95.381 E.02514
G1 X95.383 Y95.569 E.03033
G1 X94.417 Y95.743 E.03322
G1 X93.678 Y95.853 E.02529
G1 X92.929 Y95.943 E.02554
G1 X91.804 Y96.04 E.03822
G1 X91.025 Y96.079 E.0264
G3 X89.118 Y96.085 I-1.061 J-34.645 E.06456
G1 X88.352 Y96.05 E.02596
G1 X87.591 Y95.994 E.02583
G1 X86.46 Y95.87 E.03851
G1 X85.72 Y95.764 E.0253
G1 X84.627 Y95.57 E.03757
G1 X83.916 Y95.421 E.02459
G1 X83.077 Y95.216 E.02923
G1 X82.963 Y94.833 F10800
G1 E-2.5 F4200
G1 Z5.6 F720
G1 X84.738 Y94.844 F10800
G1 Z5.4 F720
G1 E2.5 F2400
M204 P4000
;TYPE:Solid infill
;WIDTH:0.444606
G1 F1642
G1 X84.082 Y94.689 E.02251
;WIDTH:0.478962
G1 X83.963 Y94.642 E.00464
;WIDTH:0.513317
G1 X83.845 Y94.595 E.00497
;WIDTH:0.547672
G1 X83.726 Y94.549 E.00535
G1 X83.676 Y94.301 E.01062
;WIDTH:0.519287
G1 X83.625 Y94.054 E.00999
;WIDTH:0.490902
G1 X83.624 Y94.043 E.00041
;WIDTH:0.490396
G1 X83.476 Y92.9 E.04288
;WIDTH:0.464228
G1 X83.405 Y92.108 E.02786
;WIDTH:0.445152
G1 X83.337 Y90.915 E.03997
;WIDTH:0.428476
G1 X83.318 Y90.162 E.02415
;WIDTH:0.431274
G1 X83.335 Y89.046 E.03604
;WIDTH:0.433678
G1 X83.382 Y88.209 E.02724
;WIDTH:0.454656
G1 X83.425 Y87.638 E.0196
;WIDTH:0.477318
G1 X83.567 Y86.368 E.04616
;WIDTH:0.507658
G1 X83.693 Y85.577 E.03095
;WIDTH:0.547238
G1 X83.735 Y85.449 E.00565
G1 X83.8 Y85.417 E.00304
;WIDTH:0.512988
G1 X83.865 Y85.385 E.00283
;WIDTH:0.478738
G1 X83.931 Y85.353 E.00266
;WIDTH:0.444488
G1 X84.418 Y85.228 E.01679
;WIDTH:0.412464
G1 X84.753 Y85.149 E.01058
M204 P2000
G1 X86.005 Y84.955 F10800
M204 P4000
;TYPE:Internal infill
;WIDTH:0.45
G1 F1642
G1 X87.113 Y84.81 E.03782
G1 X95.995 Y93.692 E.42518
G1 X96.074 Y93.137 E.01898
G1 X94.197 Y95.015 E.08987
G1 X94.871 Y94.896 E.02317
G1 X85.147 Y85.147 E.46608
G1 X85.137 Y85.102 E.00156
G1 X85.803 Y84.985 E.02289
G1 X83.926 Y86.863 E.08987
G1 X84.005 Y86.308 E.01898
G1 X92.887 Y95.19 E.42518
G1 X93.995 Y95.045 E.03782
M204 P2000
G1 E-2.5 F4200
G1 Z5.6 F720
G1 X96.101 Y92.935 F10800
G1 Z5.4 F720
G1 E2.5 F2400
M204 P4000
G1 F1642
G1 X96.228 Y91.623 E.04462
G1 X89.272 Y84.666 E.333
G1 X88.386 Y84.706 E.03002
G1 X83.728 Y89.364 E.22298
G1 X83.772 Y88.377 E.03344
G1 X90.726 Y95.331 E.33288
G1 X91.613 Y95.295 E.03005
G1 X96.272 Y90.636 E.22302
G1 X96.286 Y89.837 E.02705
G1 X96.275 Y89.367 E.01591
G1 X91.61 Y84.702 E.22331
G1 X90.729 Y84.665 E.02985
G1 X83.776 Y91.618 E.33284
G1 X83.725 Y90.633 E.03339
G1 X88.39 Y95.298 E.22331
G1 X89.271 Y95.335 E.02985
G1 X96.224 Y88.382 E.33284
G1 X96.101 Y87.063 E.04484
M204 P2000
G1 E-2.5 F4200
G1 Z5.6 F720
G1 X95.262 Y85.156 F10800
G1 Z5.4 F720
G1 E2.5 F2400
M204 P4000
;TYPE:Solid infill
;WIDTH:0.444602
G1 F1642
G1 X95.918 Y85.311 E.02251
;WIDTH:0.478194
G1 X96.035 Y85.357 E.00455
;WIDTH:0.511786
G1 X96.153 Y85.403 E.00494
;WIDTH:0.545378
G1 X96.27 Y85.449 E.00525
G1 X96.322 Y85.698 E.01063
;WIDTH:0.51814
G1 X96.375 Y85.946 E.01002
;WIDTH:0.490902
G1 X96.376 Y85.957 E.00041
;WIDTH:0.490394
G1 X96.524 Y87.1 E.04288
;WIDTH:0.464226
G1 X96.595 Y87.892 E.02786
;WIDTH:0.44515
G1 X96.663 Y89.085 E.03997
;WIDTH:0.428472
G1 X96.682 Y89.838 E.02415
;WIDTH:0.431272
G1 X96.665 Y90.954 E.03604
;WIDTH:0.433676
G1 X96.618 Y91.791 E.02724
;WIDTH:0.454654
G1 X96.575 Y92.362 E.0196
;WIDTH:0.477318
G1 X96.433 Y93.632 E.04616
;WIDTH:0.507776
G1 X96.306 Y94.427 E.03112
;WIDTH:0.54342
G1 X96.264 Y94.553 E.00553
G1 X96.199 Y94.585 E.00302
;WIDTH:0.509191
G1 X96.134 Y94.617 E.00281
;WIDTH:0.474962
G1 X96.07 Y94.649 E.00257
;WIDTH:0.440732
G1 X95.255 Y94.849 E.02776
M204 P2000
G1 E-2.5 F4200
G1 Z5.6 F720
G1 X86.004 Y95.044 F10800
G1 Z5.4 F720
G1 E2.5 F2400
M204 P4000
;TYPE:Internal infill
;WIDTH:0.45
G1 F1642
G1 X87.118 Y95.185 E.03801
G1 X95.994 Y86.308 E.42491
G1 X96.072 Y86.861 E.0189
G1 X94.197 Y84.986 E.08976
G1 X94.879 Y85.107 E.02345
G1 X85.121 Y94.893 E.46778
G1 X85.803 Y95.014 E.02345
G1 X83.928 Y93.139 E.08976
G1 X84.006 Y93.692 E.0189
G1 X92.882 Y84.815 E.42491
G1 X93.996 Y84.956 E.03801
M204 P2000
;LAYER_CHANGE
;Z:5.6
;HEIGHT:0.2
;BEFORE_LAYER_CHANGE
G92 E0.0
;5.6
M201 X3998.25 Y3998.25

G1 E-2.5 F4200
G1 Z5.6 F720
;AFTER_LAYER_CHANGE
;5.6
M74 W0.759331

G1 Z5.8
G1 X83.241 Y94.797 F10800
G1 Z5.6 F720
G1 E2.5 F2400
M204 P2500
;TYPE:Perimeter
;WIDTH:0.449999
G1 F1776
G1 X83.132 Y94.049 E.02559
G1 X82.99 Y92.653 E.0475
G1 X82.912 Y91.374 E.04337
G1 X82.883 Y90.173 E.04066
G1 X82.899 Y88.972 E.04066
G1 X82.973 Y87.569 E.04756
G1 X83.118 Y86.082 E.05057
G1 X83.265 Y85.043 E.03552
G1 X83.827 Y84.913 E.01953
G1 X84.71 Y84.739 E.03046
G1 X85.706 Y84.574 E.03417
G1 X86.448 Y84.474 E.02534
G1 X87.432 Y84.371 E.03349
G1 X88.344 Y84.306 E.03095
G1 X89.344 Y84.266 E.03388
G1 X90.265 Y84.26 E.03118
G1 X91.268 Y84.285 E.03396
G1 X92.032 Y84.328 E.0259
G1 X92.791 Y84.391 E.02578
G1 X93.544 Y84.474 E.02564
G1 X94.287 Y84.574 E.02538
G1 X95.388 Y84.758 E.03778
G1 X96.1 Y84.899 E.02457
G1 X96.736 Y85.045 E.02209
G1 X96.868 Y85.951 E.03099
G1 X97.01 Y87.347 E.0475
G1 X97.063 Y88.213 E.02937
G3 X97.116 Y89.931 I-44.768 J2.241 E.05818
G1 X97.101 Y91.028 E.03714
G1 X97.027 Y92.431 E.04756
G1 X96.882 Y93.918 E.05057
G1 X96.735 Y94.957 E.03552
G1 X96.173 Y95.087 E.01953
G1 X95.29 Y95.261 E.03046
G1 X94.294 Y95.426 E.03417
G1 X93.551 Y95.526 E.02538
G1 X92.799 Y95.608 E.02561
G1 X91.807 Y95.686 E.03368
G1 X90.889 Y95.728 E.03111
G3 X89.117 Y95.729 I-.914 J-35.854 E.05999
G1 X88.35 Y95.696 E.02599
G1 X87.59 Y95.643 E.02579
G1 X86.454 Y95.526 E.03866
G1 X85.713 Y95.426 E.02531
G1 X84.612 Y95.242 E.03778
G1 X83.9 Y95.101 E.02457
G1 X83.264 Y94.955 E.02209
G1 X83.249 Y94.856 E.00339
M204 P2000
G1 X82.9 Y95.287 F10800
;TYPE:External perimeter
G1 F1776
G1 X82.728 Y94.099 E.04063
G1 X82.584 Y92.686 E.04808
G1 X82.505 Y91.392 E.04388
G1 X82.476 Y90.176 E.04117
G1 X82.492 Y88.958 E.04123
G1 X82.567 Y87.539 E.0481
G1 X82.713 Y86.034 E.05118
G1 X82.901 Y84.709 E.0453
G1 X83.741 Y84.515 E.02918
G1 X84.637 Y84.338 E.03091
G1 X85.646 Y84.171 E.03462
G1 X86.399 Y84.07 E.02572
G1 X87.396 Y83.965 E.03393
G1 X88.321 Y83.899 E.03139
G1 X89.335 Y83.859 E.03435
G1 X90.269 Y83.853 E.03162
G1 X91.285 Y83.878 E.0344
G1 X92.06 Y83.922 E.02628
G1 X92.83 Y83.986 E.02615
G1 X93.594 Y84.07 E.02602
G1 X94.348 Y84.172 E.02575
G1 X95.461 Y84.358 E.0382
G1 X96.185 Y84.501 E.02498
G1 X97.099 Y84.71 E.03174
G1 X97.272 Y85.901 E.04074
G1 X97.416 Y87.314 E.04808
G1 X97.469 Y88.188 E.02964
G3 X97.523 Y89.936 I-45.109 J2.261 E.0592
G1 X97.508 Y91.042 E.03744
G1 X97.433 Y92.461 E.0481
G1 X97.287 Y93.966 E.05118
G1 X97.099 Y95.291 E.0453
G1 X96.259 Y95.485 E.02918
G1 X95.363 Y95.662 E.03091
G1 X94.354 Y95.829 E.03462
G1 X93.6 Y95.931 E.02575
G1 X92.837 Y96.013 E.02598
G1 X91.832 Y96.092 E.03412
G1 X90.901 Y96.134 E.03155
G3 X89.105 Y96.136 I-.926 J-36.333 E.0608
G1 X88.327 Y96.103 E.02636
G1 X87.555 Y96.049 E.0262
G1 X86.406 Y95.93 E.0391
G1 X85.652 Y95.828 E.02575
G1 X84.539 Y95.642 E.0382
G1 X83.815 Y95.499 E.02498
G1 X82.956 Y95.303 E.02982
G1 X82.85 Y94.917 F10800
G1 E-2.5 F4200
G1 Z5.8 F720
G1 X83.774 Y92.808 F10800
G1 Z5.6 F720
G1 E2.5 F2400
M204 P4000
;TYPE:Internal infill
;WIDTH:0.45
G1 F1776
G1 X83.678 Y91.716 E.03711
G1 X90.776 Y84.619 E.33975
G1 X91.556 Y84.648 E.02642
G1 X96.375 Y89.467 E.23068
G1 X96.386 Y89.838 E.01256
G1 X96.375 Y90.534 E.02356
G1 X91.558 Y95.351 E.23059
G1 X90.777 Y95.383 E.02646
G1 X83.68 Y88.286 E.33973
G1 X83.778 Y87.19 E.03725
M204 P2000
G1 E-2.5 F4200
G1 Z5.8 F720
G1 X84.574 Y85.096 F10800
G1 Z5.6 F720
G1 E2.5 F2400
M204 P4000
;TYPE:Solid infill
;WIDTH:0.43645
G1 F1776
G1 X83.82 Y85.271 E.02533
;WIDTH:0.472968
G1 X83.752 Y85.304 E.0027
;WIDTH:0.509486
G1 X83.684 Y85.337 E.00293
;WIDTH:0.546004
G1 X83.617 Y85.37 E.00312
G1 X83.549 Y85.748 E.01607
;WIDTH:0.517351
G1 X83.481 Y86.126 E.01515
;WIDTH:0.488698
G1 X83.458 Y86.297 E.0064
;WIDTH:0.47669
G1 X83.32 Y87.595 E.04708
;WIDTH:0.452728
G1 X83.311 Y87.704 E.00373
;WIDTH:0.44629
G1 X83.236 Y88.983 E.04297
;WIDTH:0.433474
G1 X83.235 Y89.032 E.00159
;WIDTH:0.431232
G1 X83.218 Y90.162 E.03649
;WIDTH:0.428696
G1 X83.218 Y90.172 E.00032
;WIDTH:0.433918
G1 X83.248 Y91.3 E.03669
;WIDTH:0.43668
G1 X83.251 Y91.36 E.00197
;WIDTH:0.45096
G1 X83.33 Y92.529 E.03975
;WIDTH:0.456494
G1 X83.338 Y92.624 E.00328
;WIDTH:0.481354
G1 X83.476 Y93.848 E.0449
;WIDTH:0.506116
G1 X83.576 Y94.502 E.02548
;WIDTH:0.54637
G1 X83.618 Y94.632 E.00572
G1 X83.735 Y94.677 E.00525
;WIDTH:0.511078
G1 X83.853 Y94.722 E.00492
;WIDTH:0.475785
G1 X83.971 Y94.767 E.00455
;WIDTH:0.440492
G1 X84.568 Y94.901 E.02023
M204 P2000
G1 E-2.5 F4200
G1 Z5.8 F720
G1 X95.426 Y94.904 F10800
G1 Z5.6 F720
G1 E2.5 F2400
M204 P4000
;WIDTH:0.436454
G1 F1776
G1 X96.18 Y94.729 E.02533
;WIDTH:0.472972
G1 X96.248 Y94.696 E.0027
;WIDTH:0.50949
G1 X96.316 Y94.663 E.00293
;WIDTH:0.546008
G1 X96.383 Y94.63 E.00312
G1 X96.451 Y94.252 E.01607
;WIDTH:0.517354
G1 X96.519 Y93.874 E.01515
;WIDTH:0.4887
G1 X96.542 Y93.703 E.0064
;WIDTH:0.476692
G1 X96.68 Y92.405 E.04708
;WIDTH:0.452728
G1 X96.689 Y92.296 E.00373
;WIDTH:0.446288
G1 X96.764 Y91.017 E.04297
;WIDTH:0.433472
G1 X96.765 Y90.968 E.00159
;WIDTH:0.43123
G1 X96.782 Y89.838 E.03649
;WIDTH:0.428696
G1 X96.782 Y89.828 E.00032
;WIDTH:0.433918
G1 X96.752 Y88.7 E.03669
;WIDTH:0.436678
G1 X96.749 Y88.64 E.00197
;WIDTH:0.450958
G1 X96.67 Y87.471 E.03975
;WIDTH:0.45649
G1 X96.662 Y87.376 E.00328
;WIDTH:0.481352
G1 X96.524 Y86.152 E.0449
;WIDTH:0.506114
G1 X96.424 Y85.498 E.02548
;WIDTH:0.546368
G1 X96.382 Y85.368 E.00572
G1 X96.265 Y85.323 E.00525
;WIDTH:0.511074
G1 X96.147 Y85.278 E.00492
;WIDTH:0.47578
G1 X96.029 Y85.233 E.00455
;WIDTH:0.440486
G1 X95.432 Y85.099 E.02023
M204 P2000
G1 E-2.5 F4200
G1 Z5.8 F720
G1 X96.226 Y87.192 F10800
G1 Z5.6 F720
G1 E2.5 F2400
M204 P4000
;TYPE:Internal infill
;WIDTH:0.45
G1 F1776
G1 X96.322 Y88.284 E.03711
G1 X89.221 Y95.385 E.33992
G1 X88.445 Y95.354 E.02629
G1 X83.625 Y90.533 E.23075
G1 X83.614 Y90.162 E.01256
G1 X83.625 Y89.466 E.02356
G1 X88.444 Y84.648 E.23066
G1 X89.223 Y84.617 E.02639
G1 X96.32 Y91.714 E.33973
G1 X96.222 Y92.81 E.03725
M204 P2000
G1 E-2.5 F4200
G1 Z5.8 F720
G1 X91.759 Y84.659 F10800
G1 Z5.6 F720
G1 E2.5 F2400
M204 P4000
G1 F1776
G1 X92.941 Y84.756 E.04014
G1 X83.896 Y93.801 E.43298
G1 X83.799 Y93.01 E.02697
G1 X85.889 Y95.1 E.10005
G1 X85.038 Y94.962 E.02918
G1 X94.962 Y85.038 E.47506
G1 X94.111 Y84.9 E.02918
M73 P14 R44
G1 X96.201 Y86.99 E.10005
G1 X96.104 Y86.199 E.02697
M73 Q14 S45
G1 X87.062 Y95.241 E.43284
G1 X88.242 Y95.342 E.04009
M204 P2000
G1 E-2.5 F4200
G1 Z5.8 F720
G1 X91.761 Y95.341 F10800
G1 Z5.6 F720
G1 E2.5 F2400
M204 P4000
G1 F1776
G1 X92.942 Y95.245 E.04011
G1 X83.9 Y86.203 E.43284
G1 X83.801 Y86.988 E.02678
G1 X85.891 Y84.898 E.10005
G1 X85.035 Y85.035 E.02934
G1 X94.965 Y94.965 E.47534
G1 X94.109 Y95.102 E.02934
M73 Q14 S44
G1 X96.199 Y93.012 E.10005
G1 X96.1 Y93.797 E.02678
G1 X87.06 Y84.758 E.43272
G1 X88.241 Y84.66 E.04011
M204 P2000
;LAYER_CHANGE
;Z:5.8
;HEIGHT:0.2
;BEFORE_LAYER_CHANGE
G92 E0.0
;5.8
M201 X3998.18 Y3998.18

G1 E-2.5 F4200
G1 Z5.8 F720
;AFTER_LAYER_CHANGE
;5.8
M74 W0.789599

G1 Z6
G1 X83.146 Y95.04 F10800
G1 Z5.8 F720
G1 E2.5 F2400
M204 P2500
;TYPE:Perimeter
;WIDTH:0.449999
G1 F1814
G1 X83.038 Y94.255 E.02682
G1 X82.898 Y92.855 E.04762
G1 X82.812 Y91.448 E.04771
G1 X82.783 Y90.176 E.04307
G1 X82.798 Y88.954 E.04137
G1 X82.87 Y87.528 E.04833
G1 X83.007 Y86.014 E.05146
G1 X83.148 Y84.96 E.03599
G1 X83.827 Y84.814 E.02351
G1 X84.73 Y84.649 E.03107
G1 X85.771 Y84.492 E.03564
G1 X86.529 Y84.399 E.02585
G1 X87.389 Y84.316 E.02925
G1 X88.46 Y84.246 E.03633
G1 X89.333 Y84.216 E.02957
G1 X90.412 Y84.211 E.03652
G1 X91.288 Y84.234 E.02966
G1 X92.064 Y84.275 E.0263
G1 X92.834 Y84.335 E.02614
G1 X93.984 Y84.461 E.03916
G1 X94.735 Y84.566 E.02567
G1 X95.477 Y84.686 E.02544
G1 X96.206 Y84.822 E.0251
G1 X96.854 Y84.96 E.02243
G1 X96.962 Y85.745 E.02682
G1 X97.102 Y87.145 E.04762
G1 X97.183 Y88.47 E.04493
G1 X97.199 Y89.018 E.01856
G1 X97.216 Y89.924 E.03067
G1 X97.202 Y91.046 E.03798
G1 X97.13 Y92.472 E.04833
G1 X96.993 Y93.986 E.05146
G1 X96.852 Y95.04 E.03599
G1 X96.173 Y95.186 E.02351
G1 X95.27 Y95.351 E.03107
G1 X94.229 Y95.508 E.03564
G1 X93.471 Y95.601 E.02585
G1 X92.704 Y95.676 E.02609
G1 X91.836 Y95.738 E.02946
G1 X90.76 Y95.782 E.03645
G3 X89.103 Y95.78 I-.77 J-38.248 E.05609
G1 X88.324 Y95.748 E.02639
G1 X87.551 Y95.697 E.02622
G1 X86.396 Y95.585 E.03928
G1 X85.642 Y95.489 E.02573
G1 X84.521 Y95.313 E.03841
G1 X83.794 Y95.178 E.02503
G1 X83.204 Y95.052 E.02042
M204 P2000
G1 X82.827 Y95.388 F10800
;TYPE:External perimeter
G1 F1814
G1 X82.781 Y95.378 E.00159
G1 X82.634 Y94.303 E.03673
G1 X82.492 Y92.888 E.04814
G1 X82.406 Y91.466 E.04822
G1 X82.376 Y90.178 E.04361
G1 X82.391 Y88.942 E.04184
G1 X82.463 Y87.499 E.0489
G1 X82.603 Y85.969 E.052
G1 X82.782 Y84.622 E.046
G1 X83.748 Y84.415 E.03344
G1 X84.663 Y84.248 E.03148
G1 X85.716 Y84.088 E.03605
G1 X86.484 Y83.994 E.02619
G1 X87.357 Y83.91 E.02969
G1 X88.439 Y83.84 E.0367
G1 X89.325 Y83.809 E.03001
G1 X90.417 Y83.804 E.03696
G1 X91.304 Y83.827 E.03003
G1 X92.091 Y83.869 E.02668
G1 X92.872 Y83.93 E.02652
G1 X94.034 Y84.057 E.03957
G1 X94.796 Y84.163 E.02604
G1 X95.547 Y84.285 E.02575
G1 X96.286 Y84.422 E.02544
G1 X97.219 Y84.622 E.0323
G1 X97.366 Y85.697 E.03673
G1 X97.508 Y87.112 E.04814
G1 X97.589 Y88.445 E.0452
G1 X97.606 Y89.009 E.0191
G1 X97.623 Y89.929 E.03115
G1 X97.609 Y91.058 E.03822
G1 X97.537 Y92.501 E.0489
G1 X97.397 Y94.031 E.052
G1 X97.218 Y95.378 E.046
G1 X96.252 Y95.586 E.03345
G1 X95.337 Y95.752 E.03148
G1 X94.284 Y95.912 E.03605
G1 X93.515 Y96.006 E.02622
G1 X92.739 Y96.082 E.02639
G1 X91.859 Y96.145 E.02986
G1 X90.771 Y96.189 E.03686
G3 X89.092 Y96.186 I-.781 J-38.755 E.05684
G1 X88.303 Y96.155 E.02673
G1 X87.518 Y96.103 E.02663
G1 X86.351 Y95.99 E.03969
G1 X85.585 Y95.892 E.02614
G1 X84.452 Y95.715 E.03882
G1 X83.714 Y95.578 E.02541
G1 X82.886 Y95.4 E.02867
G1 X82.734 Y95.03 F10800
G1 E-2.5 F4200
G1 Z6 F720
G1 X84.395 Y94.96 F10800
G1 Z5.8 F720
G1 E2.5 F2400
M204 P4000
;TYPE:Solid infill
;WIDTH:0.43656
G1 F1814
G1 X83.86 Y94.846 E.0179
;WIDTH:0.481128
G1 X83.594 Y94.766 E.01012
;WIDTH:0.514353
G1 X83.546 Y94.739 E.00216
;WIDTH:0.547578
G1 X83.499 Y94.712 E.00227
G1 X83.451 Y94.462 E.01068
;WIDTH:0.520833
G1 X83.403 Y94.212 E.01012
;WIDTH:0.494088
G1 X83.382 Y94.049 E.00617
;WIDTH:0.483632
G1 X83.247 Y92.827 E.04505
;WIDTH:0.458724
G1 X83.238 Y92.725 E.00354
;WIDTH:0.452918
G1 X83.151 Y91.434 E.04411
;WIDTH:0.436748
G1 X83.149 Y91.388 E.00151
;WIDTH:0.434632
G1 X83.118 Y90.173 E.03959
;WIDTH:0.428646
G1 X83.118 Y90.165 E.00026
;WIDTH:0.431208
G1 X83.134 Y89.014 E.03717
;WIDTH:0.43335
G1 X83.136 Y88.965 E.00159
;WIDTH:0.445994
G1 X83.207 Y87.661 E.04377
;WIDTH:0.452162
G1 X83.216 Y87.552 E.00372
;WIDTH:0.475828
G1 X83.348 Y86.228 E.0479
;WIDTH:0.50418
G1 X83.463 Y85.419 E.03134
;WIDTH:0.546558
G1 X83.504 Y85.286 E.00583
G1 X83.574 Y85.253 E.00324
;WIDTH:0.511079
G1 X83.643 Y85.22 E.00298
;WIDTH:0.4756
G1 X83.713 Y85.187 E.00278
;WIDTH:0.44012
G1 X84.372 Y85.045 E.02226
M204 P2000
G1 E-2.5 F4200
G1 Z6 F720
G1 X88.297 Y84.604 F10800
G1 Z5.8 F720
G1 E2.5 F2400
M204 P4000
;TYPE:Internal infill
;WIDTH:0.45
G1 F1814
G1 X87.004 Y84.701 E.04389
G1 X96.206 Y93.903 E.44049
G1 X96.326 Y92.885 E.0347
G1 X94.027 Y95.184 E.11005
G1 X95.036 Y95.036 E.03452
G1 X84.964 Y84.964 E.48214
G1 X85.973 Y84.816 E.03452
G1 X83.674 Y87.115 E.11005
G1 X83.794 Y86.097 E.0347
G1 X92.997 Y95.3 E.44054
G1 X91.706 Y95.397 E.04382
M204 P2000
G1 E-2.5 F4200
G1 Z6 F720
G1 X88.297 Y95.4 F10800
G1 Z5.8 F720
G1 E2.5 F2400
M204 P4000
G1 F1814
G1 X87.006 Y95.297 E.04384
G1 X96.208 Y86.094 E.44052
G1 X96.332 Y87.121 E.03502
G1 X94.028 Y84.816 E.11032
G1 X95.035 Y84.965 E.03446
G1 X84.967 Y95.033 E.48195
G1 X85.971 Y95.182 E.03436
G1 X83.668 Y92.879 E.11024
G1 X83.792 Y93.906 E.03502
G1 X92.996 Y84.701 E.44061
G1 X91.703 Y84.602 E.04389
M204 P2000
G1 E-2.5 F4200
G1 Z6 F720
G1 X95.605 Y85.04 F10800
G1 Z5.8 F720
G1 E2.5 F2400
M204 P4000
;TYPE:Solid infill
;WIDTH:0.436558
G1 F1814
G1 X96.14 Y85.154 E.0179
;WIDTH:0.481128
G1 X96.406 Y85.234 E.01012
;WIDTH:0.514353
G1 X96.454 Y85.261 E.00216
;WIDTH:0.547578
G1 X96.501 Y85.288 E.00227
G1 X96.549 Y85.538 E.01068
;WIDTH:0.52083
G1 X96.597 Y85.788 E.01012
;WIDTH:0.494082
G1 X96.618 Y85.951 E.00617
;WIDTH:0.48363
G1 X96.753 Y87.173 E.04505
;WIDTH:0.458722
G1 X96.762 Y87.275 E.00354
;WIDTH:0.452918
G1 X96.849 Y88.566 E.04411
;WIDTH:0.436748
G1 X96.851 Y88.612 E.00151
;WIDTH:0.434634
G1 X96.882 Y89.827 E.03959
;WIDTH:0.428646
G1 X96.882 Y89.835 E.00026
;WIDTH:0.431204
G1 X96.866 Y90.986 E.03716
;WIDTH:0.433344
G1 X96.864 Y91.035 E.00159
;WIDTH:0.445994
G1 X96.793 Y92.339 E.04377
;WIDTH:0.45216
G1 X96.784 Y92.448 E.00372
;WIDTH:0.475826
G1 X96.652 Y93.772 E.0479
;WIDTH:0.504178
G1 X96.537 Y94.581 E.03134
;WIDTH:0.546558
G1 X96.496 Y94.714 E.00583
G1 X96.426 Y94.747 E.00324
;WIDTH:0.511078
G1 X96.357 Y94.78 E.00298
;WIDTH:0.475598
G1 X96.287 Y94.813 E.00278
;WIDTH:0.440118
G1 X95.628 Y94.955 E.02226
M204 P2000
G1 E-2.5 F4200
G1 Z6 F720
G1 X96.474 Y90.635 F10800
G1 Z5.8 F720
G1 E2.5 F2400
M204 P4000
;TYPE:Internal infill
;WIDTH:0.45
G1 F1814
G1 X96.418 Y91.813 E.03992
G1 X89.173 Y84.567 E.34684
G1 X88.501 Y84.591 E.02276
G1 X83.523 Y89.568 E.23827
G1 X83.514 Y90.164 E.02018
G1 X83.522 Y90.43 E.00901
G1 X88.501 Y95.409 E.23834
G1 X89.171 Y95.435 E.0227
G1 X96.419 Y88.186 E.34698
G1 X96.472 Y89.366 E.03998
M204 P2000
G1 E-2.5 F4200
G1 Z6 F720
G1 X83.526 Y89.365 F10800
G1 Z5.8 F720
G1 E2.5 F2400
M204 P4000
G1 F1814
G1 X83.582 Y88.187 E.03992
G1 X90.827 Y95.433 E.34684
G1 X91.503 Y95.405 E.0229
G1 X96.477 Y90.432 E.23808
G1 X96.486 Y89.836 E.02018
G1 X96.478 Y89.57 E.00901
G1 X91.5 Y84.592 E.23829
G1 X90.826 Y84.568 E.02283
G1 X83.581 Y91.814 E.34684
G1 X83.528 Y90.634 E.03998
M204 P2000
;LAYER_CHANGE
;Z:6
;HEIGHT:0.2
;BEFORE_LAYER_CHANGE
G92 E0.0
;6
M201 X3998.11 Y3998.11

G1 E-2.5 F4200
G1 Z6 F720
;AFTER_LAYER_CHANGE
;6
M74 W0.8206

G1 Z6.2
G1 X83.027 Y95.121 F10800
G1 Z6 F720
G1 E2.5 F2400
M204 P2500
;TYPE:Perimeter
;WIDTH:0.449999
G1 F1680
G1 X82.941 Y94.47 E.02223
G1 X82.805 Y93.067 E.04771
G1 X82.716 Y91.608 E.04948
G1 X82.683 Y90.178 E.04842
G1 X82.697 Y88.937 E.04201
G1 X82.766 Y87.486 E.04917
G1 X82.897 Y85.946 E.05232
G1 X83.031 Y84.874 E.03657
G1 X83.527 Y84.773 E.01713
G1 X84.445 Y84.611 E.03155
G1 X85.458 Y84.461 E.03466
G1 X86.225 Y84.367 E.02616
G1 X87.351 Y84.261 E.03828
G1 X88.181 Y84.207 E.02815
G1 X89.325 Y84.165 E.03875
G1 X90.163 Y84.159 E.02837
G1 X91.308 Y84.183 E.03877
G1 X92.096 Y84.222 E.02671
G1 X92.881 Y84.28 E.02664
G1 X93.659 Y84.355 E.02646
G1 X94.429 Y84.447 E.02625
G1 X95.571 Y84.615 E.03907
G1 X96.312 Y84.744 E.02546
G1 X96.972 Y84.876 E.02278
G1 X97.059 Y85.53 E.02233
G1 X97.195 Y86.933 E.04771
G1 X97.284 Y88.392 E.04948
G1 X97.298 Y88.978 E.01984
G1 X97.316 Y89.921 E.03193
G1 X97.303 Y91.063 E.03866
G1 X97.234 Y92.514 E.04917
G1 X97.103 Y94.054 E.05232
G1 X96.969 Y95.126 E.03657
G1 X96.473 Y95.227 E.01713
G1 X95.555 Y95.389 E.03155
G1 X94.542 Y95.539 E.03466
G1 X93.774 Y95.633 E.02619
G1 X92.997 Y95.71 E.02643
G1 X91.862 Y95.791 E.03852
G1 X91.028 Y95.826 E.02825
G3 X89.089 Y95.83 I-1.063 J-42.551 E.06564
G1 X88.298 Y95.8 E.02679
G1 X87.513 Y95.752 E.02662
G1 X86.339 Y95.645 E.0399
G1 X85.571 Y95.553 E.02618
G1 X84.429 Y95.385 E.03907
G1 X83.688 Y95.256 E.02546
G1 X83.083 Y95.135 E.02088
M204 P2000
G1 X82.662 Y95.466 F10800
;TYPE:External perimeter
G1 F1680
G1 X82.537 Y94.517 E.0324
G1 X82.399 Y93.099 E.04822
G1 X82.31 Y91.625 E.04998
G1 X82.275 Y90.181 E.04889
G1 X82.29 Y88.925 E.04252
G1 X82.359 Y87.459 E.04968
G1 X82.492 Y85.904 E.05283
G1 X82.663 Y84.533 E.04677
G1 X83.451 Y84.373 E.02722
G1 X84.38 Y84.21 E.03193
G1 X85.404 Y84.058 E.03504
G1 X86.181 Y83.962 E.0265
G1 X87.318 Y83.855 E.03866
G1 X88.161 Y83.8 E.0286
G1 X89.316 Y83.758 E.03912
G1 X90.165 Y83.752 E.02874
G1 X91.323 Y83.776 E.03921
G1 X92.121 Y83.816 E.02705
G1 X92.915 Y83.874 E.02695
G1 X93.703 Y83.951 E.0268
G1 X94.482 Y84.044 E.02656
G1 X95.635 Y84.213 E.03944
G1 X96.387 Y84.344 E.02584
G1 X97.338 Y84.534 E.03283
G1 X97.463 Y85.483 E.0324
G1 X97.601 Y86.901 E.04822
G1 X97.69 Y88.375 E.04998
G1 X97.704 Y88.968 E.02008
G1 X97.723 Y89.926 E.03243
G1 X97.71 Y91.075 E.03889
G1 X97.641 Y92.541 E.04968
G1 X97.508 Y94.096 E.05283
G1 X97.337 Y95.467 E.04677
G1 X96.549 Y95.627 E.02722
G1 X95.62 Y95.79 E.03193
G1 X94.596 Y95.942 E.03504
G1 X93.818 Y96.038 E.02653
G1 X93.032 Y96.116 E.02674
G1 X91.885 Y96.197 E.03892
G1 X91.039 Y96.233 E.02866
G3 X89.079 Y96.237 I-1.073 J-43.018 E.06635
G1 X88.278 Y96.207 E.02713
G1 X87.482 Y96.157 E.027
G1 X86.296 Y96.049 E.04031
G1 X85.518 Y95.956 E.02652
G1 X84.365 Y95.787 E.03944
G1 X83.613 Y95.656 E.02584
G1 X82.721 Y95.478 E.03079
G1 X82.616 Y95.092 F10800
G1 X83.71 Y94.214
M204 P4000
;TYPE:Internal infill
;WIDTH:0.45
G1 F1680
G1 X83.759 Y94.519 E.01046
G1 X84.544 Y94.696 E.02724
G1 X84.475 Y95.042 E.01194
G1 X84.896 Y95.104 E.0144
G1 X95.104 Y84.896 E.48865
G1 X95.525 Y84.958 E.0144
G1 X95.456 Y85.304 E.01194
G1 X96.241 Y85.481 E.02724
G1 X96.314 Y85.989 E.01737
G1 X86.95 Y95.353 E.44825
G1 X86.05 Y95.262 E.03062
G1 X83.544 Y92.755 E.11998
G1 X83.482 Y91.913 E.02858
G1 X90.875 Y84.52 E.3539
G1 X91.444 Y84.536 E.01927
G1 X96.581 Y89.673 E.24591
G1 X96.586 Y89.834 E.00545
G1 X96.579 Y90.33 E.01679
G1 X91.446 Y95.462 E.24569
G1 X90.876 Y95.482 E.01931
G1 X83.483 Y88.088 E.35392
G1 X83.508 Y87.645 E.01502
G1 X83.549 Y87.239 E.01381
G1 X86.052 Y84.737 E.11979
G1 X86.949 Y84.646 E.03052
G1 X96.312 Y94.009 E.4482
G1 X96.235 Y94.52 E.01749
G1 X95.241 Y94.742 E.03447
G1 X95.309 Y95.075 E.0115
G1 X95.106 Y95.106 E.00695
G1 X84.894 Y84.894 E.48884
G1 X84.691 Y84.925 E.00695
G1 X84.759 Y85.258 E.0115
G1 X83.765 Y85.48 E.03447
G1 X83.688 Y85.991 E.01749
G1 X93.054 Y95.357 E.44835
G1 X93.948 Y95.263 E.03043
G1 X96.451 Y92.761 E.11979
G1 X96.517 Y91.912 E.02882
G1 X89.124 Y84.519 E.3539
G1 X88.552 Y84.54 E.01937
G1 X83.421 Y89.67 E.24559
G1 X83.419 Y90.327 E.02224
G1 X88.555 Y95.464 E.24588
G1 X89.121 Y95.485 E.01917
G1 X96.518 Y88.087 E.35411
G1 X96.456 Y87.245 E.02858
G1 X93.95 Y84.738 E.11998
G1 X93.053 Y84.644 E.03053
G1 X83.686 Y94.011 E.44839
G1 X83.561 Y92.958 E.03589
M204 P2000
G1 E-2.5 F4200
G1 Z6.2 F720
G1 X84.307 Y84.965 F10800
G1 Z6 F720
G1 E2.5 F2400
M204 P4000
;TYPE:Solid infill
;WIDTH:0.431918
G1 F1680
G1 X83.605 Y85.108 E.02317
;WIDTH:0.470468
G1 X83.532 Y85.141 E.00285
;WIDTH:0.509018
G1 X83.46 Y85.174 E.00307
;WIDTH:0.547568
G1 X83.387 Y85.207 E.00336
G1 X83.323 Y85.596 E.01654
;WIDTH:0.516801
G1 X83.259 Y85.984 E.0155
;WIDTH:0.486034
G1 X83.239 Y86.159 E.00649
;WIDTH:0.47497
G1 X83.112 Y87.509 E.04871
;WIDTH:0.451606
G1 X83.104 Y87.619 E.00375
;WIDTH:0.445706
G1 X83.035 Y88.947 E.04454
;WIDTH:0.433206
G1 X83.033 Y88.996 E.00159
;WIDTH:0.43117
G1 X83.018 Y90.167 E.03781
;WIDTH:0.4287
G1 X83.018 Y90.176 E.00029
;WIDTH:0.435668
G1 X83.054 Y91.541 E.04459
;WIDTH:0.438108
G1 X83.056 Y91.594 E.00174
;WIDTH:0.45536
G1 X83.146 Y92.929 E.04589
;WIDTH:0.461454
G1 X83.155 Y93.039 E.00384
;WIDTH:0.486456
G1 X83.287 Y94.257 E.04518
;WIDTH:0.516413
G1 X83.334 Y94.524 E.01067
;WIDTH:0.54637
G1 X83.381 Y94.791 E.01135
G1 X83.453 Y94.823 E.0033
;WIDTH:0.508054
G1 X83.524 Y94.856 E.00303
;WIDTH:0.469738
G1 X83.596 Y94.889 E.00281
;WIDTH:0.431422
G1 X84.091 Y94.992 E.01633
M204 P2000
G1 E-2.5 F4200
G1 Z6.2 F720
G1 X95.693 Y95.035 F10800
G1 Z6 F720
G1 E2.5 F2400
M204 P4000
;WIDTH:0.43192
G1 F1680
G1 X96.395 Y94.892 E.02317
;WIDTH:0.47047
G1 X96.468 Y94.859 E.00285
;WIDTH:0.509019
G1 X96.54 Y94.826 E.00307
;WIDTH:0.547568
G1 X96.613 Y94.793 E.00336
G1 X96.677 Y94.404 E.01654
;WIDTH:0.516801
G1 X96.741 Y94.016 E.0155
;WIDTH:0.486034
G1 X96.761 Y93.841 E.00649
;WIDTH:0.474972
G1 X96.888 Y92.491 E.04871
;WIDTH:0.451606
G1 X96.896 Y92.381 E.00375
;WIDTH:0.445706
G1 X96.965 Y91.053 E.04454
;WIDTH:0.433206
G1 X96.967 Y91.004 E.00159
;WIDTH:0.431168
G1 X96.982 Y89.833 E.03781
;WIDTH:0.428698
G1 X96.982 Y89.824 E.00029
;WIDTH:0.435664
G1 X96.946 Y88.459 E.04459
;WIDTH:0.438106
G1 X96.944 Y88.406 E.00174
;WIDTH:0.45536
G1 X96.854 Y87.071 E.04589
;WIDTH:0.461452
G1 X96.845 Y86.961 E.00384
;WIDTH:0.486454
G1 X96.713 Y85.743 E.04518
;WIDTH:0.516412
G1 X96.666 Y85.476 E.01067
;WIDTH:0.54637
G1 X96.619 Y85.209 E.01135
G1 X96.547 Y85.177 E.0033
;WIDTH:0.508054
G1 X96.476 Y85.144 E.00303
;WIDTH:0.469738
G1 X96.404 Y85.111 E.00281
;WIDTH:0.431422
G1 X95.909 Y85.008 E.01633
M204 P2000
;LAYER_CHANGE
;Z:6.2
;HEIGHT:0.2
;BEFORE_LAYER_CHANGE
G92 E0.0
;6.2
M201 X3998.04 Y3998.04

G1 E-2.5 F4200
G1 Z6.2 F720
;AFTER_LAYER_CHANGE
;6.2
M74 W0.851911

G1 Z6.4
G1 X83.105 Y95.245 F10800
G1 Z6.2 F720
G1 E2.5 F2400
M204 P2500
;TYPE:Perimeter
;WIDTH:0.449999
G1 F1671
G1 X82.913 Y95.209 E.00661
G1 X82.798 Y94.243 E.03293
G1 X82.675 Y92.768 E.0501
G1 X82.608 Y91.444 E.04487
G1 X82.583 Y90.182 E.04273
G1 X82.597 Y88.92 E.04272
G1 X82.662 Y87.445 E.04998
G1 X82.787 Y85.879 E.05318
G1 X82.914 Y84.79 E.03711
G1 X83.529 Y84.674 E.02118
G1 X84.467 Y84.522 E.03216
G1 X85.525 Y84.379 E.03614
G1 X86.307 Y84.292 E.02663
G1 X87.308 Y84.206 E.03401
G1 X88.298 Y84.148 E.03357
G1 X89.313 Y84.115 E.03437
G1 X90.31 Y84.11 E.03375
G1 X91.328 Y84.131 E.03447
G1 X92.128 Y84.169 E.02711
G1 X92.925 Y84.224 E.02704
G1 X93.717 Y84.296 E.02692
G1 X94.499 Y84.383 E.02663
G1 X95.662 Y84.543 E.03974
G1 X96.418 Y84.666 E.02593
G1 X97.087 Y84.791 E.02304
G1 X97.202 Y85.757 E.03293
G1 X97.325 Y87.232 E.0501
G1 X97.371 Y88.14 E.03077
G1 X97.416 Y89.906 E.0598
G1 X97.403 Y91.08 E.03974
G1 X97.338 Y92.555 E.04998
G1 X97.213 Y94.121 E.05318
G1 X97.086 Y95.21 E.03711
G1 X96.471 Y95.326 E.02118
G1 X95.533 Y95.478 E.03216
G1 X94.475 Y95.621 E.03614
G1 X93.692 Y95.708 E.02667
G1 X92.901 Y95.778 E.02688
G1 X91.892 Y95.843 E.03422
G1 X90.898 Y95.88 E.03367
G3 X89.075 Y95.881 I-.921 J-45.023 E.06171
G1 X88.272 Y95.852 E.0272
G1 X87.474 Y95.806 E.02706
G1 X86.281 Y95.704 E.04053
G1 X85.501 Y95.617 E.02657
G1 X84.338 Y95.457 E.03974
G1 X83.582 Y95.334 E.02593
G1 X83.164 Y95.256 E.01439
M204 P2000
G1 X82.569 Y95.559 F10800
;TYPE:External perimeter
G1 F1671
G1 X82.544 Y95.554 E.00086
G1 X82.393 Y94.284 E.04329
G1 X82.268 Y92.796 E.05054
G1 X82.201 Y91.459 E.04531
G1 X82.175 Y90.184 E.04317
G1 X82.19 Y88.909 E.04316
G1 X82.255 Y87.42 E.05045
G1 X82.382 Y85.839 E.05369
G1 X82.544 Y84.445 E.0475
G1 X83.459 Y84.273 E.03151
G1 X84.407 Y84.12 E.0325
G1 X85.475 Y83.975 E.03648
G1 X86.267 Y83.887 E.02697
G1 X87.279 Y83.8 E.03438
G1 X88.279 Y83.741 E.03391
G1 X89.306 Y83.708 E.03478
G1 X90.314 Y83.703 E.03412
G1 X91.342 Y83.725 E.0348
G1 X92.152 Y83.762 E.02745
G1 X92.958 Y83.818 E.02735
G1 X93.758 Y83.891 E.02719
G1 X94.55 Y83.979 E.02697
G1 X95.722 Y84.141 E.04005
G1 X96.488 Y84.265 E.02627
G1 X97.456 Y84.446 E.03333
G1 X97.607 Y85.716 E.04329
G1 X97.732 Y87.204 E.05054
G1 X97.795 Y88.467 E.0428
G1 X97.808 Y88.967 E.01693
G1 X97.824 Y89.911 E.03196
G1 X97.81 Y91.091 E.03994
G1 X97.745 Y92.58 E.05045
G1 X97.618 Y94.161 E.05369
G1 X97.456 Y95.555 E.0475
G1 X96.541 Y95.727 E.03151
G1 X95.593 Y95.88 E.0325
G1 X94.525 Y96.025 E.03648
G1 X93.733 Y96.113 E.02697
M73 Q15 S44
G1 X92.933 Y96.184 E.02719
G1 X91.913 Y96.25 E.0346
G1 X90.908 Y96.287 E.03404
M73 P15 R44
G3 X89.065 Y96.288 I-.93 J-45.509 E.06239
G1 X88.253 Y96.259 E.0275
G1 X87.445 Y96.212 E.0274
G1 X86.242 Y96.109 E.04087
G1 X85.45 Y96.021 E.02697
G1 X84.278 Y95.859 E.04005
G1 X83.512 Y95.735 E.02627
G1 X82.628 Y95.57 E.03044
G1 X82.502 Y95.19 F10800
G1 X83.924 Y95.058
M204 P4000
;TYPE:Solid infill
;WIDTH:0.438024
G1 F1671
G1 X83.648 Y94.993 E.00932
;WIDTH:0.472162
G1 X83.372 Y94.928 E.01012
;WIDTH:0.509444
G1 X83.321 Y94.9 E.00226
;WIDTH:0.546726
G1 X83.27 Y94.872 E.00244
G1 X83.215 Y94.539 E.01414
;WIDTH:0.51715
G1 X83.161 Y94.206 E.0133
;WIDTH:0.487574
G1 X83.143 Y94.045 E.00599
;WIDTH:0.47801
G1 X83.022 Y92.745 E.04723
;WIDTH:0.454276
G1 X83.015 Y92.648 E.00333
;WIDTH:0.449484
G1 X82.947 Y91.432 E.04117
;WIDTH:0.436066
G1 X82.944 Y91.371 E.002
;WIDTH:0.433656
G1 X82.918 Y90.18 E.0387
;WIDTH:0.428668
G1 X82.918 Y90.171 E.00029
;WIDTH:0.43114
G1 X82.932 Y88.979 E.03848
;WIDTH:0.433078
G1 X82.934 Y88.929 E.00162
;WIDTH:0.445414
G1 X83 Y87.577 E.0453
;WIDTH:0.451058
G1 X83.008 Y87.467 E.00374
;WIDTH:0.474134
G1 X83.129 Y86.09 E.04956
;WIDTH:0.500914
G1 X83.233 Y85.261 E.03182
;WIDTH:0.54681
G1 X83.274 Y85.123 E.00603
G1 X83.378 Y85.084 E.00465
;WIDTH:0.508157
G1 X83.483 Y85.045 E.00433
;WIDTH:0.469504
G1 X83.587 Y85.005 E.00395
;WIDTH:0.43085
G1 X84.043 Y84.92 E.01496
M204 P2000
G1 E-2.5 F4200
G1 Z6.4 F720
G1 X96.076 Y84.942 F10800
G1 Z6.2 F720
G1 E2.5 F2400
M204 P4000
;WIDTH:0.438025
G1 F1671
G1 X96.352 Y85.007 E.00932
;WIDTH:0.472164
G1 X96.628 Y85.072 E.01012
;WIDTH:0.509446
G1 X96.679 Y85.1 E.00226
;WIDTH:0.546728
G1 X96.73 Y85.128 E.00244
G1 X96.785 Y85.461 E.01414
;WIDTH:0.51715
G1 X96.839 Y85.794 E.0133
;WIDTH:0.487572
G1 X96.857 Y85.955 E.00599
;WIDTH:0.478008
G1 X96.978 Y87.255 E.04723
;WIDTH:0.454276
G1 X96.985 Y87.352 E.00333
;WIDTH:0.449484
G1 X97.053 Y88.568 E.04117
;WIDTH:0.436068
G1 X97.056 Y88.629 E.002
;WIDTH:0.433654
G1 X97.082 Y89.82 E.0387
;WIDTH:0.428668
G1 X97.082 Y89.829 E.00029
;WIDTH:0.431142
G1 X97.068 Y91.021 E.03848
;WIDTH:0.433074
G1 X97.066 Y91.071 E.00162
;WIDTH:0.445412
G1 X97 Y92.423 E.0453
;WIDTH:0.451056
G1 X96.992 Y92.533 E.00374
;WIDTH:0.474134
G1 X96.871 Y93.909 E.04953
;WIDTH:0.500912
G1 X96.767 Y94.739 E.03186
;WIDTH:0.546808
G1 X96.726 Y94.877 E.00603
G1 X96.622 Y94.916 E.00465
;WIDTH:0.508156
G1 X96.517 Y94.955 E.00433
;WIDTH:0.469503
G1 X96.413 Y94.995 E.00395
;WIDTH:0.43085
G1 X95.957 Y95.08 E.01496
M204 P2000
G1 X95.379 Y95.15 F10800
M204 P4000
;TYPE:Internal infill
;WIDTH:0.45
G1 F1671
G1 X95.572 Y95.121 E.00661
G1 X95.51 Y94.778 E.0118
G1 X96.349 Y94.603 E.02901
G1 X96.418 Y94.116 E.01665
G1 X86.892 Y84.589 E.45603
G1 X86.129 Y84.66 E.02594
G1 X83.427 Y87.362 E.12934
G1 X83.383 Y87.989 E.02128
G1 X90.927 Y95.533 E.36113
G1 X91.393 Y95.516 E.01578
G1 X96.68 Y90.228 E.25311
G1 X96.686 Y89.829 E.01351
G1 X96.684 Y89.776 E.0018
G1 X91.389 Y84.481 E.25347
G1 X90.925 Y84.469 E.01571
G1 X83.383 Y92.011 E.36103
G1 X83.422 Y92.633 E.0211
G1 X86.127 Y95.339 E.12951
G1 X86.894 Y95.409 E.02607
G1 X96.421 Y85.881 E.45608
G1 X96.352 Y85.399 E.01648
G1 X95.626 Y85.233 E.02521
G1 X95.693 Y84.9 E.0115
G1 X95.174 Y84.826 E.01775
G1 X84.826 Y95.174 E.49535
G1 X84.307 Y95.1 E.01775
G1 X84.374 Y94.767 E.0115
G1 X83.648 Y94.601 E.02521
G1 X83.579 Y94.119 E.01648
G1 X93.109 Y84.588 E.45622
G1 X93.873 Y84.661 E.02598
G1 X96.578 Y87.367 E.12951
G1 X96.617 Y87.989 E.0211
G1 X89.071 Y95.534 E.3612
G1 X88.61 Y95.518 E.01561
G1 X83.316 Y90.224 E.25342
G1 X83.32 Y89.772 E.0153
G1 X88.608 Y84.484 E.25313
G1 X89.074 Y84.469 E.01578
G1 X96.617 Y92.011 E.36106
G1 X96.573 Y92.638 E.02128
G1 X93.871 Y95.34 E.12934
G1 X93.109 Y95.412 E.02591
G1 X83.582 Y85.884 E.45608
G1 X83.651 Y85.397 E.01665
G1 X84.49 Y85.222 E.02901
G1 X84.428 Y84.879 E.0118
G1 X84.823 Y84.823 E.0135
G1 X95.177 Y95.177 E.49564
G1 X94.074 Y95.317 E.03763
M204 P2000
;LAYER_CHANGE
;Z:6.4
;HEIGHT:0.2
;BEFORE_LAYER_CHANGE
G92 E0.0
;6.4
M201 X3997.97 Y3997.97

G1 E-2.5 F4200
G1 Z6.4 F720
;AFTER_LAYER_CHANGE
;6.4
M74 W0.883573

G1 Z6.6
G1 X82.795 Y95.293 F10800
G1 Z6.4 F720
G1 E2.5 F2400
M204 P2500
;TYPE:Perimeter
;WIDTH:0.449999
G1 F1728
G1 X82.701 Y94.455 E.02854
G1 X82.581 Y92.977 E.05019
G1 X82.508 Y91.503 E.04995
G1 X82.483 Y90.185 E.04462
G1 X82.496 Y88.902 E.04343
G1 X82.558 Y87.404 E.05075
G1 X82.677 Y85.811 E.05407
G1 X82.797 Y84.706 E.03762
G1 X83.537 Y84.577 E.02543
G1 X84.495 Y84.436 E.03278
G1 X85.599 Y84.3 E.03765
G1 X86.396 Y84.22 E.02711
G1 X87.267 Y84.151 E.02957
G1 X88.421 Y84.09 E.03912
G1 X89.302 Y84.064 E.02983
G1 X90.464 Y84.061 E.03933
G1 X91.347 Y84.08 E.0299
G1 X92.16 Y84.116 E.02755
G1 X92.968 Y84.168 E.02741
G1 X94.172 Y84.276 E.04092
G1 X95.754 Y84.472 E.05396
G1 X96.524 Y84.588 E.02636
M73 P15 R43
G1 X97.205 Y84.707 E.0234
G1 X97.299 Y85.545 E.02854
G1 X97.419 Y87.023 E.05019
G1 X97.489 Y88.429 E.04765
G1 X97.501 Y88.973 E.01842
G1 X97.517 Y89.899 E.03135
G1 X97.504 Y91.098 E.04059
G1 X97.442 Y92.596 E.05075
G1 X97.323 Y94.189 E.05407
G1 X97.203 Y95.294 E.03762
G1 X96.463 Y95.423 E.02543
G1 X95.505 Y95.564 E.03278
G1 X94.401 Y95.7 E.03765
G1 X93.604 Y95.78 E.02711
G1 X92.733 Y95.849 E.02957
G1 X91.579 Y95.91 E.03912
G1 X90.697 Y95.936 E.02987
G3 X89.062 Y95.931 I-.69 J-48.907 E.05535
G1 X88.246 Y95.904 E.02764
G1 X87.436 Y95.86 E.02746
G1 X86.224 Y95.763 E.04116
G1 X85.43 Y95.68 E.02702
G1 X84.247 Y95.529 E.04037
G1 X83.476 Y95.412 E.0264
G1 X82.854 Y95.304 E.02137
M204 P2000
G1 X82.454 Y95.647 F10800
;TYPE:External perimeter
G1 F1728
G1 X82.425 Y95.642 E.001
G1 X82.296 Y94.494 E.0391
G1 X82.175 Y93.003 E.05063
G1 X82.101 Y91.516 E.0504
G1 X82.075 Y90.187 E.04499
G1 X82.089 Y88.892 E.04384
G1 X82.151 Y87.38 E.05122
G1 X82.271 Y85.774 E.05451
G1 X82.425 Y84.358 E.04821
G1 X83.473 Y84.176 E.036
G1 X84.44 Y84.032 E.03309
G1 X85.553 Y83.895 E.03796
G1 X86.36 Y83.814 E.02745
G1 X87.24 Y83.745 E.02988
G1 X88.405 Y83.683 E.03949
G1 X89.296 Y83.657 E.03017
G1 X90.468 Y83.654 E.03967
G1 X91.36 Y83.673 E.0302
G1 X92.182 Y83.709 E.02785
G1 X93 Y83.762 E.02775
G1 X94.215 Y83.871 E.04129
G1 X95.81 Y84.068 E.0544
G1 X96.589 Y84.186 E.02667
G1 X97.575 Y84.358 E.03388
G1 X97.704 Y85.506 E.0391
G1 X97.825 Y86.997 E.05063
G1 X97.896 Y88.409 E.04785
G1 X97.908 Y88.965 E.01882
G1 X97.924 Y89.904 E.03179
G1 X97.911 Y91.108 E.04076
G1 X97.849 Y92.62 E.05122
G1 X97.729 Y94.226 E.05451
G1 X97.575 Y95.642 E.04821
G1 X96.527 Y95.824 E.036
G1 X95.56 Y95.968 E.03309
G1 X94.447 Y96.105 E.03796
G1 X93.64 Y96.186 E.02745
G1 X92.76 Y96.255 E.02988
G1 X91.595 Y96.317 E.03949
G1 X90.704 Y96.343 E.03017
G3 X89.052 Y96.338 I-.697 J-49.405 E.05592
G1 X88.228 Y96.311 E.02791
G1 X87.409 Y96.266 E.02776
G1 X86.187 Y96.169 E.04149
G1 X85.383 Y96.085 E.02736
G1 X84.191 Y95.932 E.04068
G1 X83.411 Y95.814 E.0267
G1 X82.513 Y95.658 E.03085
G1 X82.385 Y95.279 F10800
G1 E-2.5 F4200
G1 Z6.6 F720
G1 X83.854 Y84.857 F10800
G1 Z6.4 F720
G1 E2.5 F2400
M204 P4000
;TYPE:Solid infill
;WIDTH:0.432016
G1 F1728
G1 X83.351 Y84.952 E.01656
;WIDTH:0.470608
G1 X83.287 Y84.983 E.00253
;WIDTH:0.509199
G1 X83.222 Y85.014 E.00279
;WIDTH:0.54779
G1 X83.157 Y85.044 E.00301
G1 X83.098 Y85.444 E.01697
;WIDTH:0.515606
G1 X83.038 Y85.844 E.0159
;WIDTH:0.483422
G1 X83.02 Y86.022 E.00655
;WIDTH:0.4733
G1 X82.903 Y87.424 E.05035
;WIDTH:0.450512
G1 X82.896 Y87.535 E.00377
;WIDTH:0.445144
G1 X82.833 Y88.911 E.04607
;WIDTH:0.432948
G1 X82.832 Y88.961 E.00162
;WIDTH:0.431112
G1 X82.818 Y90.174 E.03916
;WIDTH:0.42867
G1 X82.818 Y90.183 E.00029
;WIDTH:0.434188
G1 X82.845 Y91.445 E.04107
;WIDTH:0.435974
G1 X82.846 Y91.491 E.0015
;WIDTH:0.451276
G1 X82.922 Y92.851 E.04625
;WIDTH:0.456298
G1 X82.929 Y92.954 E.00355
;WIDTH:0.480104
G1 X83.047 Y94.252 E.04738
;WIDTH:0.499296
G1 X83.115 Y94.816 E.02156
;WIDTH:0.54414
G1 X83.157 Y94.955 E.00605
G1 X83.23 Y94.987 E.00332
;WIDTH:0.504358
G1 X83.302 Y95.019 E.00302
;WIDTH:0.464576
G1 X83.374 Y95.051 E.00276
;WIDTH:0.424794
G1 X83.77 Y95.125 E.01279
M204 P2000
G1 E-2.5 F4200
G1 Z6.6 F720
G1 X94.004 Y84.609 F10800
G1 Z6.4 F720
G1 E2.5 F2400
M204 P4000
;TYPE:Internal infill
;WIDTH:0.45
G1 F1728
G1 X95.243 Y84.757 E.04224
G1 X84.755 Y95.245 E.50205
G1 X84.153 Y95.163 E.02057
G1 X84.216 Y94.828 E.01154
G1 X83.532 Y94.681 E.02368
G1 X83.47 Y94.228 E.01548
G1 X93.164 Y84.533 E.46407
G1 X93.801 Y84.59 E.02165
G1 X96.69 Y87.479 E.13829
G1 X96.715 Y87.89 E.01394
G1 X89.022 Y95.584 E.36828
G1 X88.664 Y95.572 E.01212
G1 X83.215 Y90.123 E.26084
G1 X83.218 Y89.874 E.00843
G1 X88.663 Y84.429 E.26065
G1 X89.024 Y84.418 E.01223
G1 X96.717 Y92.111 E.36826
G1 X96.693 Y92.518 E.0138
G1 X93.798 Y95.413 E.13858
G1 X93.165 Y95.468 E.02151
G1 X83.474 Y85.777 E.4639
G1 X83.535 Y85.318 E.01567
G1 X84.298 Y85.154 E.02642
G1 X84.238 Y84.824 E.01135
G1 X84.753 Y84.753 E.0176
G1 X95.247 Y95.247 E.50234
G1 X95.762 Y95.176 E.0176
G1 X95.702 Y94.846 E.01135
G1 X96.465 Y94.682 E.02642
G1 X96.526 Y94.223 E.01567
G1 X86.835 Y84.532 E.4639
G1 X86.202 Y84.587 E.02151
G1 X83.307 Y87.482 E.13858
G1 X83.283 Y87.889 E.0138
G1 X90.976 Y95.582 E.36826
G1 X91.337 Y95.571 E.01223
G1 X96.782 Y90.126 E.26065
G1 X96.785 Y89.877 E.00843
G1 X91.334 Y84.426 E.26094
G1 X90.976 Y84.418 E.01212
G1 X83.285 Y92.11 E.36819
G1 X83.31 Y92.521 E.01394
G1 X86.202 Y95.413 E.13844
G1 X86.838 Y95.465 E.0216
G1 X96.53 Y85.772 E.46397
G1 X96.468 Y85.319 E.01548
G1 X95.784 Y85.172 E.02368
G1 X95.846 Y84.837 E.01153
G1 X95.445 Y84.782 E.0137
M204 P2000
G1 X96.23 Y84.875 F10800
M204 P4000
;TYPE:Solid infill
;WIDTH:0.436892
G1 F1728
G1 X96.486 Y84.933 E.0086
;WIDTH:0.469796
G1 X96.742 Y84.991 E.00932
;WIDTH:0.508163
G1 X96.794 Y85.018 E.00227
;WIDTH:0.54653
G1 X96.846 Y85.046 E.00247
G1 X96.89 Y85.313 E.01133
;WIDTH:0.517904
G1 X96.935 Y85.58 E.01069
;WIDTH:0.489278
G1 X96.953 Y85.748 E.00627
;WIDTH:0.480102
G1 X97.071 Y87.046 E.04738
;WIDTH:0.456292
G1 X97.078 Y87.149 E.00355
;WIDTH:0.451274
G1 X97.154 Y88.509 E.04625
;WIDTH:0.435972
G1 X97.155 Y88.555 E.0015
;WIDTH:0.434186
G1 X97.182 Y89.817 E.04107
;WIDTH:0.428668
G1 X97.182 Y89.826 E.00029
;WIDTH:0.431112
G1 X97.168 Y91.039 E.03916
;WIDTH:0.43295
G1 X97.167 Y91.089 E.00162
;WIDTH:0.445142
G1 X97.104 Y92.465 E.04607
;WIDTH:0.450512
G1 X97.097 Y92.576 E.00377
;WIDTH:0.4733
G1 X96.98 Y93.978 E.05035
;WIDTH:0.499262
G1 X96.882 Y94.816 E.03201
;WIDTH:0.546654
G1 X96.841 Y94.956 E.00611
G1 X96.768 Y94.989 E.00336
;WIDTH:0.507515
G1 X96.696 Y95.021 E.00304
;WIDTH:0.468376
G1 X96.623 Y95.054 E.00283
;WIDTH:0.429236
G1 X96.146 Y95.143 E.01559
M204 P2000
;LAYER_CHANGE
;Z:6.6
;HEIGHT:0.2
;BEFORE_LAYER_CHANGE
G92 E0.0
;6.6
M201 X3997.89 Y3997.89

G1 E-2.5 F4200
G1 Z6.6 F720
;AFTER_LAYER_CHANGE
;6.6
M74 W0.915604

G1 Z6.8
G1 X82.677 Y95.374 F10800
G1 Z6.6 F720
G1 E2.5 F2400
M204 P2500
;TYPE:Perimeter
;WIDTH:0.449999
G1 F1789
G1 X82.602 Y94.677 E.02373
G1 X82.486 Y93.197 E.05025
G1 X82.411 Y91.669 E.05178
G1 X82.383 Y90.187 E.05017
G1 X82.395 Y88.885 E.04407
G1 X82.454 Y87.363 E.05156
G1 X82.566 Y85.743 E.05497
G1 X82.68 Y84.62 E.03821
G1 X83.226 Y84.531 E.01873
G1 X84.199 Y84.393 E.03326
G1 X85.273 Y84.264 E.03661
G1 X86.08 Y84.184 E.02745
G1 X87.228 Y84.096 E.03897
G1 X88.131 Y84.048 E.03061
G1 X89.294 Y84.014 E.03938
G1 X90.203 Y84.009 E.03077
G1 X91.368 Y84.029 E.03944
G1 X92.189 Y84.063 E.02781
G1 X93.834 Y84.177 E.05581
G1 X94.64 Y84.256 E.02741
G1 X95.844 Y84.399 E.04104
G1 X96.629 Y84.51 E.02684
G1 X97.323 Y84.622 E.02379
G1 X97.398 Y85.323 E.02386
G1 X97.514 Y86.803 E.05025
G1 X97.589 Y88.331 E.05178
G1 X97.615 Y89.689 E.04598
G1 X97.617 Y89.896 E.00701
G1 X97.605 Y91.115 E.04126
G1 X97.546 Y92.637 E.05156
G1 X97.434 Y94.257 E.05497
G1 X97.32 Y95.38 E.03821
G1 X96.774 Y95.469 E.01873
G1 X95.801 Y95.607 E.03326
G1 X94.727 Y95.736 E.03661
G1 X93.919 Y95.816 E.02748
G1 X93.104 Y95.882 E.02768
G1 X91.949 Y95.948 E.03916
G1 X91.041 Y95.979 E.03075
G3 X89.048 Y95.982 I-1.074 J-53.963 E.06746
G1 X88.22 Y95.956 E.02804
G1 X87.397 Y95.915 E.02789
G1 X86.167 Y95.823 E.04175
G1 X85.36 Y95.744 E.02745
G1 X84.156 Y95.601 E.04104
G1 X83.371 Y95.49 E.02684
G1 X82.733 Y95.387 E.02188
M204 P2000
G1 X82.305 Y95.73 F10800
;TYPE:External perimeter
G1 F1789
G1 X82.197 Y94.715 E.03455
G1 X82.079 Y93.223 E.05066
G1 X82.004 Y91.683 E.05219
G1 X81.975 Y90.189 E.05058
G1 X81.988 Y88.875 E.04448
G1 X82.047 Y87.341 E.05196
G1 X82.161 Y85.709 E.05538
G1 X82.306 Y84.269 E.04899
G1 X83.165 Y84.129 E.02946
G1 X84.146 Y83.989 E.03354
G1 X85.228 Y83.859 E.03689
G1 X86.044 Y83.778 E.02776
G1 X87.202 Y83.69 E.03931
G1 X88.114 Y83.642 E.03091
G1 X89.286 Y83.607 E.03969
G1 X90.206 Y83.602 E.03114
G1 X91.379 Y83.622 E.03971
G1 X92.212 Y83.656 E.02822
G1 X93.868 Y83.772 E.05619
G1 X94.684 Y83.851 E.02775
G1 X95.896 Y83.996 E.04132
G1 X96.69 Y84.108 E.02714
G1 X97.695 Y84.27 E.03446
G1 X97.803 Y85.285 E.03455
G1 X97.921 Y86.777 E.05066
G1 X97.996 Y88.317 E.05219
G1 X98.022 Y89.681 E.04618
G1 X98.024 Y89.9 E.00741
G1 X98.012 Y91.125 E.04147
G1 X97.953 Y92.659 E.05196
G1 X97.839 Y94.291 E.05538
G1 X97.694 Y95.731 E.04899
G1 X96.835 Y95.871 E.02946
G1 X95.854 Y96.011 E.03354
G1 X94.772 Y96.141 E.03689
G1 X93.955 Y96.222 E.02779
G1 X93.132 Y96.288 E.02795
G1 X91.967 Y96.355 E.0395
G1 X91.05 Y96.386 E.03106
G3 X89.039 Y96.389 I-1.083 J-54.436 E.06807
G1 X88.204 Y96.363 E.02828
G1 X87.372 Y96.321 E.0282
G1 X86.132 Y96.229 E.04209
G1 X85.316 Y96.149 E.02775
G1 X84.104 Y96.004 E.04132
G1 X83.31 Y95.892 E.02714
G1 X82.365 Y95.74 E.0324
G1 X82.268 Y95.352 F10800
G1 E-2.5 F4200
G1 Z6.8 F720
G1 X83.782 Y95.218 F10800
G1 Z6.6 F720
G1 E2.5 F2400
M204 P4000
;TYPE:Solid infill
;WIDTH:0.422828
G1 F1789
G1 X83.265 Y95.131 E.01656
;WIDTH:0.464316
G1 X83.189 Y95.099 E.00289
;WIDTH:0.505804
G1 X83.113 Y95.067 E.00317
;WIDTH:0.547292
G1 X83.037 Y95.035 E.00346
G1 X82.994 Y94.755 E.01188
;WIDTH:0.515153
G1 X82.95 Y94.475 E.01113
;WIDTH:0.483014
G1 X82.949 Y94.467 E.0003
;WIDTH:0.48275
G1 X82.835 Y93.174 E.04747
;WIDTH:0.458834
G1 X82.827 Y93.063 E.00385
;WIDTH:0.453598
G1 X82.75 Y91.657 E.04808
;WIDTH:0.437234
G1 X82.748 Y91.605 E.00171
;WIDTH:0.435186
G1 X82.718 Y90.186 E.04629
;WIDTH:0.428674
G1 X82.718 Y90.176 E.00032
;WIDTH:0.43108
G1 X82.731 Y88.943 E.0398
;WIDTH:0.432824
G1 X82.732 Y88.893 E.00162
;WIDTH:0.444872
G1 X82.792 Y87.494 E.0468
;WIDTH:0.449988
G1 X82.799 Y87.381 E.00383
;WIDTH:0.472492
G1 X82.91 Y85.954 E.05113
;WIDTH:0.497686
G1 X83.003 Y85.106 E.03226
;WIDTH:0.54499
G1 X83.046 Y84.962 E.00627
G1 X83.121 Y84.93 E.0034
;WIDTH:0.504026
G1 X83.196 Y84.898 E.00313
;WIDTH:0.463062
G1 X83.271 Y84.866 E.00285
;WIDTH:0.422098
G1 X83.768 Y84.784 E.01588
M204 P2000
G1 E-2.5 F4200
G1 Z6.8 F720
G1 X83.209 Y92.611 F10800
G1 Z6.6 F720
G1 E2.5 F2400
M204 P4000
;TYPE:Internal infill
;WIDTH:0.45
G1 F1789
G1 X83.362 Y94.335 E.05858
G1 X93.216 Y84.481 E.47171
G1 X93.728 Y84.517 E.01737
G1 X96.803 Y87.592 E.1472
G1 X96.815 Y87.791 E.00675
G1 X88.979 Y95.626 E.37508
G1 X88.712 Y95.621 E.00904
G1 X83.116 Y90.024 E.2679
G1 X83.117 Y89.975 E.00166
G1 X88.714 Y84.377 E.26795
G1 X88.975 Y84.37 E.00884
G1 X96.817 Y92.211 E.37537
G1 X96.808 Y92.404 E.00654
G1 X93.727 Y95.484 E.14746
G1 X93.222 Y95.525 E.01715
G1 X83.367 Y85.669 E.47178
G1 X83.42 Y85.238 E.0147
G1 X84.209 Y85.093 E.02715
G1 X84.152 Y84.749 E.0118
G1 X84.683 Y84.683 E.01811
G1 X95.317 Y95.317 E.50904
G1 X95.848 Y95.251 E.01811
G1 X95.791 Y94.907 E.0118
G1 X96.58 Y94.762 E.02715
G1 X96.633 Y94.331 E.0147
G1 X86.78 Y84.477 E.47168
G1 X86.273 Y84.516 E.01721
G1 X83.192 Y87.596 E.14746
G1 X83.183 Y87.789 E.00654
G1 X91.028 Y95.633 E.37551
G1 X91.284 Y95.625 E.00867
G1 X96.883 Y90.025 E.26804
G1 X96.884 Y89.976 E.00166
M73 Q15 S43
G1 X91.282 Y84.374 E.26816
G1 X91.025 Y84.369 E.0087
G1 X83.185 Y92.209 E.3753
G1 X83.197 Y92.408 E.00675
M73 Q16 S43
G1 X86.273 Y95.484 E.14725
G1 X86.781 Y95.522 E.01724
G1 X96.638 Y85.665 E.47185
G1 X96.585 Y85.241 E.01446
M73 P16 R43
G1 X95.776 Y85.092 E.02784
G1 X95.834 Y84.748 E.01181
G1 X95.315 Y84.685 E.0177
G1 X84.685 Y95.315 E.50885
G1 X84.166 Y95.252 E.0177
G1 X84.224 Y94.908 E.01181
G1 X83.415 Y94.759 E.02784
G1 X83.385 Y94.538 E.00755
M204 P2000
G1 E-2.5 F4200
G1 Z6.8 F720
G1 X96.218 Y84.782 F10800
G1 Z6.6 F720
G1 E2.5 F2400
M204 P4000
;TYPE:Solid infill
;WIDTH:0.422828
G1 F1789
G1 X96.735 Y84.869 E.01656
;WIDTH:0.464317
G1 X96.811 Y84.901 E.00289
;WIDTH:0.505806
G1 X96.887 Y84.933 E.00317
;WIDTH:0.547294
G1 X96.963 Y84.965 E.00346
G1 X97.006 Y85.245 E.01188
;WIDTH:0.515155
G1 X97.05 Y85.525 E.01113
;WIDTH:0.483016
G1 X97.051 Y85.533 E.0003
;WIDTH:0.482748
G1 X97.165 Y86.826 E.04747
;WIDTH:0.458836
G1 X97.173 Y86.937 E.00385
;WIDTH:0.453596
G1 X97.25 Y88.343 E.04808
;WIDTH:0.437234
G1 X97.252 Y88.395 E.00171
;WIDTH:0.435184
G1 X97.282 Y89.814 E.04629
;WIDTH:0.428674
G1 X97.282 Y89.824 E.00032
;WIDTH:0.43108
G1 X97.269 Y91.057 E.0398
;WIDTH:0.432824
G1 X97.268 Y91.107 E.00162
;WIDTH:0.444872
G1 X97.208 Y92.506 E.0468
;WIDTH:0.449988
G1 X97.201 Y92.619 E.00383
;WIDTH:0.47249
G1 X97.09 Y94.047 E.05116
;WIDTH:0.497684
G1 X96.997 Y94.894 E.03222
;WIDTH:0.54499
G1 X96.954 Y95.038 E.00627
G1 X96.879 Y95.07 E.0034
;WIDTH:0.504026
G1 X96.804 Y95.102 E.00313
;WIDTH:0.463062
G1 X96.729 Y95.134 E.00285
;WIDTH:0.422098
G1 X96.232 Y95.216 E.01588
M204 P2000
;LAYER_CHANGE
;Z:6.8
;HEIGHT:0.2
;BEFORE_LAYER_CHANGE
G92 E0.0
;6.8
M201 X3997.82 Y3997.82

G1 E-2.5 F4200
G1 Z6.8 F720
;AFTER_LAYER_CHANGE
;6.8
M74 W0.948098

G1 Z7
G1 X82.742 Y95.49 F10800
G1 Z6.8 F720
G1 E2.5 F2400
M204 P2500
;TYPE:Perimeter
;WIDTH:0.449999
G1 F1777
G1 X82.562 Y95.463 E.00616
G1 X82.463 Y94.433 E.03502
G1 X82.359 Y92.882 E.05262
G1 X82.3 Y91.393 E.05044
G1 X82.282 Y90.191 E.04069
G1 X82.294 Y88.868 E.04478
G1 X82.35 Y87.322 E.05236
G1 X82.456 Y85.676 E.05583
G1 X82.563 Y84.536 E.03876
G1 X83.236 Y84.435 E.02304
G1 X84.228 Y84.306 E.03386
G1 X85.348 Y84.185 E.03813
G1 X86.17 Y84.112 E.02793
G1 X87.186 Y84.041 E.03447
G1 X88.256 Y83.99 E.03626
G1 X89.282 Y83.964 E.03474
G1 X90.358 Y83.96 E.03642
G1 X91.387 Y83.978 E.03484
G1 X92.221 Y84.009 E.02825
G1 X93.891 Y84.118 E.05665
G1 X94.711 Y84.192 E.02787
G1 X95.934 Y84.327 E.04165
G1 X96.734 Y84.432 E.02731
G1 X97.438 Y84.537 E.02409
G1 X97.537 Y85.567 E.03502
G1 X97.641 Y87.118 E.05262
G1 X97.7 Y88.607 E.05044
G1 X97.716 Y89.708 E.03727
G1 X97.717 Y89.879 E.00579
G1 X97.706 Y91.132 E.04241
G1 X97.65 Y92.678 E.05236
G1 X97.544 Y94.324 E.05583
G1 X97.437 Y95.464 E.03876
G1 X96.764 Y95.565 E.02304
G1 X95.772 Y95.694 E.03386
G1 X94.652 Y95.815 E.03813
G1 X93.83 Y95.888 E.02793
G1 X92.814 Y95.959 E.03447
G1 X91.744 Y96.01 E.03626
G1 X90.717 Y96.036 E.03477
G1 X89.878 Y96.042 E.0284
G1 X88.192 Y96.008 E.05708
G1 X87.359 Y95.969 E.02823
G1 X86.11 Y95.882 E.04238
G1 X85.289 Y95.808 E.0279
G1 X84.066 Y95.673 E.04165
G1 X83.266 Y95.568 E.02731
G1 X82.801 Y95.499 E.01591
M204 P2000
G1 X82.203 Y95.821 F10800
;TYPE:External perimeter
G1 F1777
G1 X82.187 Y95.818 E.00055
G1 X82.058 Y94.466 E.04597
G1 X81.953 Y92.903 E.05302
G1 X81.894 Y91.404 E.05078
G1 X81.875 Y90.192 E.04103
G1 X81.887 Y88.859 E.04512
G1 X81.943 Y87.301 E.05277
G1 X82.05 Y85.644 E.0562
G1 X82.188 Y84.181 E.04974
G1 X83.18 Y84.032 E.03395
G1 X84.18 Y83.902 E.03413
G1 X85.308 Y83.78 E.0384
G1 X86.138 Y83.706 E.02821
G1 X87.162 Y83.635 E.03474
G1 X88.241 Y83.583 E.03657
G1 X89.276 Y83.557 E.03504
G1 X90.361 Y83.553 E.03673
G1 X91.398 Y83.571 E.03511
G1 X92.242 Y83.603 E.02859
G1 X93.923 Y83.712 E.05702
G1 X94.751 Y83.787 E.02814
G1 X95.983 Y83.923 E.04195
G1 X96.791 Y84.029 E.02758
G1 X97.813 Y84.182 E.03498
G1 X97.942 Y85.534 E.04597
G1 X98.047 Y87.097 E.05302
G1 X98.106 Y88.596 E.05078
G1 X98.123 Y89.702 E.03744
G1 X98.124 Y89.882 E.00609
G1 X98.113 Y91.141 E.04262
G1 X98.057 Y92.699 E.05277
G1 X97.95 Y94.356 E.0562
G1 X97.812 Y95.819 E.04974
G1 X96.82 Y95.968 E.03395
G1 X95.82 Y96.098 E.03413
G1 X94.692 Y96.22 E.0384
G1 X93.862 Y96.294 E.02821
G1 X92.838 Y96.365 E.03474
G1 X91.759 Y96.417 E.03657
G1 X90.723 Y96.443 E.03508
G1 X89.876 Y96.449 E.02867
G1 X88.178 Y96.415 E.05749
G1 X87.336 Y96.375 E.02853
G1 X86.078 Y96.288 E.04268
G1 X85.249 Y96.213 E.02818
G1 X84.017 Y96.077 E.04195
G1 X83.209 Y95.971 E.02758
G1 X82.263 Y95.83 E.03237
G1 X82.153 Y95.445 F10800
G1 X83.28 Y94.643
M204 P4000
;TYPE:Internal infill
;WIDTH:0.45
G1 F1777
G1 X83.304 Y94.841 E.00675
G1 X84.033 Y94.966 E.02504
G1 X83.979 Y95.311 E.01182
G1 X84.615 Y95.385 E.02167
G1 X95.385 Y84.615 E.51555
G1 X96.021 Y84.689 E.02167
G1 X95.967 Y85.034 E.01182
G1 X96.696 Y85.159 E.02504
G1 X96.744 Y85.559 E.01364
G1 X86.725 Y95.578 E.4796
G1 X86.34 Y95.552 E.01306
G1 X83.083 Y92.294 E.15593
G1 X91.076 Y84.318 E.38221
G1 X91.229 Y84.321 E.00518
G1 X96.983 Y90.075 E.27544
G1 X96.985 Y89.924 E.00511
G1 X91.231 Y95.677 E.27542
G1 X91.075 Y95.681 E.00528
G1 X83.083 Y87.688 E.3826
G1 X86.342 Y84.447 E.15558
G1 X86.723 Y84.42 E.01293
G1 X96.742 Y94.439 E.4796
G1 X96.694 Y94.845 E.01384
G1 X96.145 Y94.949 E.01891
G1 X96.2 Y95.286 E.01156
G1 X95.387 Y95.387 E.02773
G1 X84.613 Y84.613 E.51575
G1 X83.8 Y84.714 E.02773
G1 X83.855 Y85.051 E.01156
G1 X83.306 Y85.155 E.01891
G1 X83.258 Y85.561 E.01384
G1 X93.277 Y95.58 E.4796
G1 X93.658 Y95.553 E.01293
G1 X96.918 Y92.293 E.15605
G1 X88.925 Y84.319 E.38217
G1 X88.769 Y84.323 E.00528
G1 X83.015 Y90.076 E.27542
G1 X83.017 Y89.925 E.00511
G1 X88.765 Y95.674 E.27518
G1 X88.929 Y95.677 E.00555
G1 X96.917 Y87.706 E.38197
G1 X93.661 Y84.449 E.15589
G1 X93.273 Y84.424 E.01316
G1 X83.256 Y94.441 E.47951
G1 X83.094 Y92.514 E.06546
M204 P2000
G1 E-2.5 F4200
G1 Z7 F720
G1 X83.416 Y84.743 F10800
G1 Z6.8 F720
G1 E2.5 F2400
M204 P4000
;TYPE:Solid infill
;WIDTH:0.434383
G1 F1777
G1 X83.225 Y84.785 E.00637
;WIDTH:0.464732
G1 X83.035 Y84.826 E.00682
;WIDTH:0.505741
G1 X82.981 Y84.854 E.00234
;WIDTH:0.54675
G1 X82.927 Y84.882 E.00255
G1 X82.872 Y85.293 E.01737
;WIDTH:0.513821
G1 X82.816 Y85.704 E.01624
;WIDTH:0.480892
G1 X82.8 Y85.885 E.00662
;WIDTH:0.471694
G1 X82.695 Y87.339 E.05197
;WIDTH:0.449466
G1 X82.688 Y87.452 E.00383
;WIDTH:0.444612
G1 X82.632 Y88.875 E.04757
;WIDTH:0.432706
G1 X82.63 Y88.925 E.00162
;WIDTH:0.431058
G1 X82.618 Y90.181 E.04054
;WIDTH:0.428664
G1 X82.618 Y90.19 E.00029
;WIDTH:0.434722
G1 X82.641 Y91.447 E.04096
;WIDTH:0.44799
G1 X82.7 Y92.765 E.04444
;WIDTH:0.452196
G1 X82.706 Y92.863 E.00334
;WIDTH:0.474854
G1 X82.81 Y94.239 E.04956
;WIDTH:0.49629
G1 X82.886 Y94.972 E.02778
;WIDTH:0.545266
G1 X82.929 Y95.118 E.00636
G1 X83.005 Y95.15 E.00344
;WIDTH:0.50337
G1 X83.081 Y95.181 E.00314
;WIDTH:0.461474
G1 X83.157 Y95.213 E.00287
;WIDTH:0.419578
G1 X83.595 Y95.281 E.01388
M204 P2000
G1 E-2.5 F4200
G1 Z7 F720
G1 X96.405 Y84.719 F10800
G1 Z6.8 F720
G1 E2.5 F2400
M204 P4000
;WIDTH:0.43527
G1 F1777
G1 X96.685 Y84.773 E.0093
;WIDTH:0.465732
G1 X96.964 Y84.827 E.00999
;WIDTH:0.506719
G1 X97.019 Y84.855 E.00238
;WIDTH:0.547706
G1 X97.074 Y84.884 E.00261
G1 X97.125 Y85.24 E.01509
;WIDTH:0.515465
G1 X97.175 Y85.596 E.01413
;WIDTH:0.483224
G1 X97.19 Y85.761 E.00607
;WIDTH:0.474852
G1 X97.294 Y87.137 E.04956
;WIDTH:0.452196
G1 X97.3 Y87.235 E.00334
;WIDTH:0.44799
G1 X97.359 Y88.555 E.0445
;WIDTH:0.434722
G1 X97.382 Y89.81 E.04089
;WIDTH:0.428662
G1 X97.382 Y89.82 E.00032
;WIDTH:0.431054
G1 X97.37 Y91.075 E.04051
;WIDTH:0.4327
G1 X97.368 Y91.125 E.00162
;WIDTH:0.44461
G1 X97.312 Y92.548 E.04757
;WIDTH:0.449466
G1 X97.305 Y92.661 E.00383
;WIDTH:0.471692
G1 X97.2 Y94.115 E.05197
;WIDTH:0.496174
G1 X97.112 Y94.974 E.03254
;WIDTH:0.544696
G1 X97.071 Y95.119 E.00629
G1 X96.996 Y95.151 E.0034
;WIDTH:0.502275
G1 X96.92 Y95.182 E.00314
;WIDTH:0.459854
G1 X96.845 Y95.214 E.00283
;WIDTH:0.417432
G1 X96.584 Y95.257 E.00824
M204 P2000
;LAYER_CHANGE
;Z:7
;HEIGHT:0.2
;BEFORE_LAYER_CHANGE
G92 E0.0
;7
M201 X3997.74 Y3997.74

G1 E-2.5 F4200
G1 Z7 F720
;AFTER_LAYER_CHANGE
;7
M74 W0.981006

G1 Z7.2
G1 X82.445 Y95.548 F10800
G1 Z7 F720
G1 E2.5 F2400
M204 P2500
;TYPE:Perimeter
;WIDTH:0.449999
G1 F1766
G1 X82.365 Y94.651 E.03048
G1 X82.264 Y93.096 E.05275
G1 X82.203 Y91.555 E.0522
G1 X82.182 Y90.194 E.04607
G1 X82.194 Y88.851 E.04546
G1 X82.246 Y87.281 E.05317
G1 X82.346 Y85.608 E.05673
G1 X82.446 Y84.452 E.03928
G1 X83.253 Y84.341 E.02757
G1 X84.264 Y84.223 E.03445
G1 X85.43 Y84.108 E.03966
G1 X86.267 Y84.042 E.02842
G1 X87.145 Y83.986 E.02978
G1 X88.386 Y83.933 E.04204
G1 X89.271 Y83.913 E.02996
G1 X90.517 Y83.91 E.04218
G1 X92.259 Y83.957 E.05899
G1 X93.102 Y84 E.02857
G1 X94.363 Y84.091 E.04279
G1 X96.026 Y84.256 E.05657
G1 X96.839 Y84.354 E.02772
G1 X97.555 Y84.452 E.02446
G1 X97.635 Y85.349 E.03048
G1 X97.736 Y86.904 E.05275
G1 X97.795 Y88.39 E.05034
G1 X97.804 Y88.929 E.01825
G1 X97.817 Y89.875 E.03202
G1 X97.806 Y91.149 E.04312
G1 X97.754 Y92.719 E.05317
G1 X97.654 Y94.392 E.05673
G1 X97.554 Y95.548 E.03928
G1 X96.747 Y95.659 E.02757
G1 X95.736 Y95.777 E.03445
G1 X94.57 Y95.892 E.03966
G1 X93.733 Y95.958 E.02842
G1 X92.855 Y96.014 E.02978
G1 X91.617 Y96.067 E.04194
G1 X89.874 Y96.092 E.059
G1 X88.166 Y96.06 E.05782
G1 X87.321 Y96.023 E.02863
G1 X86.053 Y95.942 E.04301
G1 X85.219 Y95.872 E.02833
G1 X83.975 Y95.745 E.04233
G1 X83.161 Y95.646 E.02776
G1 X82.504 Y95.556 E.02245
M204 P2000
G1 X82.068 Y95.907 F10800
;TYPE:External perimeter
G1 F1766
G1 X81.959 Y94.682 E.04163
G1 X81.857 Y93.117 E.05309
G1 X81.796 Y91.566 E.05254
G1 X81.775 Y90.195 E.04641
G1 X81.787 Y88.842 E.0458
G1 X81.839 Y87.262 E.05351
G1 X81.94 Y85.579 E.05707
G1 X82.069 Y84.093 E.05049
G1 X83.201 Y83.938 E.03867
G1 X84.22 Y83.818 E.03473
G1 X85.394 Y83.703 E.03993
G1 X86.239 Y83.635 E.02869
G1 X87.123 Y83.58 E.02998
G1 X88.373 Y83.526 E.04235
G1 X89.266 Y83.506 E.03023
G1 X90.522 Y83.503 E.04251
G1 X92.275 Y83.55 E.05936
G1 X93.127 Y83.594 E.02888
G1 X94.398 Y83.686 E.04313
G1 X96.07 Y83.851 E.05687
G1 X96.892 Y83.95 E.02802
G1 X97.932 Y84.093 E.03553
G1 X98.041 Y85.318 E.04163
G1 X98.143 Y86.883 E.05309
G1 X98.202 Y88.374 E.05051
G1 X98.211 Y88.923 E.01859
G1 X98.224 Y89.879 E.03236
G1 X98.213 Y91.158 E.04329
G1 X98.161 Y92.738 E.05351
G1 X98.06 Y94.421 E.05707
G1 X97.931 Y95.907 E.05049
G1 X96.799 Y96.062 E.03867
G1 X95.78 Y96.182 E.03473
G1 X94.606 Y96.297 E.03993
G1 X93.761 Y96.365 E.02869
G1 X92.877 Y96.42 E.02998
G1 X91.628 Y96.474 E.04232
G1 X89.873 Y96.499 E.05941
G1 X88.153 Y96.467 E.05823
G1 X87.299 Y96.43 E.02893
G1 X86.023 Y96.348 E.04328
G1 X85.182 Y96.277 E.02857
G1 X83.93 Y96.149 E.0426
G1 X83.108 Y96.05 E.02802
G1 X82.128 Y95.915 E.03349
G1 X82.037 Y95.525 F10800
G1 X83.404 Y95.346
M204 P4000
;TYPE:Solid infill
;WIDTH:0.434205
G1 F1766
G1 X83.163 Y95.3 E.00798
;WIDTH:0.463556
G1 X82.922 Y95.255 E.00857
;WIDTH:0.505541
G1 X82.866 Y95.226 E.00243
;WIDTH:0.547526
G1 X82.81 Y95.198 E.00263
G1 X82.769 Y94.91 E.01221
;WIDTH:0.51612
G1 X82.727 Y94.623 E.01141
;WIDTH:0.484714
G1 X82.712 Y94.452 E.00631
;WIDTH:0.476774
G1 X82.612 Y93.077 E.04973
;WIDTH:0.454006
G1 X82.605 Y92.973 E.00356
;WIDTH:0.449744
G1 X82.542 Y91.546 E.04832
;WIDTH:0.435264
G1 X82.54 Y91.5 E.0015
;WIDTH:0.433774
G1 X82.518 Y90.192 E.04252
;WIDTH:0.428644
G1 X82.518 Y90.183 E.00029
;WIDTH:0.431026
G1 X82.53 Y88.908 E.04115
;WIDTH:0.432578
G1 X82.531 Y88.858 E.00162
;WIDTH:0.444342
G1 X82.585 Y87.41 E.04837
;WIDTH:0.44895
G1 X82.591 Y87.297 E.00382
;WIDTH:0.470902
G1 X82.69 Y85.817 E.05279
;WIDTH:0.494642
G1 X82.773 Y84.948 E.03279
;WIDTH:0.519779
G1 X82.793 Y84.874 E.00304
;WIDTH:0.544916
G3 X82.891 Y84.769 I.105 E.0066
;WIDTH:0.501383
G1 X82.967 Y84.738 E.00313
;WIDTH:0.45785
G1 X83.044 Y84.706 E.00288
;WIDTH:0.414316
G1 X83.255 Y84.675 E.00659
M204 P2000
G1 E-2.5 F4200
G1 Z7.2 F720
G1 X97.005 Y87.387 F10800
G1 Z7 F720
G1 E2.5 F2400
M204 P4000
;TYPE:Internal infill
;WIDTH:0.45
G1 F1766
G1 X96.854 Y85.449 E.0658
G1 X86.668 Y95.635 E.4876
G1 X86.407 Y95.618 E.00885
G1 X82.974 Y92.185 E.16434
G1 X82.985 Y92.41 E.00763
G1 X91.122 Y84.273 E.38951
G1 X91.183 Y84.274 E.00207
G1 X97.082 Y90.174 E.28241
G1 X97.086 Y89.823 E.01188
G1 X91.181 Y95.727 E.28265
G1 X91.122 Y95.728 E.002
G1 X82.982 Y87.587 E.38968
G1 X82.972 Y87.816 E.00776
G1 X86.41 Y84.379 E.16455
G1 X86.666 Y84.363 E.00868
G1 X96.85 Y94.547 E.4875
G1 X96.836 Y94.678 E.00446
G3 X96.31 Y95.011 I-.583 J-.338 E.0219
G3 X96.135 Y95.379 I-.288 J.089 E.01515
G1 X95.457 Y95.457 E.0231
G1 X84.543 Y84.543 E.52245
G1 X83.865 Y84.621 E.0231
G2 X83.69 Y84.989 I.113 J.279 E.01515
G2 X83.164 Y85.322 I.057 J.671 E.0219
G1 X83.15 Y85.453 E.00446
G1 X93.334 Y95.637 E.4875
G1 X93.59 Y95.621 E.00868
G1 X97.028 Y92.184 E.16455
G1 X97.018 Y92.413 E.00776
G1 X88.874 Y84.268 E.38987
G1 X88.822 Y84.269 E.00176
G1 X82.914 Y90.177 E.28281
G1 X82.918 Y89.826 E.01188
G1 X88.818 Y95.726 E.28243
G1 X88.878 Y95.727 E.00203
G1 X97.015 Y87.59 E.38951
G1 X97.026 Y87.815 E.00763
G1 X93.594 Y84.383 E.16429
G1 X93.333 Y84.364 E.00886
G1 X83.146 Y94.551 E.48765
G1 X83.188 Y94.921 E.0126
G1 X83.839 Y95.026 E.02232
G1 X83.789 Y95.372 E.01183
G1 X84.545 Y95.455 E.02574
G1 X95.453 Y84.547 E.52216
G1 X96.211 Y84.628 E.0258
G1 X96.161 Y84.974 E.01183
G1 X96.812 Y85.079 E.02232
G1 X96.831 Y85.247 E.00572
M204 P2000
G1 X96.596 Y84.654 F10800
M204 P4000
;TYPE:Solid infill
;WIDTH:0.434205
G1 F1766
G1 X96.837 Y84.7 E.00798
;WIDTH:0.463558
G1 X97.078 Y84.745 E.00857
;WIDTH:0.505542
G1 X97.134 Y84.774 E.00243
;WIDTH:0.547526
G1 X97.19 Y84.802 E.00263
G1 X97.231 Y85.09 E.01221
;WIDTH:0.516119
G1 X97.273 Y85.377 E.01141
;WIDTH:0.484712
G1 X97.288 Y85.548 E.00631
;WIDTH:0.476774
G1 X97.388 Y86.923 E.04973
;WIDTH:0.454004
G1 X97.395 Y87.027 E.00356
;WIDTH:0.449742
G1 X97.458 Y88.454 E.04832
;WIDTH:0.435264
G1 X97.46 Y88.5 E.0015
;WIDTH:0.433772
G1 X97.482 Y89.808 E.04252
;WIDTH:0.428644
G1 X97.482 Y89.817 E.00029
;WIDTH:0.431026
G1 X97.47 Y91.092 E.04115
;WIDTH:0.432576
G1 X97.469 Y91.142 E.00162
;WIDTH:0.44434
G1 X97.415 Y92.59 E.04837
;WIDTH:0.448944
G1 X97.409 Y92.703 E.00382
;WIDTH:0.470902
G1 X97.31 Y94.183 E.05279
;WIDTH:0.49464
G1 X97.227 Y95.052 E.03279
;WIDTH:0.519778
G1 X97.207 Y95.126 E.00304
;WIDTH:0.544916
G3 X97.109 Y95.231 I-.105 E.0066
;WIDTH:0.501383
G1 X97.033 Y95.262 E.00313
;WIDTH:0.45785
G1 X96.956 Y95.294 E.00288
;WIDTH:0.414316
G1 X96.745 Y95.325 E.00659
M204 P2000
;LAYER_CHANGE
;Z:7.2
;HEIGHT:0.2
;BEFORE_LAYER_CHANGE
G92 E0.0
;7.2
M201 X3997.67 Y3997.67

G1 E-2.5 F4200
G1 Z7.2 F720
;AFTER_LAYER_CHANGE
;7.2
M74 W1.01449

G1 Z7.4
G1 X82.326 Y95.627 F10800
G1 Z7.2 F720
G1 E2.5 F2400
M204 P2500
;TYPE:Perimeter
;WIDTH:0.449999
G1 F1883
G1 X82.263 Y94.88 E.02537
G1 X82.167 Y93.324 E.05277
G1 X82.105 Y91.727 E.0541
G1 X82.082 Y90.196 E.05183
G1 X82.093 Y88.834 E.0461
G1 X82.142 Y87.24 E.05398
G1 X82.235 Y85.541 E.0576
G1 X82.329 Y84.366 E.0399
G1 X82.93 Y84.289 E.02051
G1 X83.957 Y84.175 E.03498
G1 X85.092 Y84.067 E.03859
G1 X85.939 Y84.001 E.02876
G1 X87.106 Y83.931 E.03957
G1 X88.084 Y83.89 E.03313
G1 X89.263 Y83.863 E.03992
G1 X90.247 Y83.859 E.03331
G1 X91.426 Y83.875 E.03991
G1 X92.286 Y83.903 E.02913
G1 X94.004 Y83.998 E.05824
G1 X94.851 Y84.064 E.02876
G1 X96.112 Y84.183 E.04287
G1 X97.673 Y84.371 E.05322
G1 X97.737 Y85.12 E.02545
G1 X97.833 Y86.676 E.05277
G1 X97.895 Y88.273 E.0541
G1 X97.916 Y89.7 E.04831
G1 X97.917 Y89.871 E.00579
G1 X97.907 Y91.166 E.04384
G1 X97.858 Y92.76 E.05398
G1 X97.765 Y94.459 E.0576
G1 X97.671 Y95.634 E.0399
G1 X97.07 Y95.711 E.02051
G1 X96.043 Y95.825 E.03498
G1 X94.908 Y95.933 E.03859
G1 X94.061 Y95.999 E.02876
G1 X92.894 Y96.069 E.03957
G1 X91.916 Y96.11 E.03313
G1 X90.737 Y96.137 E.03992
G1 X89.874 Y96.142 E.02921
G1 X88.141 Y96.112 E.05867
G1 X87.283 Y96.078 E.02907
G1 X85.997 Y96.002 E.04361
G1 X85.149 Y95.936 E.02879
G1 X83.888 Y95.817 E.04287
G1 X82.384 Y95.636 E.05128
M204 P2000
G1 X81.949 Y95.994 F10800
;TYPE:External perimeter
G1 F1883
G1 X81.857 Y94.91 E.03682
G1 X81.76 Y93.344 E.05311
G1 X81.698 Y91.738 E.0544
G1 X81.675 Y90.198 E.05213
G1 X81.686 Y88.826 E.04644
G1 X81.735 Y87.222 E.05432
G1 X81.829 Y85.514 E.0579
G1 X81.95 Y84.005 E.05124
G1 X82.882 Y83.885 E.03181
G1 X83.915 Y83.77 E.03518
G1 X85.057 Y83.662 E.03883
G1 X85.911 Y83.595 E.029
G1 X87.085 Y83.525 E.03981
G1 X88.071 Y83.483 E.03341
G1 X89.257 Y83.456 E.04016
G1 X90.249 Y83.452 E.03358
G1 X91.436 Y83.468 E.04018
G1 X92.303 Y83.496 E.02936
G1 X94.031 Y83.592 E.05858
G1 X94.885 Y83.658 E.02899
G1 X96.155 Y83.778 E.04318
G1 X98.051 Y84.006 E.06464
G1 X98.143 Y85.09 E.03682
G1 X98.24 Y86.656 E.05311
G1 X98.302 Y88.262 E.0544
G1 X98.323 Y89.694 E.04848
G1 X98.324 Y89.874 E.00609
G1 X98.314 Y91.174 E.044
G1 X98.265 Y92.778 E.05432
G1 X98.171 Y94.486 E.0579
G1 X98.05 Y95.995 E.05124
G1 X97.118 Y96.115 E.03181
G1 X96.085 Y96.23 E.03518
G1 X94.943 Y96.338 E.03883
G1 X94.089 Y96.405 E.029
G1 X92.915 Y96.475 E.03981
G1 X91.929 Y96.517 E.03341
G1 X90.743 Y96.544 E.04016
G1 X89.872 Y96.549 E.02948
G1 X88.129 Y96.519 E.05901
G1 X87.263 Y96.484 E.02934
G1 X85.969 Y96.408 E.04388
G1 X85.115 Y96.342 E.02899
G1 X83.845 Y96.222 E.04318
G1 X82.008 Y96.001 E.06263
G1 X81.919 Y95.611 F10800
G1 E-2.5 F4200
G1 Z7.4 F720
G1 X83.195 Y84.589 F10800
G1 Z7.2 F720
G1 E2.5 F2400
M204 P4000
;TYPE:Solid infill
;WIDTH:0.43302
G1 F1883
M73 Q17 S43
G1 X83.003 Y84.626 E.00634
;WIDTH:0.461138
G1 X82.812 Y84.662 E.00676
;WIDTH:0.504514
G1 X82.754 Y84.691 E.00249
;WIDTH:0.54789
G1 X82.697 Y84.719 E.00267
G1 X82.646 Y85.142 E.01789
;WIDTH:0.51317
G1 X82.595 Y85.566 E.0167
;WIDTH:0.47845
G1 X82.58 Y85.749 E.00665
;WIDTH:0.470142
G1 X82.486 Y87.255 E.0536
;WIDTH:0.44844
G1 X82.481 Y87.369 E.00385
;WIDTH:0.444084
G1 X82.43 Y88.84 E.0491
;WIDTH:0.432462
G1 X82.429 Y88.89 E.00162
;WIDTH:0.431006
G1 X82.418 Y90.186 E.04182
;WIDTH:0.428644
G1 X82.418 Y90.195 E.00029
;WIDTH:0.434732
G1 X82.443 Y91.666 E.04793
;WIDTH:0.43644
G1 X82.444 Y91.718 E.0017
;WIDTH:0.451936
G1 X82.509 Y93.193 E.05021
;WIDTH:0.456386
G1 X82.516 Y93.306 E.00389
;WIDTH:0.479246
G1 X82.612 Y94.673 E.04972
;WIDTH:0.512349
G1 X82.652 Y94.975 E.01189
;WIDTH:0.545452
G1 X82.692 Y95.276 E.01269
G1 X82.772 Y95.309 E.00362
;WIDTH:0.50051
G1 X82.851 Y95.341 E.00324
;WIDTH:0.455567
G1 X82.931 Y95.373 E.00296
;WIDTH:0.410624
G1 X83.127 Y95.4 E.00605
M204 P2000
G1 E-2.5 F4200
G1 Z7.4 F720
G1 X97.144 Y91.872 F10800
M73 P17 R43
G1 Z7.2 F720
G1 E2.5 F2400
M204 P4000
;TYPE:Internal infill
;WIDTH:0.45
G1 F1883
G1 X97.182 Y90.273 E.05414
G1 X91.125 Y84.217 E.28992
G1 X91.177 Y84.218 E.00176
G1 X82.884 Y92.51 E.39696
G1 X82.863 Y92.074 E.01478
G1 X86.472 Y95.683 E.17276
G1 X86.611 Y95.691 E.00471
G1 X96.965 Y85.337 E.49564
G1 X96.976 Y85.462 E.00425
G1 X96.037 Y84.524 E.04493
G1 X95.525 Y84.475 E.01741
G1 X84.475 Y95.525 E.52896
G1 X83.963 Y95.476 E.01741
G1 X83.024 Y94.538 E.04493
G1 X83.035 Y94.663 E.00425
G1 X93.386 Y84.311 E.49552
G1 X93.53 Y84.319 E.00488
G1 X97.137 Y87.926 E.17267
G1 X97.116 Y87.49 E.01478
G1 X88.828 Y95.778 E.39674
G1 X88.87 Y95.779 E.00142
G1 X82.818 Y89.727 E.28971
G1 X82.814 Y90.185 E.0155
G1 X82.816 Y90.276 E.00308
G1 X88.874 Y84.218 E.28999
G1 X88.825 Y84.219 E.00166
G1 X97.119 Y92.514 E.39705
G1 X97.136 Y92.075 E.01487
G1 X93.527 Y95.684 E.17276
G1 X93.39 Y95.692 E.00465
G1 X83.041 Y85.343 E.4954
G1 X83.029 Y85.457 E.00388
G1 X83.563 Y84.923 E.02556
G2 X83.62 Y84.866 I.02 J-.036 E.00365
G1 X83.964 Y84.522 E.01647
G1 X84.477 Y84.477 E.01743
G1 X95.523 Y95.523 E.52877
G1 X96.036 Y95.478 E.01743
G1 X96.38 Y95.134 E.01647
G3 X96.437 Y95.077 I.037 J-.021 E.00365
G1 X96.971 Y94.543 E.02556
G1 X96.959 Y94.657 E.00388
G1 X86.61 Y84.308 E.4954
G1 X86.473 Y84.316 E.00465
G1 X82.864 Y87.925 E.17276
G1 X82.881 Y87.486 E.01487
G1 X91.175 Y95.781 E.39705
G1 X91.126 Y95.782 E.00166
G1 X97.184 Y89.724 E.28999
G1 X97.147 Y88.13 E.05397
M204 P2000
G1 E-2.5 F4200
G1 Z7.4 F720
G1 X96.873 Y84.6 F10800
G1 Z7.2 F720
G1 E2.5 F2400
M204 P4000
;TYPE:Solid infill
;WIDTH:0.43126
G1 F1883
G1 X97.032 Y84.633 E.00524
;WIDTH:0.45749
G1 X97.191 Y84.665 E.00559
;WIDTH:0.50147
G1 X97.25 Y84.694 E.00251
;WIDTH:0.54545
G1 X97.308 Y84.724 E.00273
G1 X97.348 Y85.022 E.01256
;WIDTH:0.51244
G1 X97.388 Y85.321 E.01178
;WIDTH:0.47943
G1 X97.388 Y85.327 E.00022
;WIDTH:0.479246
G1 X97.484 Y86.694 E.04972
;WIDTH:0.456384
G1 X97.491 Y86.807 E.00389
;WIDTH:0.451936
G1 X97.556 Y88.282 E.05021
;WIDTH:0.436436
G1 X97.557 Y88.334 E.0017
M73 P17 R42
;WIDTH:0.43473
G1 X97.582 Y89.805 E.04793
;WIDTH:0.428642
G1 X97.582 Y89.814 E.00029
;WIDTH:0.431006
G1 X97.571 Y91.11 E.04182
;WIDTH:0.432464
G1 X97.57 Y91.16 E.00162
;WIDTH:0.444082
G1 X97.519 Y92.631 E.0491
;WIDTH:0.448438
G1 X97.514 Y92.745 E.00385
;WIDTH:0.470136
G1 X97.42 Y94.251 E.0536
;WIDTH:0.493182
G1 X97.342 Y95.131 E.03308
;WIDTH:0.519501
G1 X97.321 Y95.207 E.00312
;WIDTH:0.54582
G3 X97.222 Y95.314 I-.106 J.001 E.00673
;WIDTH:0.501569
G1 X97.143 Y95.345 E.00324
;WIDTH:0.457318
G1 X97.064 Y95.377 E.00294
;WIDTH:0.413066
G1 X96.805 Y95.411 E.00804
M204 P2000
;LAYER_CHANGE
;Z:7.4
;HEIGHT:0.2
;BEFORE_LAYER_CHANGE
G92 E0.0
;7.4
M201 X3997.59 Y3997.59

G1 E-2.5 F4200
G1 Z7.4 F720
;AFTER_LAYER_CHANGE
;7.4
M74 W1.0487

G1 Z7.6
G1 X82.377 Y95.733 F10800
G1 Z7.4 F720
G1 E2.5 F2400
M204 P2500
;TYPE:Perimeter
;WIDTH:0.449999
G1 F1880
G1 X82.211 Y95.714 E.00566
G1 X82.129 Y94.621 E.0371
G1 X82.044 Y92.991 E.05525
G1 X81.997 Y91.439 E.05256
G1 X81.982 Y90.2 E.04194
G1 X81.992 Y88.816 E.04685
G1 X82.037 Y87.199 E.05475
G1 X82.125 Y85.474 E.05847
G1 X82.212 Y84.282 E.04046
G1 X82.948 Y84.196 E.02508
G1 X83.991 Y84.091 E.03548
G1 X86.04 Y83.931 E.06957
G1 X87.065 Y83.876 E.03474
G1 X88.216 Y83.833 E.03899
G1 X89.252 Y83.812 E.03507
G1 X90.406 Y83.809 E.03906
G1 X92.32 Y83.85 E.0648
G1 X94.061 Y83.939 E.05901
G1 X94.921 Y84 E.02918
G1 X96.202 Y84.111 E.04352
G1 X97.789 Y84.286 E.05404
G1 X97.871 Y85.379 E.0371
G1 X97.956 Y87.009 E.05525
G1 X98.003 Y88.561 E.05256
G1 X98.016 Y89.689 E.03818
G1 X98.017 Y89.856 E.00565
G1 X98.008 Y91.184 E.04495
G1 X97.963 Y92.801 E.05475
G1 X97.875 Y94.526 E.05847
G1 X97.788 Y95.718 E.04046
G1 X97.052 Y95.804 E.02508
G1 X96.009 Y95.909 E.03548
G1 X93.96 Y96.069 E.06957
G1 X92.935 Y96.124 E.03474
G1 X91.786 Y96.167 E.03892
G3 X88.115 Y96.164 I-1.788 J-76.899 E.12427
G1 X87.245 Y96.132 E.02947
G1 X85.94 Y96.061 E.04424
G1 X85.079 Y96 E.02922
G1 X83.798 Y95.889 E.04352
G1 X82.437 Y95.739 E.04635
M204 P2000
G1 X81.839 Y96.083 F10800
;TYPE:External perimeter
G1 F1880
G1 X81.83 Y96.082 E.00031
G1 X81.723 Y94.647 E.04871
G1 X81.638 Y93.008 E.05555
G1 X81.59 Y91.447 E.05286
G1 X81.575 Y90.201 E.04218
G1 X81.585 Y88.809 E.04712
G1 X81.631 Y87.183 E.05506
G1 X81.718 Y85.449 E.05877
G1 X81.831 Y83.917 E.052
G1 X82.904 Y83.791 E.03657
G1 X83.955 Y83.686 E.03575
G1 X86.013 Y83.525 E.06987
G1 X87.046 Y83.47 E.03502
G1 X88.204 Y83.426 E.03923
G1 X89.247 Y83.405 E.03531
G1 X90.41 Y83.402 E.03937
G1 X92.335 Y83.443 E.06517
G1 X94.086 Y83.532 E.05935
G1 X94.953 Y83.594 E.02942
G1 X96.242 Y83.706 E.0438
G1 X98.17 Y83.918 E.06565
G1 X98.277 Y85.353 E.04871
G1 X98.362 Y86.992 E.05555
G1 X98.41 Y88.553 E.05286
G1 X98.423 Y89.684 E.03829
G1 X98.424 Y89.858 E.00589
G1 X98.415 Y91.191 E.04512
G1 X98.369 Y92.817 E.05506
G1 X98.282 Y94.551 E.05877
G1 X98.169 Y96.083 E.052
G1 X97.096 Y96.209 E.03657
G1 X96.045 Y96.314 E.03575
G1 X93.987 Y96.475 E.06987
G1 X92.954 Y96.53 E.03502
G1 X91.796 Y96.574 E.03923
G3 X88.104 Y96.571 I-1.798 J-77.341 E.12498
G1 X87.227 Y96.539 E.02971
G1 X85.915 Y96.468 E.04447
G1 X85.047 Y96.406 E.02946
G1 X83.758 Y96.294 E.0438
G1 X81.899 Y96.089 E.06331
G1 X81.803 Y95.701 F10800
G1 X82.923 Y95.467
M204 P4000
;TYPE:Solid infill
;WIDTH:0.430481
G1 F1880
G1 X82.811 Y95.442 E.0037
;WIDTH:0.455898
G1 X82.698 Y95.417 E.00397
;WIDTH:0.50097
G1 X82.639 Y95.388 E.0025
;WIDTH:0.546042
G1 X82.58 Y95.358 E.00277
G1 X82.534 Y94.978 E.01601
;WIDTH:0.512575
G1 X82.489 Y94.598 E.01494
;WIDTH:0.479108
G1 X82.477 Y94.43 E.00611
;WIDTH:0.471904
G1 X82.39 Y92.977 E.05192
;WIDTH:0.45025
G1 X82.385 Y92.878 E.00336
;WIDTH:0.446708
G1 X82.335 Y91.431 E.04861
;WIDTH:0.433808
G1 X82.334 Y91.39 E.00133
;WIDTH:0.432714
G1 X82.318 Y90.199 E.03861
;WIDTH:0.428632
G1 X82.318 Y90.189 E.00032
;WIDTH:0.431004
G1 X82.328 Y88.872 E.0425
;WIDTH:0.432348
G1 X82.329 Y88.822 E.00162
;WIDTH:0.443832
G1 X82.377 Y87.327 E.04986
;WIDTH:0.447946
G1 X82.382 Y87.213 E.00384
;WIDTH:0.469376
G1 X82.47 Y85.681 E.05441
;WIDTH:0.491738
G1 X82.543 Y84.79 E.03336
;WIDTH:0.518889
G1 X82.564 Y84.714 E.00312
;WIDTH:0.54604
G3 X82.664 Y84.606 I.105 J-.003 E.00681
;WIDTH:0.500708
G1 X82.744 Y84.574 E.00328
;WIDTH:0.455376
G1 X82.824 Y84.543 E.00294
;WIDTH:0.410044
G1 X82.992 Y84.523 E.00516
M204 P2000
G1 E-2.5 F4200
G1 Z7.6 F720
G1 X97.253 Y88.237 F10800
G1 Z7.4 F720
G1 E2.5 F2400
M204 P4000
;TYPE:Internal infill
;WIDTH:0.45
G1 F1880
G1 X97.283 Y89.625 E.04699
G1 X91.078 Y95.83 E.29703
G1 X91.223 Y95.828 E.00491
G1 X82.779 Y87.385 E.40419
G1 X82.756 Y88.033 E.02195
G1 X86.538 Y84.251 E.18104
G1 X97.069 Y94.766 E.50373
G1 X97.102 Y94.412 E.01203
G1 X95.947 Y95.566 E.05527
G1 X95.594 Y95.594 E.01199
G1 X84.406 Y84.406 E.53556
G1 X84.053 Y84.434 E.01199
G1 X82.898 Y85.588 E.05527
G1 X82.931 Y85.234 E.01203
G1 X93.447 Y95.75 E.5034
G1 X97.244 Y91.967 E.18143
G1 X97.221 Y92.615 E.02195
G1 X88.774 Y84.168 E.40435
G1 X88.927 Y84.165 E.00518
G1 X82.717 Y90.375 E.29727
G1 X82.714 Y90.189 E.0063
G1 X82.719 Y89.627 E.01902
G1 X88.923 Y95.831 E.29698
G1 X88.777 Y95.829 E.00494
G1 X97.219 Y87.386 E.40414
G1 X97.245 Y88.034 E.02195
G1 X93.443 Y84.254 E.18147
G1 X82.929 Y94.768 E.5033
G1 X82.895 Y94.409 E.01221
G1 X84.05 Y95.564 E.05529
G1 X84.406 Y95.594 E.01209
G1 X95.594 Y84.406 E.53556
G1 X95.95 Y84.436 E.01209
G1 X97.105 Y85.591 E.05529
G1 X97.071 Y85.232 E.01221
G1 X86.536 Y95.747 E.50383
G1 X82.755 Y91.966 E.18099
G1 X82.781 Y92.614 E.02195
G1 X91.222 Y84.173 E.40407
G1 X91.078 Y84.17 E.00488
G1 X97.281 Y90.373 E.29693
G1 X97.251 Y91.764 E.04709
M204 P2000
G1 E-2.5 F4200
G1 Z7.6 F720
G1 X97.008 Y95.477 F10800
G1 Z7.4 F720
G1 E2.5 F2400
M204 P4000
;TYPE:Solid infill
;WIDTH:0.431961
G1 F1880
G1 X97.155 Y95.448 E.00485
;WIDTH:0.458968
G1 X97.301 Y95.419 E.00515
;WIDTH:0.503469
G1 X97.36 Y95.39 E.00252
;WIDTH:0.54797
G1 X97.418 Y95.362 E.0027
G1 X97.467 Y94.933 E.01813
;WIDTH:0.512613
G1 X97.516 Y94.504 E.01686
;WIDTH:0.477256
G1 X97.53 Y94.319 E.0067
;WIDTH:0.469376
G1 X97.618 Y92.787 E.05441
;WIDTH:0.447944
G1 X97.623 Y92.673 E.00384
;WIDTH:0.44383
G1 X97.671 Y91.178 E.04986
;WIDTH:0.432346
G1 X97.672 Y91.128 E.00162
;WIDTH:0.431002
G1 X97.682 Y89.807 E.04263
;WIDTH:0.428634
G1 X97.682 Y89.801 E.00019
;WIDTH:0.432788
G1 X97.666 Y88.605 E.03877
;WIDTH:0.433806
G1 X97.665 Y88.569 E.00117
;WIDTH:0.446706
G1 X97.615 Y87.122 E.04861
;WIDTH:0.450252
G1 X97.61 Y87.023 E.00336
;WIDTH:0.471902
G1 X97.523 Y85.57 E.05192
;WIDTH:0.491876
G1 X97.459 Y84.79 E.02922
;WIDTH:0.517029
G1 X97.437 Y84.715 E.00308
;WIDTH:0.542182
G2 X97.336 Y84.608 I-.106 J-.001 E.00674
;WIDTH:0.497412
G1 X97.257 Y84.577 E.00321
;WIDTH:0.452641
G1 X97.178 Y84.545 E.0029
;WIDTH:0.40787
G1 X97.077 Y84.533 E.00309
M204 P2000
;LAYER_CHANGE
;Z:7.6
;HEIGHT:0.2
;BEFORE_LAYER_CHANGE
G92 E0.0
;7.6
M201 X3997.51 Y3997.51

G1 E-2.5 F4200
G1 Z7.6 F720
;AFTER_LAYER_CHANGE
;7.6
M74 W1.08366

G1 Z7.8
G1 X82.094 Y95.799 F10800
G1 Z7.6 F720
G1 E2.5 F2400
M204 P2500
;TYPE:Perimeter
;WIDTH:0.449999
G1 F1975
G1 X82.029 Y94.844 E.0324
G1 X81.947 Y93.212 E.05531
G1 X81.899 Y91.605 E.05442
G1 X81.882 Y90.202 E.04749
G1 X81.891 Y88.799 E.04749
G1 X81.933 Y87.158 E.05556
G1 X82.014 Y85.407 E.05933
G1 X82.095 Y84.198 E.04101
G1 X82.973 Y84.106 E.02988
G1 X84.035 Y84.01 E.03609
G1 X86.145 Y83.864 E.07159
G1 X87.468 Y83.804 E.04483
G1 X88.352 Y83.777 E.02994
G1 X89.688 Y83.759 E.04523
G1 X90.574 Y83.76 E.02999
G1 X92.353 Y83.797 E.06023
G1 X93.234 Y83.833 E.02985
G1 X94.553 Y83.906 E.04471
G1 X96.293 Y84.039 E.05907
G1 X97.906 Y84.201 E.05487
G1 X97.971 Y85.156 E.0324
G1 X98.053 Y86.788 E.05531
G1 X98.1 Y88.352 E.05296
G1 X98.107 Y88.886 E.01808
G1 X98.117 Y89.852 E.0327
G1 X98.109 Y91.201 E.04566
G1 X98.067 Y92.842 E.05556
G1 X97.986 Y94.593 E.05933
G1 X97.905 Y95.802 E.04101
G1 X97.027 Y95.894 E.02988
G1 X95.965 Y95.99 E.03609
G1 X93.855 Y96.136 E.07159
G1 X92.532 Y96.196 E.04483
G1 X91.649 Y96.223 E.0299
G1 X89.869 Y96.242 E.06025
G1 X88.09 Y96.217 E.06022
G1 X87.207 Y96.187 E.02991
G1 X85.886 Y96.121 E.04477
G1 X83.706 Y95.961 E.07399
G1 X82.154 Y95.805 E.0528
M204 P2000
G1 X81.712 Y96.17 F10800
;TYPE:External perimeter
G1 F1975
G1 X81.623 Y94.868 E.04417
G1 X81.541 Y93.228 E.05558
G1 X81.492 Y91.613 E.05469
G1 X81.475 Y90.203 E.04773
G1 X81.484 Y88.793 E.04773
G1 X81.527 Y87.144 E.05584
G1 X81.608 Y85.384 E.05964
G1 X81.712 Y83.829 E.05275
G1 X82.933 Y83.701 E.04156
G1 X84.003 Y83.604 E.03637
G1 X86.121 Y83.457 E.07186
G1 X87.453 Y83.397 E.04513
G1 X88.343 Y83.37 E.03014
G1 X89.685 Y83.351 E.04543
G1 X90.579 Y83.353 E.03026
G1 X92.366 Y83.39 E.0605
G1 X93.254 Y83.426 E.03008
G1 X94.58 Y83.5 E.04495
G1 X96.329 Y83.633 E.05937
G1 X98.288 Y83.83 E.06664
G1 X98.377 Y85.132 E.04417
G1 X98.459 Y86.772 E.05558
G1 X98.507 Y88.339 E.05307
G1 X98.514 Y88.881 E.01835
G1 X98.524 Y89.855 E.03297
G1 X98.516 Y91.207 E.04576
G1 X98.473 Y92.857 E.05587
G1 X98.392 Y94.616 E.0596
G1 X98.288 Y96.171 E.05275
G1 X97.067 Y96.299 E.04156
G1 X95.998 Y96.396 E.03633
G1 X93.879 Y96.543 E.0719
G1 X92.547 Y96.603 E.04513
G1 X91.657 Y96.63 E.03014
G1 X89.868 Y96.649 E.06056
G1 X88.08 Y96.623 E.06053
G1 X87.19 Y96.593 E.03014
G1 X85.861 Y96.527 E.04504
G1 X83.67 Y96.367 E.07436
G1 X81.771 Y96.176 E.0646
G1 X81.687 Y95.785 F10800
G1 E-2.5 F4200
G1 Z7.8 F720
G1 X82.783 Y84.455 F10800
G1 Z7.6 F720
G1 E2.5 F2400
M204 P4000
;TYPE:Solid infill
;WIDTH:0.452695
G1 F1975
G1 X82.678 Y84.49 E.00377
;WIDTH:0.500388
G1 X82.572 Y84.524 E.00423
;WIDTH:0.54808
G1 X82.467 Y84.558 E.00464
G1 X82.42 Y84.992 E.01834
;WIDTH:0.512085
G1 X82.373 Y85.427 E.01707
;WIDTH:0.47609
G1 X82.361 Y85.613 E.00671
;WIDTH:0.468666
G1 X82.278 Y87.171 E.05523
;WIDTH:0.447458
G1 X82.273 Y87.285 E.00384
;WIDTH:0.44362
G1 X82.228 Y88.805 E.05067
;WIDTH:0.432234
G1 X82.228 Y88.854 E.00159
;WIDTH:0.43098
G1 X82.218 Y90.196 E.0433
;WIDTH:0.428634
G1 X82.218 Y90.201 E.00016
;WIDTH:0.433452
G1 X82.236 Y91.557 E.04404
;WIDTH:0.4346
G1 X82.237 Y91.598 E.00134
;WIDTH:0.448278
G1 X82.289 Y93.092 E.05039
;WIDTH:0.451874
G1 X82.294 Y93.198 E.00361
;WIDTH:0.47378
G1 X82.378 Y94.653 E.05221
;WIDTH:0.49009
G1 X82.426 Y95.289 E.02372
;WIDTH:0.516408
G1 X82.448 Y95.366 E.00315
;WIDTH:0.542726
G2 X82.552 Y95.474 I.106 J.001 E.00691
;WIDTH:0.496849
G1 X82.635 Y95.505 E.00334
;WIDTH:0.450972
G1 X82.718 Y95.537 E.00302
M204 P2000
G1 E-2.5 F4200
G1 Z7.8 F720
G1 X97.358 Y91.657 F10800
G1 Z7.6 F720
G1 E2.5 F2400
M204 P4000
;TYPE:Internal infill
;WIDTH:0.45
G1 F1975
G1 X97.38 Y90.472 E.04012
G1 X91.024 Y84.115 E.30428
G1 X91.274 Y84.121 E.00846
G1 X82.681 Y92.714 E.41134
G1 X82.647 Y91.858 E.029
G1 X86.599 Y95.81 E.18918
G1 X86.498 Y95.805 E.00342
G1 X97.181 Y85.121 E.51141
G1 X97.226 Y85.712 E.02006
G1 X95.867 Y84.353 E.06505
G1 X95.662 Y84.338 E.00696
G1 X84.339 Y95.661 E.54203
G1 X84.132 Y95.645 E.00703
M73 Q17 S42
G1 X82.774 Y94.288 E.06498
G1 X82.819 Y94.879 E.02006
G1 X93.503 Y84.194 E.51146
G1 X93.399 Y84.188 E.00353
G1 X97.353 Y88.142 E.18928
G1 X97.319 Y87.286 E.029
G1 X88.726 Y95.88 E.41137
G1 X88.975 Y95.883 E.00843
G1 X82.62 Y89.528 E.30421
G1 X82.614 Y90.191 E.02244
G1 X82.618 Y90.473 E.00955
G1 X88.977 Y84.115 E.30438
G1 X88.724 Y84.118 E.00856
G1 X97.322 Y92.717 E.41161
G1 X97.351 Y91.86 E.02903
G1 X93.401 Y95.81 E.18908
G1 X93.503 Y95.806 E.00346
G1 X82.821 Y85.124 E.51134
G1 X82.772 Y85.714 E.02004
G1 X84.136 Y84.35 E.06529
G1 X84.336 Y84.336 E.00679
G1 X95.664 Y95.664 E.54227
G1 X95.864 Y95.65 E.00679
G1 X97.228 Y94.286 E.06529
G1 X97.179 Y94.876 E.02004
G1 X86.497 Y84.194 E.51134
G1 X86.599 Y84.19 E.00346
M73 Q18 S42
G1 X82.649 Y88.14 E.18908
G1 X82.678 Y87.283 E.02903
G1 X91.275 Y95.881 E.41156
G1 X91.025 Y95.883 E.00846
M73 P18 R42
G1 X97.382 Y89.527 E.30428
G1 X97.361 Y88.345 E.04002
M204 P2000
G1 E-2.5 F4200
G1 Z7.8 F720
G1 X97.282 Y84.463 F10800
G1 Z7.6 F720
G1 E2.5 F2400
M204 P4000
;TYPE:Solid infill
;WIDTH:0.45208
G1 F1975
G1 X97.367 Y84.495 E.00309
;WIDTH:0.499065
G1 X97.451 Y84.527 E.00341
;WIDTH:0.54605
G1 X97.535 Y84.559 E.00376
G1 X97.573 Y84.868 E.01302
;WIDTH:0.513231
G1 X97.61 Y85.177 E.01217
;WIDTH:0.480412
G1 X97.623 Y85.352 E.00638
;WIDTH:0.473636
G1 X97.706 Y86.802 E.05202
;WIDTH:0.451872
G1 X97.711 Y86.908 E.00361
;WIDTH:0.448276
G1 X97.763 Y88.402 E.05039
;WIDTH:0.434594
G1 X97.764 Y88.448 E.0015
;WIDTH:0.433376
G1 X97.782 Y89.799 E.04387
;WIDTH:0.428634
G1 X97.782 Y89.809 E.00032
;WIDTH:0.431048
G1 X97.772 Y91.151 E.04331
;WIDTH:0.432232
G1 X97.772 Y91.195 E.00142
;WIDTH:0.44362
G1 X97.727 Y92.715 E.05067
;WIDTH:0.44746
G1 X97.722 Y92.829 E.00384
;WIDTH:0.468668
G1 X97.639 Y94.387 E.05523
;WIDTH:0.490322
G1 X97.572 Y95.288 E.03361
;WIDTH:0.518309
G1 X97.551 Y95.366 E.00319
;WIDTH:0.546296
G1 X97.531 Y95.443 E.00333
G1 X97.426 Y95.477 E.00462
;WIDTH:0.499198
G1 X97.321 Y95.511 E.00419
;WIDTH:0.452099
G1 X97.217 Y95.545 E.00372
M204 P2000
;LAYER_CHANGE
;Z:7.8
;HEIGHT:0.2
;BEFORE_LAYER_CHANGE
G92 E0.0
;7.8
M201 X3997.43 Y3997.43

G1 E-2.5 F4200
G1 Z7.8 F720
;AFTER_LAYER_CHANGE
;7.8
M74 W1.11949

G1 Z8
G1 X81.976 Y95.882 F10800
G1 Z7.8 F720
G1 E2.5 F2400
M204 P2500
;TYPE:Perimeter
;WIDTH:0.449999
G1 F1971
G1 X81.925 Y95.081 E.02717
G1 X81.848 Y93.448 E.05534
G1 X81.8 Y91.784 E.05635
G1 X81.782 Y90.205 E.05345
G1 X81.791 Y88.782 E.04817
G1 X81.829 Y87.117 E.05637
G1 X81.904 Y85.34 E.0602
G1 X81.978 Y84.115 E.04154
G1 X83.719 Y83.957 E.05917
G1 X85.802 Y83.82 E.07066
G1 X88.044 Y83.732 E.07595
G1 X89.232 Y83.712 E.04022
G1 X90.291 Y83.709 E.03585
G1 X92.384 Y83.744 E.07086
G1 X94.172 Y83.819 E.06057
G1 X96.384 Y83.966 E.07504
G1 X98.024 Y84.116 E.05574
G1 X98.075 Y84.919 E.02724
G1 X98.152 Y86.552 E.05534
G1 X98.2 Y88.216 E.05635
G1 X98.216 Y89.685 E.04973
G1 X98.217 Y89.847 E.00548
G1 X98.209 Y91.218 E.04641
G1 X98.171 Y92.883 E.05637
G1 X98.096 Y94.66 E.0602
G1 X98.022 Y95.885 E.04154
G1 X96.281 Y96.043 E.05917
G1 X94.198 Y96.18 E.07066
G1 X91.958 Y96.268 E.07588
G3 X88.067 Y96.269 I-1.972 J-95.308 E.13171
G1 X85.828 Y96.181 E.07585
G1 X83.616 Y96.034 E.07504
G1 X82.034 Y95.89 E.05377
M204 P2000
G1 X81.592 Y96.258 F10800
;TYPE:External perimeter
G1 F1971
G1 X81.518 Y95.103 E.03918
G1 X81.441 Y93.464 E.05554
G1 X81.393 Y91.792 E.05662
G1 X81.375 Y90.206 E.05369
G1 X81.384 Y88.776 E.0484
G1 X81.422 Y87.104 E.05661
G1 X81.497 Y85.319 E.06047
G1 X81.593 Y83.742 E.05348
G1 X83.687 Y83.551 E.07117
G1 X85.781 Y83.413 E.07103
G1 X88.032 Y83.325 E.07625
G1 X89.228 Y83.305 E.04049
G1 X90.294 Y83.301 E.03608
G1 X92.396 Y83.337 E.07116
G1 X94.194 Y83.413 E.06091
G1 X96.416 Y83.561 E.07538
G1 X98.408 Y83.742 E.0677
G1 X98.482 Y84.897 E.03918
G1 X98.559 Y86.536 E.05554
G1 X98.607 Y88.208 E.05662
G1 X98.623 Y89.681 E.04986
G1 X98.624 Y89.849 E.00569
G1 X98.616 Y91.224 E.04654
G1 X98.578 Y92.896 E.05661
G1 X98.503 Y94.681 E.06047
G1 X98.407 Y96.258 E.05348
G1 X96.313 Y96.449 E.07117
G1 X94.219 Y96.587 E.07103
G1 X91.969 Y96.675 E.07622
G3 X88.056 Y96.676 I-1.983 J-95.816 E.13246
G1 X85.806 Y96.587 E.07622
G1 X83.584 Y96.439 E.07538
G1 X81.652 Y96.264 E.06566
G1 X81.569 Y95.872 F10800
G1 X82.658 Y95.622
M204 P4000
;TYPE:Solid infill
;WIDTH:0.452247
G1 F1971
G1 X82.556 Y95.588 E.00366
;WIDTH:0.4995
G1 X82.453 Y95.555 E.00411
;WIDTH:0.546752
G1 X82.35 Y95.522 E.00453
G1 X82.314 Y95.202 E.01349
;WIDTH:0.507971
G1 X82.278 Y94.882 E.01245
;WIDTH:0.46919
G1 X82.196 Y93.435 E.05137
;WIDTH:0.454086
G1 X82.191 Y93.32 E.00394
;WIDTH:0.450374
G1 X82.139 Y91.777 E.05231
;WIDTH:0.435692
G1 X82.138 Y91.724 E.00173
;WIDTH:0.43431
G1 X82.118 Y90.204 E.04947
;WIDTH:0.428632
G1 X82.118 Y90.194 E.00032
;WIDTH:0.431006
G1 X82.127 Y88.832 E.04395
;WIDTH:0.43212
G1 X82.128 Y88.787 E.00146
;WIDTH:0.443464
G1 X82.169 Y87.239 E.05157
;WIDTH:0.44698
G1 X82.174 Y87.129 E.0037
;WIDTH:0.46793
G1 X82.251 Y85.545 E.05604
;WIDTH:0.488998
G1 X82.313 Y84.63 E.03402
;WIDTH:0.517513
G1 X82.332 Y84.554 E.00309
;WIDTH:0.546028
G1 X82.351 Y84.477 E.00332
M204 P2000
G1 E-2.5 F4200
G1 Z8 F720
G1 X97.466 Y88.454 F10800
G1 Z7.8 F720
G1 E2.5 F2400
M204 P4000
;TYPE:Internal infill
;WIDTH:0.45
G1 F1971
G1 X97.48 Y89.428 E.03297
G1 X90.975 Y95.933 E.31139
G1 X91.323 Y95.929 E.01178
G1 X82.577 Y87.182 E.41869
G1 X82.543 Y88.246 E.03603
G1 X86.656 Y84.133 E.19689
G1 X86.444 Y84.141 E.00718
G1 X97.29 Y94.987 E.51919
G1 X97.349 Y94.165 E.0279
G1 X95.785 Y95.729 E.07487
G1 X95.732 Y95.732 E.0018
G1 X84.268 Y84.268 E.54878
G1 X84.215 Y84.271 E.0018
G1 X82.651 Y85.835 E.07487
G1 X82.71 Y85.013 E.0279
G1 X93.556 Y95.859 E.51919
G1 X93.344 Y95.867 E.00718
G1 X97.458 Y91.754 E.19691
G1 X97.423 Y92.818 E.03603
G1 X88.673 Y84.067 E.41888
G1 X89.03 Y84.061 E.01209
G1 X82.52 Y90.572 E.31165
G1 X82.514 Y90.194 E.0128
G1 X82.52 Y89.428 E.02593
G1 X89.027 Y95.935 E.31149
G1 X88.675 Y95.931 E.01192
G1 X97.421 Y87.185 E.41867
G1 X97.462 Y88.251 E.03611
G1 X93.342 Y84.131 E.19722
G1 X93.557 Y84.14 E.00728
G1 X82.706 Y94.991 E.51943
G1 X82.651 Y94.165 E.02802
G1 X84.212 Y95.726 E.07472
G1 X84.27 Y95.73 E.00197
G1 X95.73 Y84.27 E.54858
G1 X95.788 Y84.274 E.00197
G1 X97.349 Y85.835 E.07472
G1 X97.294 Y85.009 E.02802
G1 X86.444 Y95.859 E.51938
G1 X86.656 Y95.867 E.00718
G1 X82.538 Y91.749 E.19713
G1 X82.579 Y92.815 E.03611
G1 X91.322 Y84.072 E.41852
G1 X90.975 Y84.066 E.01175
G1 X97.48 Y90.572 E.31141
G1 X97.464 Y91.55 E.03311
M204 P2000
G1 E-2.5 F4200
G1 Z8 F720
G1 X97.649 Y95.523 F10800
G1 Z7.8 F720
G1 E2.5 F2400
M204 P4000
;TYPE:Solid infill
;WIDTH:0.546024
G1 F1971
G1 X97.694 Y95.082 E.01854
;WIDTH:0.510484
G1 X97.738 Y94.642 E.01719
;WIDTH:0.474944
G1 X97.749 Y94.455 E.00673
;WIDTH:0.467932
G1 X97.826 Y92.871 E.05604
;WIDTH:0.446976
G1 X97.831 Y92.756 E.00387
;WIDTH:0.443366
G1 X97.872 Y91.213 E.0514
;WIDTH:0.432118
G1 X97.873 Y91.163 E.00162
;WIDTH:0.430944
G1 X97.882 Y89.802 E.04391
;WIDTH:0.428634
G1 X97.882 Y89.796 E.00019
;WIDTH:0.434382
G1 X97.862 Y88.271 E.04964
;WIDTH:0.43569
G1 X97.861 Y88.223 E.00157
;WIDTH:0.450474
G1 X97.809 Y86.675 E.05249
;WIDTH:0.454086
G1 X97.804 Y86.565 E.00376
;WIDTH:0.469194
G1 X97.722 Y85.118 E.05137
;WIDTH:0.48824
G1 X97.686 Y84.604 E.01908
;WIDTH:0.517737
G1 X97.668 Y84.541 E.00259
;WIDTH:0.547234
G1 X97.65 Y84.478 E.00275
G1 X97.547 Y84.445 E.00454
;WIDTH:0.49982
G1 X97.444 Y84.411 E.00412
;WIDTH:0.452405
G1 X97.342 Y84.378 E.00365
M204 P2000
;LAYER_CHANGE
;Z:8
;HEIGHT:0.2
;BEFORE_LAYER_CHANGE
G92 E0.0
;8
M201 X3997.34 Y3997.34

G1 E-2.5 F4200
G1 Z8 F720
;AFTER_LAYER_CHANGE
;8
M74 W1.15613

G1 Z8.2
G1 X81.86 Y95.968 F10800
G1 Z8 F720
G1 E2.5 F2400
M204 P2500
;TYPE:Perimeter
;WIDTH:0.449999
G1 F2109
G1 X81.795 Y94.806 E.03939
G1 X81.73 Y93.099 E.05782
G1 X81.693 Y91.482 E.05475
G1 X81.682 Y90.208 E.04312
G1 X81.69 Y88.765 E.04884
G1 X81.725 Y87.077 E.05715
G1 X81.793 Y85.273 E.06111
G1 X81.861 Y84.03 E.04214
G1 X83.764 Y83.876 E.06462
G1 X85.909 Y83.752 E.07273
G1 X88.18 Y83.677 E.07691
G1 X90.462 Y83.659 E.07725
G1 X92.415 Y83.691 E.06612
G1 X94.228 Y83.76 E.06141
G1 X96.474 Y83.894 E.07616
G1 X98.14 Y84.03 E.05658
G1 X98.205 Y85.194 E.03946
G1 X98.27 Y86.901 E.05782
G1 X98.307 Y88.518 E.05475
G1 X98.317 Y89.704 E.04015
G1 X98.317 Y89.834 E.0044
G1 X98.31 Y91.235 E.04742
G1 X98.275 Y92.923 E.05715
G1 X98.207 Y94.727 E.06111
G1 X98.139 Y95.97 E.04214
G1 X96.236 Y96.124 E.06462
G1 X94.091 Y96.248 E.07273
G1 X91.82 Y96.323 E.07691
G3 X88.041 Y96.321 I-1.816 J-106.76 E.12792
G1 X85.771 Y96.24 E.07689
G1 X83.526 Y96.106 E.07613
G1 X81.918 Y95.975 E.05461
M204 P2000
G1 X81.474 Y96.347 F10800
;TYPE:External perimeter
G1 F2109
G1 X81.389 Y94.825 E.0516
G1 X81.323 Y93.111 E.05806
G1 X81.286 Y91.488 E.05495
G1 X81.275 Y90.209 E.04329
G1 X81.283 Y88.76 E.04905
G1 X81.318 Y87.065 E.05739
G1 X81.387 Y85.255 E.06131
G1 X81.474 Y83.653 E.05431
G1 X83.736 Y83.47 E.07682
G1 X85.89 Y83.346 E.07303
G1 X88.171 Y83.27 E.07725
G1 X90.464 Y83.252 E.07762
G1 X92.426 Y83.284 E.06642
G1 X94.248 Y83.353 E.06172
G1 X96.503 Y83.488 E.07647
G1 X98.526 Y83.653 E.0687
G1 X98.611 Y85.175 E.0516
G1 X98.677 Y86.889 E.05806
G1 X98.714 Y88.512 E.05495
G1 X98.724 Y89.701 E.04025
G1 X98.725 Y89.836 E.00457
G1 X98.717 Y91.24 E.04752
G1 X98.682 Y92.935 E.05739
G1 X98.613 Y94.746 E.06134
G1 X98.526 Y96.347 E.05427
G1 X96.264 Y96.53 E.07682
G1 X94.11 Y96.654 E.07303
G1 X91.828 Y96.73 E.07729
G3 X88.032 Y96.728 I-1.824 J-107.275 E.1285
G1 X85.752 Y96.647 E.07722
G1 X83.497 Y96.512 E.07647
G1 X81.534 Y96.352 E.06667
G1 X81.454 Y95.96 F10800
G1 E-2.5 F4200
G1 Z8.2 F720
G1 X82.441 Y91.849 F10800
G1 Z8 F720
G1 E2.5 F2400
M204 P4000
;TYPE:Internal infill
;WIDTH:0.45
G1 F2109
G1 X82.474 Y92.921 E.0363
G1 X91.375 Y84.02 E.42609
G1 X90.921 Y84.013 E.01537
G1 X97.58 Y90.672 E.31876
G1 X97.563 Y91.648 E.03304
G1 X93.283 Y95.928 E.20488
G1 X93.614 Y95.917 E.01121
G1 X82.599 Y84.902 E.52728
G1 X82.533 Y85.953 E.03565
G1 X84.294 Y84.192 E.0843
G1 X84.198 Y84.198 E.00326
G1 X95.802 Y95.802 E.55548
G1 X95.706 Y95.808 E.00326
G1 X97.467 Y94.047 E.0843
G1 X97.401 Y95.098 E.03565
G1 X86.386 Y84.083 E.52728
G1 X86.717 Y84.072 E.01121
G1 X82.437 Y88.352 E.20488
G1 X82.42 Y89.328 E.03304
G1 X89.079 Y95.987 E.31876
G1 X88.624 Y95.982 E.0154
G1 X97.526 Y87.079 E.42616
G1 X97.559 Y88.151 E.0363
M204 P2000
G1 E-2.5 F4200
G1 Z8.2 F720
G1 X97.557 Y91.851 F10800
G1 Z8 F720
G1 E2.5 F2400
M204 P4000
G1 F2109
G1 X97.525 Y92.919 E.03617
G1 X88.625 Y84.02 E.42601
G1 X89.075 Y84.016 E.01523
G1 X82.419 Y90.672 E.31862
G1 X82.435 Y91.646 E.03297
G1 X86.716 Y95.928 E.20495
G1 X86.387 Y95.916 E.01114
G1 X97.402 Y84.901 E.52728
G1 X97.469 Y85.955 E.03575
G1 X95.709 Y84.195 E.08425
G1 X95.8 Y84.2 E.00308
G1 X84.2 Y95.8 E.55529
G1 X84.291 Y95.805 E.00308
G1 X82.531 Y94.045 E.08425
G1 X82.598 Y95.099 E.03575
G1 X93.615 Y84.083 E.52735
G1 X93.281 Y84.07 E.01131
G1 X97.565 Y88.354 E.20507
G1 X97.581 Y89.328 E.03297
G1 X90.922 Y95.986 E.31874
G1 X91.376 Y95.982 E.01537
G1 X82.475 Y87.081 E.42609
G1 X82.443 Y88.149 E.03617
M204 P2000
G1 E-2.5 F4200
G1 Z8.2 F720
G1 X82.217 Y84.377 F10800
G1 Z8 F720
G1 E2.5 F2400
M204 P4000
;TYPE:Solid infill
;WIDTH:0.507216
G1 F2109
G1 X82.151 Y85.29 E.03534
;WIDTH:0.473818
G1 X82.141 Y85.478 E.00675
;WIDTH:0.46721
G1 X82.069 Y87.087 E.05682
;WIDTH:0.4465
G1 X82.065 Y87.202 E.00386
;WIDTH:0.443124
G1 X82.027 Y88.769 E.05216
;WIDTH:0.432006
G1 X82.026 Y88.819 E.00162
;WIDTH:0.430916
G1 X82.018 Y90.202 E.04462
;WIDTH:0.428604
G1 X82.018 Y90.208 E.00019
;WIDTH:0.43247
G1 X82.03 Y91.44 E.03991
;WIDTH:0.433292
G1 X82.031 Y91.477 E.0012
;WIDTH:0.445588
G1 X82.071 Y92.993 E.05078
;WIDTH:0.448412
G1 X82.075 Y93.088 E.00321
;WIDTH:0.469242
G1 X82.144 Y94.623 E.05447
;WIDTH:0.487718
G1 X82.197 Y95.445 E.03046
;WIDTH:0.518293
G1 X82.216 Y95.524 E.00321
;WIDTH:0.548868
G1 X82.236 Y95.604 E.00347
M204 P2000
G1 E-2.5 F4200
G1 Z8.2 F720
G1 X97.764 Y84.396 F10800
G1 Z8 F720
G1 E2.5 F2400
M204 P4000
G1 F2109
G1 X97.805 Y84.804 E.01725
;WIDTH:0.512063
G1 X97.846 Y85.211 E.01596
;WIDTH:0.475258
G1 X97.856 Y85.382 E.00616
;WIDTH:0.469122
G1 X97.925 Y86.912 E.05428
;WIDTH:0.44841
G1 X97.929 Y87.012 E.00337
;WIDTH:0.445506
G1 X97.969 Y88.523 E.0506
;WIDTH:0.433288
G1 X97.97 Y88.564 E.00133
;WIDTH:0.432418
G1 X97.982 Y89.792 E.03977
;WIDTH:0.428602
G1 X97.982 Y89.802 E.00032
;WIDTH:0.430968
G1 X97.974 Y91.185 E.04463
;WIDTH:0.432004
G1 X97.973 Y91.231 E.00149
;WIDTH:0.443206
G1 X97.935 Y92.802 E.0523
;WIDTH:0.4465
G1 X97.931 Y92.913 E.00373
;WIDTH:0.467326
G1 X97.859 Y94.527 E.05701
;WIDTH:0.48933
G1 X97.796 Y95.538 E.0376
;WIDTH:0.507216
G1 X97.783 Y95.623 E.00332
M204 P2000
;LAYER_CHANGE
;Z:8.2
;HEIGHT:0.2
;BEFORE_LAYER_CHANGE
G92 E0.0
;8.2
M201 X3997.25 Y3997.25

G1 E-2.5 F4200
G1 Z8.2 F720
;AFTER_LAYER_CHANGE
;8.2
M74 W1.1937

G1 Z8.4
G1 X81.744 Y96.055 F10800
G1 Z8.2 F720
G1 E2.5 F2400
M204 P2500
;TYPE:Perimeter
;WIDTH:0.449999
G1 F2099
G1 X81.693 Y95.036 E.03454
G1 X81.631 Y93.327 E.05789
G1 X81.594 Y91.655 E.05661
G1 X81.582 Y90.211 E.04888
G1 X81.589 Y88.748 E.04952
G1 X81.621 Y87.036 E.05796
G1 X81.683 Y85.207 E.06194
G1 X81.744 Y83.945 E.04277
G1 X83.44 Y83.821 E.05756
G1 X85.562 Y83.706 E.07193
G1 X87.862 Y83.631 E.07789
G1 X90.173 Y83.608 E.07823
G1 X92.447 Y83.638 E.07698
G1 X94.285 Y83.7 E.06225
G1 X96.563 Y83.822 E.07722
G1 X98.256 Y83.945 E.05746
G1 X98.307 Y84.964 E.03454
G1 X98.369 Y86.673 E.05789
G1 X98.406 Y88.345 E.05661
G1 X98.417 Y89.699 E.04583
G1 X98.418 Y89.83 E.00443
G1 X98.411 Y91.252 E.04813
G1 X98.379 Y92.964 E.05796
G1 X98.317 Y94.793 E.06194
G1 X98.256 Y96.055 E.04277
G1 X96.56 Y96.179 E.05756
G1 X94.438 Y96.294 E.07193
G1 X92.138 Y96.369 E.07789
G3 X88.016 Y96.373 I-2.168 J-121.717 E.13953
G1 X85.715 Y96.3 E.07793
G1 X83.437 Y96.178 E.07722
G1 X81.803 Y96.059 E.05546
M204 P2000
G1 X81.355 Y96.435 F10800
;TYPE:External perimeter
G1 F2099
G1 X81.286 Y95.054 E.0468
G1 X81.224 Y93.339 E.05809
G1 X81.187 Y91.661 E.05681
G1 X81.175 Y90.212 E.04905
G1 X81.182 Y88.743 E.04972
G1 X81.214 Y87.025 E.05816
G1 X81.276 Y85.19 E.06215
G1 X81.355 Y83.565 E.05507
G1 X83.414 Y83.415 E.06988
G1 X85.545 Y83.299 E.07224
G1 X87.853 Y83.224 E.07816
G1 X90.174 Y83.201 E.07857
G1 X92.457 Y83.231 E.07728
G1 X94.302 Y83.293 E.06249
G1 X96.589 Y83.415 E.07752
G1 X98.645 Y83.565 E.06978
G1 X98.714 Y84.946 E.0468
G1 X98.776 Y86.661 E.05809
G1 X98.813 Y88.339 E.05681
G1 X98.824 Y89.696 E.04593
G1 X98.825 Y89.831 E.00457
G1 X98.818 Y91.257 E.04827
G1 X98.786 Y92.975 E.05816
G1 X98.724 Y94.81 E.06215
G1 X98.645 Y96.435 E.05507
G1 X96.586 Y96.585 E.06988
G1 X94.455 Y96.701 E.07224
G1 X92.147 Y96.776 E.07816
G3 X88.007 Y96.78 I-2.176 J-122.221 E.14014
G1 X85.697 Y96.707 E.07823
G1 X83.411 Y96.585 E.07749
G1 X81.415 Y96.439 E.06774
G1 X81.337 Y96.047 F10800
G1 X82.122 Y95.687
M204 P4000
;TYPE:Solid infill
;WIDTH:0.54807
G1 F2099
G1 X82.103 Y95.606 E.00349
;WIDTH:0.515689
G1 X82.083 Y95.525 E.00328
;WIDTH:0.483308
G1 X82.046 Y94.841 E.02508
;WIDTH:0.464442
G1 X81.977 Y93.317 E.05347
;WIDTH:0.450284
G1 X81.973 Y93.209 E.00366
;WIDTH:0.447308
G1 X81.932 Y91.65 E.05244
;WIDTH:0.434132
G1 X81.932 Y91.602 E.00156
;WIDTH:0.433128
G1 X81.918 Y90.21 E.04517
;WIDTH:0.428604
G1 X81.918 Y90.201 E.00029
;WIDTH:0.43093
G1 X81.925 Y88.798 E.04527
;WIDTH:0.431898
G1 X81.926 Y88.752 E.00149
;WIDTH:0.442956
G1 X81.961 Y87.157 E.05307
;WIDTH:0.44604
G1 X81.965 Y87.045 E.00376
;WIDTH:0.466606
G1 X82.031 Y85.406 E.05779
;WIDTH:0.487994
G1 X82.088 Y84.381 E.03799
M73 Q19 S42
;WIDTH:0.506926
G1 X82.102 Y84.294 E.0034
M204 P2000
G1 E-2.5 F4200
G1 Z8.4 F720
G1 X83.927 Y84.141 F10800
G1 Z8.2 F720
G1 E2.5 F2400
M204 P4000
;TYPE:Internal infill
;WIDTH:0.45
G1 F2099
G1 X82.648 Y84.226 E.04339
G1 X82.675 Y84.283 E.00213
G2 X82.488 Y84.791 I.303 J.4 E.01935
G1 X93.67 Y95.973 E.53528
G1 X93.224 Y95.987 E.0151
G1 X97.668 Y91.543 E.21273
G1 X97.68 Y90.771 E.02613
M73 P19 R42
G1 X90.871 Y83.963 E.32592
G1 X91.424 Y83.97 E.01872
G1 X82.373 Y93.021 E.43327
G1 X82.415 Y93.929 E.03077
G1 X84.368 Y95.881 E.09347
G1 X84.131 Y95.869 E.00803
G1 X95.869 Y84.131 E.56189
G1 X95.632 Y84.119 E.00803
G1 X97.585 Y86.071 E.09347
G1 X97.627 Y86.979 E.03077
G1 X88.573 Y96.033 E.43341
G1 X89.13 Y96.039 E.01885
G1 X82.32 Y89.229 E.32599
G1 X82.332 Y88.457 E.02613
G1 X86.776 Y84.013 E.21273
G1 X86.33 Y84.027 E.0151
G1 X97.512 Y95.209 E.53528
G3 X97.325 Y95.717 I-.49 J.108 E.01935
G1 X97.352 Y95.774 E.00213
G1 X96.073 Y95.859 E.04339
M204 P2000
G1 E-2.5 F4200
G1 Z8.4 F720
G1 X97.898 Y95.706 F10800
G1 Z8.2 F720
G1 E2.5 F2400
M204 P4000
;TYPE:Solid infill
;WIDTH:0.506924
G1 F2099
G1 X97.96 Y94.779 E.03585
;WIDTH:0.472708
G1 X97.97 Y94.59 E.00676
;WIDTH:0.466502
G1 X98.035 Y92.955 E.05763
;WIDTH:0.446038
G1 X98.039 Y92.839 E.00389
;WIDTH:0.442882
G1 X98.074 Y91.248 E.05292
;WIDTH:0.431896
G1 X98.075 Y91.198 E.00162
;WIDTH:0.430884
G1 X98.082 Y89.796 E.04523
;WIDTH:0.4286
G1 X98.082 Y89.79 E.00019
;WIDTH:0.433174
G1 X98.068 Y88.394 E.0453
;WIDTH:0.434134
G1 X98.068 Y88.35 E.00143
;WIDTH:0.447376
G1 X98.027 Y86.787 E.05258
;WIDTH:0.450286
G1 X98.023 Y86.683 E.00353
;WIDTH:0.464516
G1 X97.954 Y85.155 E.05362
;WIDTH:0.48331
G1 X97.917 Y84.475 E.02494
;WIDTH:0.51569
G1 X97.897 Y84.394 E.00328
;WIDTH:0.54807
G1 X97.878 Y84.313 E.00349
M204 P2000
G1 E-2.5 F4200
G1 Z8.4 F720
G1 X96.072 Y84.142 F10800
G1 Z8.2 F720
G1 E2.5 F2400
M204 P4000
;TYPE:Internal infill
;WIDTH:0.45
G1 F2099
G1 X97.376 Y84.228 E.04423
G1 X97.346 Y84.578 E.01189
G3 X97.513 Y84.789 I.039 J.141 E.01155
G1 X86.33 Y95.973 E.53535
G1 X86.776 Y95.987 E.0151
G1 X82.329 Y91.541 E.21285
G1 X82.321 Y90.771 E.02606
G1 X89.127 Y83.965 E.3258
G1 X88.576 Y83.97 E.01865
G1 X97.626 Y93.021 E.43324
G1 X97.584 Y93.93 E.0308
M73 P19 R41
G1 X95.631 Y95.883 E.09349
G1 X95.87 Y95.87 E.0081
G1 X84.13 Y84.13 E.56199
G1 X84.369 Y84.117 E.0081
G1 X82.416 Y86.07 E.09349
G1 X82.374 Y86.979 E.0308
G1 X91.425 Y96.03 E.43327
G1 X90.872 Y96.036 E.01872
G1 X97.679 Y89.229 E.32585
G1 X97.671 Y88.459 E.02606
G1 X93.221 Y84.01 E.213
G1 X93.672 Y84.025 E.01527
G1 X82.487 Y95.211 E.53544
G2 X82.654 Y95.422 I.128 J.07 E.01155
G1 X82.624 Y95.772 E.01189
G1 X83.928 Y95.858 E.04423
M204 P2000
;LAYER_CHANGE
;Z:8.4
;HEIGHT:0.2
;BEFORE_LAYER_CHANGE
G92 E0.0
;8.4
M201 X3997.17 Y3997.17

G1 E-2.5 F4200
G1 Z8.4 F720
;AFTER_LAYER_CHANGE
;8.4
M74 W1.23232

G1 Z8.6
G1 X81.617 Y95.959 F10800
G1 Z8.4 F720
G1 E2.5 F2400
M204 P2500
;TYPE:Perimeter
;WIDTH:0.449999
G1 F2160
G1 X81.587 Y95.279 E.02304
G1 X81.53 Y93.57 E.05788
G1 X81.495 Y91.839 E.0586
G1 X81.482 Y90.214 E.05501
G1 X81.488 Y88.731 E.0502
G1 X81.517 Y86.996 E.05874
G1 X81.572 Y85.14 E.06285
G1 X81.627 Y83.86 E.04337
G1 X83.59 Y83.734 E.06658
G1 X85.798 Y83.634 E.07481
G1 X88.131 Y83.573 E.079
G1 X90.472 Y83.559 E.07924
G1 X92.478 Y83.584 E.06791
G1 X94.341 Y83.64 E.06309
G1 X96.653 Y83.749 E.07835
G1 X98.374 Y83.86 E.05837
G1 X98.413 Y84.721 E.02917
G1 X98.47 Y86.43 E.05788
G1 X98.505 Y88.161 E.0586
G1 X98.517 Y89.706 E.0523
G1 X98.518 Y89.823 E.00396
G1 X98.512 Y91.269 E.04895
G1 X98.483 Y93.004 E.05874
G1 X98.428 Y94.86 E.06285
G1 X98.373 Y96.14 E.04337
G1 X96.41 Y96.266 E.06658
G1 X94.202 Y96.366 E.07481
G1 X91.869 Y96.427 E.079
G3 X87.99 Y96.425 I-1.85 J-140.234 E.1313
G1 X85.658 Y96.36 E.07897
G1 X83.347 Y96.251 E.07831
G1 X81.626 Y96.14 E.05837
G1 X81.62 Y96.019 E.0041
M204 P2000
G1 X81.235 Y96.505 F10800
;TYPE:External perimeter
G1 F2160
G1 X81.18 Y95.295 E.041
G1 X81.123 Y93.581 E.05805
G1 X81.088 Y91.844 E.05881
G1 X81.075 Y90.214 E.05518
G1 X81.081 Y88.727 E.05033
G1 X81.11 Y86.986 E.05894
G1 X81.165 Y85.125 E.06302
G1 X81.236 Y83.477 E.05583
G1 X83.568 Y83.327 E.0791
G1 X85.783 Y83.227 E.07505
G1 X88.124 Y83.166 E.07927
G1 X90.474 Y83.152 E.07955
G1 X92.487 Y83.177 E.06814
G1 X94.357 Y83.234 E.06333
G1 X96.676 Y83.343 E.07858
G1 X98.764 Y83.477 E.07082
G1 X98.82 Y84.705 E.04161
G1 X98.877 Y86.419 E.05805
G1 X98.912 Y88.156 E.05881
G1 X98.924 Y89.703 E.05237
G1 X98.925 Y89.825 E.00413
G1 X98.919 Y91.273 E.04901
G1 X98.89 Y93.014 E.05894
G1 X98.835 Y94.875 E.06302
G1 X98.764 Y96.523 E.05583
G1 X96.432 Y96.673 E.0791
G1 X94.217 Y96.773 E.07505
G1 X91.876 Y96.834 E.07927
G3 X87.983 Y96.832 I-1.857 J-140.757 E.13178
G1 X85.643 Y96.766 E.07924
G1 X83.324 Y96.657 E.07858
G1 X81.278 Y96.526 E.0694
G1 X81.22 Y96.13 F10800
G1 E-2.5 F4200
G1 Z8.6 F720
G1 X83.859 Y95.928 F10800
G1 Z8.4 F720
G1 E2.5 F2400
M204 P4000
;TYPE:Internal infill
;WIDTH:0.45
G1 F2160
G1 X82.531 Y95.852 E.04502
G1 X82.555 Y95.8 E.00194
G3 X82.377 Y95.32 I.274 J-.375 E.01835
G1 X93.729 Y83.968 E.54341
G1 X93.162 Y83.951 E.0192
G1 X97.772 Y88.561 E.22068
G1 X97.779 Y89.13 E.01926
G1 X90.819 Y96.089 E.33315
G1 X91.479 Y96.084 E.02234
G1 X82.271 Y86.877 E.44076
G1 X82.3 Y86.186 E.02341
G1 X84.445 Y84.042 E.10266
G1 X84.059 Y84.059 E.01308
G1 X95.941 Y95.941 E.56878
G1 X95.555 Y95.958 E.01308
G1 X97.7 Y93.814 E.10266
G1 X97.729 Y93.123 E.02341
G1 X88.522 Y83.916 E.44073
G1 X89.179 Y83.913 E.02224
G1 X82.221 Y90.87 E.33305
G1 X82.228 Y91.439 E.01926
G1 X86.835 Y96.046 E.22053
G1 X86.272 Y96.031 E.01906
G1 X97.623 Y84.68 E.54337
G2 X97.445 Y84.2 I-.452 J-.105 E.01835
G1 X97.469 Y84.148 E.00194
G1 X96.141 Y84.072 E.04502
M204 P2000
G1 E-2.5 F4200
G1 Z8.6 F720
G1 X98.015 Y84.211 F10800
G1 Z8.4 F720
G1 E2.5 F2400
M204 P4000
;TYPE:Solid infill
;WIDTH:0.505802
G1 F2160
G1 X98.029 Y84.304 E.00362
;WIDTH:0.48463
G1 X98.123 Y86.44 E.07853
;WIDTH:0.452464
G1 X98.127 Y86.554 E.00388
;WIDTH:0.44893
G1 X98.167 Y88.166 E.05444
;WIDTH:0.43499
G1 X98.168 Y88.218 E.0017
;WIDTH:0.433908
G1 X98.182 Y89.787 E.05101
;WIDTH:0.428598
G1 X98.182 Y89.797 E.00032
;WIDTH:0.430898
G1 X98.175 Y91.219 E.04587
;WIDTH:0.431784
G1 X98.175 Y91.265 E.00149
;WIDTH:0.44271
G1 X98.143 Y92.883 E.0538
;WIDTH:0.44558
G1 X98.139 Y92.997 E.00382
;WIDTH:0.465888
G1 X98.08 Y94.661 E.05856
;WIDTH:0.486662
G1 X98.027 Y95.698 E.03831
;WIDTH:0.506906
G1 X98.013 Y95.788 E.00351
M204 P2000
G1 E-2.5 F4200
G1 Z8.6 F720
G1 X96.144 Y95.932 F10800
G1 Z8.4 F720
G1 E2.5 F2400
M204 P4000
;TYPE:Internal infill
;WIDTH:0.45
G1 F2160
G1 X97.466 Y95.852 E.04483
G1 X97.442 Y95.798 E.002
G2 X97.624 Y95.321 I-.273 J-.377 E.01829
G1 X86.27 Y83.967 E.54351
G1 X86.836 Y83.953 E.01916
G1 X82.227 Y88.561 E.22061
G1 X82.22 Y89.129 E.01923
G1 X89.182 Y96.09 E.33324
G1 X88.522 Y96.084 E.02234
G1 X97.729 Y86.876 E.44076
G1 X97.701 Y86.187 E.02334
G1 X95.558 Y84.044 E.10258
G1 X95.938 Y84.062 E.01288
G1 X84.062 Y95.938 E.5685
G1 X84.442 Y95.956 E.01288
G1 X82.299 Y93.813 E.10258
G1 X82.271 Y93.124 E.02334
G1 X91.477 Y83.918 E.44069
G1 X90.818 Y83.909 E.02231
G1 X97.78 Y90.871 E.33327
G1 X97.773 Y91.439 E.01923
G1 X93.164 Y96.047 E.22061
G1 X93.73 Y96.033 E.01916
G1 X82.376 Y84.679 E.54351
G3 X82.558 Y84.202 I.455 J-.1 E.01829
G1 X82.534 Y84.148 E.002
G1 X83.856 Y84.068 E.04483
M204 P2000
G1 E-2.5 F4200
G1 Z8.6 F720
G1 X81.987 Y84.212 F10800
G1 Z8.4 F720
G1 E2.5 F2400
M204 P4000
;TYPE:Solid infill
;WIDTH:0.506908
G1 F2160
G1 X81.929 Y85.153 E.03637
;WIDTH:0.471616
G1 X81.92 Y85.343 E.00678
;WIDTH:0.465802
G1 X81.861 Y87.003 E.05841
;WIDTH:0.44558
G1 X81.857 Y87.12 E.00392
;WIDTH:0.442648
G1 X81.825 Y88.735 E.05369
;WIDTH:0.431786
G1 X81.825 Y88.785 E.00162
;WIDTH:0.430862
G1 X81.818 Y90.207 E.04587
;WIDTH:0.428602
G1 X81.818 Y90.213 E.00019
;WIDTH:0.433952
G1 X81.833 Y91.785 E.05112
;WIDTH:0.434994
G1 X81.833 Y91.834 E.0016
;WIDTH:0.449024
G1 X81.873 Y93.45 E.05459
;WIDTH:0.452466
G1 X81.877 Y93.56 E.00375
;WIDTH:0.48463
G1 X81.971 Y95.696 E.07853
;WIDTH:0.505806
G1 X81.985 Y95.789 E.00362
M204 P2000
;LAYER_CHANGE
;Z:8.6
;HEIGHT:0.200001
;BEFORE_LAYER_CHANGE
G92 E0.0
;8.6
M201 X3997.08 Y3997.08

G1 E-2.5 F4200
G1 Z8.6 F720
;AFTER_LAYER_CHANGE
;8.6
M74 W1.27164

G1 Z8.6
G1 X81.512 Y96.218 F10800
G1 E2.5 F2400
M204 P2500
;TYPE:Perimeter
;WIDTH:0.449999
G1 F2326
G1 X81.429 Y93.813 E.08145
G1 X81.395 Y92.024 E.06057
G1 X81.382 Y90.216 E.0612
G1 X81.388 Y88.714 E.05084
G1 X81.413 Y86.955 E.05955
G1 X81.462 Y85.073 E.06372
G1 X81.51 Y83.774 E.044
G1 X83.381 Y83.669 E.06343
G1 X85.592 Y83.579 E.0749
G1 X87.955 Y83.523 E.08001
G1 X90.326 Y83.508 E.08026
G1 X92.51 Y83.531 E.07393
G1 X94.397 Y83.581 E.0639
G1 X96.742 Y83.677 E.07944
G1 X98.488 Y83.774 E.05919
G1 X98.571 Y86.187 E.08173
G1 X98.605 Y87.976 E.06057
G1 X98.617 Y89.707 E.05859
G1 X98.618 Y89.818 E.00376
G1 X98.612 Y91.286 E.04969
G1 X98.587 Y93.045 E.05955
G1 X98.538 Y94.927 E.06372
G1 X98.49 Y96.226 E.044
G1 X96.619 Y96.331 E.06343
G1 X94.408 Y96.421 E.0749
G1 X92.045 Y96.477 E.08001
G3 X87.964 Y96.477 I-2.037 J-163.957 E.13814
G1 X85.602 Y96.419 E.07997
G1 X83.258 Y96.323 E.07941
G1 X81.564 Y96.229 E.05743
M204 P2000
G1 X81.118 Y96.609 F10800
;TYPE:External perimeter
G1 F2326
G1 X81.022 Y93.824 E.09432
G1 X80.988 Y92.03 E.06074
G1 X80.975 Y90.217 E.06137
G1 X80.981 Y88.71 E.05101
G1 X81.006 Y86.947 E.05968
G1 X81.055 Y85.06 E.06389
G1 X81.117 Y83.388 E.05663
G1 X83.361 Y83.262 E.07608
G1 X85.579 Y83.172 E.07514
G1 X87.949 Y83.116 E.08024
G1 X90.327 Y83.101 E.08049
G1 X92.517 Y83.124 E.07413
G1 X94.411 Y83.174 E.06413
G1 X96.762 Y83.27 E.07964
G1 X98.882 Y83.388 E.07187
G1 X98.978 Y86.176 E.09443
G1 X99.012 Y87.97 E.06074
G1 X99.024 Y89.704 E.0587
G1 X99.025 Y89.819 E.00389
G1 X99.019 Y91.29 E.04979
G1 X98.994 Y93.053 E.05968
G1 X98.945 Y94.94 E.06389
G1 X98.883 Y96.612 E.05663
G1 X96.639 Y96.738 E.07608
G1 X94.421 Y96.828 E.07514
G1 X92.051 Y96.884 E.08024
G3 X87.958 Y96.884 I-2.043 J-164.471 E.13855
G1 X85.589 Y96.826 E.08021
G1 X83.238 Y96.73 E.07964
G1 X81.175 Y96.615 E.06994
G1 X81.106 Y96.221 F10800
G1 E-2.5 F4200
G1 Z8.8 F720
G1 X83.96 Y95.67 F10800
G1 Z8.6 F720
G1 E2.5 F2400
M73 Q19 S41
M204 P4000
;TYPE:Internal infill
;WIDTH:0.45
G1 F2326
G1 X82.272 Y95.599 E.05719
G1 X82.263 Y95.434 E.00559
G1 X93.446 Y84.252 E.5353
G1 X97.877 Y88.665 E.21168
G1 X97.88 Y89.029 E.01232
G1 X91.127 Y95.781 E.32324
G1 X91.175 Y95.781 E.00162
G1 X82.169 Y86.774 E.43114
G1 X82.186 Y86.3 E.01605
G1 X84.164 Y84.322 E.09469
G1 X84.316 Y84.316 E.00515
G1 X95.618 Y95.618 E.54102
G1 X95.908 Y95.606 E.00982
G1 X97.814 Y93.7 E.09124
G1 X97.831 Y93.226 E.01605
G1 X88.825 Y84.22 E.43111
G1 X88.872 Y84.22 E.00159
G1 X82.12 Y90.971 E.32319
G1 X82.123 Y91.335 E.01232
G1 X86.556 Y95.747 E.2117
G1 X97.737 Y84.566 E.53523
G2 X97.561 Y84.122 I-.419 J-.091 E.01715
G1 X97.585 Y84.07 E.00194
G1 X96.376 Y84.008 E.04098
G1 X96.8 Y84.433 E.02032
G1 X96.678 Y84.428 E.00413
M204 P2000
G1 E-2.5 F4200
G1 Z8.8 F720
G1 X96.087 Y95.628 F10800
G1 Z8.6 F720
G1 E2.5 F2400
M204 P4000
G1 F2326
G1 X96.037 Y96.009 E.01301
G1 X97.583 Y95.931 E.0524
G1 X97.56 Y95.879 E.00192
G2 X97.736 Y95.433 I-.245 J-.354 E.01721
G1 X86.556 Y84.253 E.53518
G1 X82.124 Y88.665 E.21168
G1 X82.12 Y89.028 E.01229
G1 X88.874 Y95.783 E.32333
G1 X88.823 Y95.782 E.00173
G1 X97.834 Y86.772 E.43133
G1 X97.815 Y86.301 E.01596
G1 X95.91 Y84.396 E.09119
G1 X95.616 Y84.384 E.00996
G1 X84.318 Y95.682 E.54083
G1 X84.163 Y95.677 E.00525
G1 X82.185 Y93.699 E.09469
G1 X82.166 Y93.228 E.01596
G1 X91.175 Y84.219 E.43126
G1 X91.127 Y84.219 E.00162
G1 X97.88 Y90.972 E.32326
G1 X97.876 Y91.335 E.01229
G1 X93.444 Y95.747 E.21168
G1 X82.264 Y84.567 E.53518
G1 X82.273 Y84.4 E.00566
M73 Q20 S41
G1 X83.961 Y84.329 E.05719
M204 P2000
G1 E-2.5 F4200
G1 Z8.8 F720
G1 X95.592 Y96.026 F10800
G1 Z8.6 F720
G1 E2.5 F2400
M204 P4000
;TYPE:Solid infill
;WIDTH:0.448224
G1 F2326
G1 X95.517 Y96.046 E.00262
;WIDTH:0.415679
G1 X95.442 Y96.066 E.00241
;WIDTH:0.38733
G1 X94.601 Y96.098 E.0241
;WIDTH:0.391186
G1 X94.397 Y96.104 E.00591
;WIDTH:0.396168
G1 X92.215 Y96.154 E.06411
;WIDTH:0.399164
G1 X92.04 Y96.157 E.00518
;WIDTH:0.39999
G3 X87.97 Y96.157 I-2.062 J-172.449 E.12084
;WIDTH:0.397768
G1 X87.943 Y96.157 E.0008
;WIDTH:0.397316
G1 X85.612 Y96.104 E.06871
;WIDTH:0.389138
G1 X85.555 Y96.102 E.00164
;WIDTH:0.388006
G1 X83.273 Y96.015 E.06553
;WIDTH:0.38292
G1 X82.08 Y95.954 E.03377
;WIDTH:0.421185
G1 X82.01 Y95.923 E.00241
;WIDTH:0.45945
G1 X81.94 Y95.891 E.00267
;WIDTH:0.497714
G1 X81.869 Y95.86 E.00293
G1 X81.815 Y94.807 E.03987
;WIDTH:0.460748
G1 X81.778 Y93.804 E.03487
;WIDTH:0.456478
G1 X81.758 Y93.097 E.02432
;WIDTH:0.442466
G1 X81.735 Y92.02 E.03579
;WIDTH:0.438344
G1 X81.727 Y91.48 E.01776
;WIDTH:0.4301
G1 X81.718 Y90.216 E.04069
;WIDTH:0.428596
G1 X81.718 Y90.207 E.00029
;WIDTH:0.430896
G1 X81.724 Y88.764 E.04655
;WIDTH:0.431712
G1 X81.725 Y88.717 E.00152
;WIDTH:0.44249
G1 X81.754 Y87.076 E.05453
;WIDTH:0.44515
G1 X81.756 Y86.962 E.00381
;WIDTH:0.458056
G1 X81.814 Y85.273 E.05834
;WIDTH:0.483662
G1 X81.858 Y84.22 E.03862
M73 P20 R41
;WIDTH:0.48482
G1 X81.888 Y84.117 E.00394
G1 X81.953 Y84.093 E.00255
;WIDTH:0.450854
G1 X82.018 Y84.069 E.00235
;WIDTH:0.416887
G1 X82.083 Y84.045 E.00215
;WIDTH:0.38292
G1 X83.396 Y83.978 E.03717
;WIDTH:0.38733
G1 X85.399 Y83.902 E.0574
;WIDTH:0.391184
G1 X85.603 Y83.896 E.00591
;WIDTH:0.39617
G1 X87.785 Y83.846 E.06411
;WIDTH:0.399236
G1 X90.228 Y83.83 E.07238
;WIDTH:0.400634
G1 X92.504 Y83.85 E.0677
;WIDTH:0.396586
G1 X92.537 Y83.851 E.00097
;WIDTH:0.396028
G1 X94.387 Y83.896 E.05433
;WIDTH:0.389056
G1 X94.444 Y83.898 E.00164
;WIDTH:0.388008
G1 X95.622 Y83.943 E.03383
;WIDTH:0.41648
G1 X95.703 Y83.963 E.00259
;WIDTH:0.45004
G1 X95.784 Y83.984 E.00283
M204 P2000
G1 E-2.5 F4200
G1 Z8.8 F720
G1 X98.128 Y95.872 F10800
G1 Z8.6 F720
G1 E2.5 F2400
M204 P4000
;WIDTH:0.50545
G1 F2326
G1 X98.142 Y95.78 E.00358
;WIDTH:0.48365
G1 X98.186 Y94.724 E.03873
;WIDTH:0.45799
G1 X98.244 Y93.038 E.05822
;WIDTH:0.445138
G1 X98.247 Y92.921 E.00391
;WIDTH:0.442428
G1 X98.275 Y91.283 E.05442
;WIDTH:0.431698
G1 X98.276 Y91.233 E.00162
;WIDTH:0.430854
G1 X98.282 Y89.79 E.04655
;WIDTH:0.428584
G1 X98.282 Y89.784 E.00019
;WIDTH:0.430114
G1 X98.273 Y88.517 E.04079
;WIDTH:0.438334
G1 X98.264 Y87.98 E.01766
;WIDTH:0.442496
G1 X98.242 Y86.9 E.03589
;WIDTH:0.456466
G1 X98.222 Y86.196 E.02422
;WIDTH:0.460738
G1 X98.185 Y85.193 E.03487
;WIDTH:0.481556
G1 X98.141 Y84.22 E.03552
;WIDTH:0.503228
G1 X98.127 Y84.127 E.0036
M204 P2000
;LAYER_CHANGE
;Z:8.8
;HEIGHT:0.2
;BEFORE_LAYER_CHANGE
G92 E0.0
;8.8
M201 X3996.98 Y3996.98

G1 E-2.5 F4200
G1 Z8.8 F720
;AFTER_LAYER_CHANGE
;8.8
M74 W1.31221

G1 Z9
G1 X81.395 Y96.311 F10800
G1 Z8.8 F720
G1 E2.5 F2400
M204 P2500
;TYPE:Perimeter
;WIDTH:0.449999
G1 F3600
G1 X81.315 Y93.44 E.09722
G1 X81.282 Y90.22 E.109
G1 X81.309 Y86.913 E.11194
G1 X81.351 Y85.007 E.06453
G1 X81.393 Y83.688 E.04467
G1 X83.171 Y83.603 E.06025
G1 X85.387 Y83.525 E.07506
G1 X87.779 Y83.473 E.08099
G1 X90.179 Y83.458 E.08124
G1 X92.541 Y83.478 E.07995
G1 X94.454 Y83.521 E.06477
G1 X96.831 Y83.604 E.08051
G1 X98.605 Y83.689 E.06012
G1 X98.685 Y86.56 E.09722
G1 X98.717 Y89.687 E.10585
G1 X98.717 Y89.838 E.00511
G1 X98.691 Y93.087 E.10998
G1 X98.649 Y94.993 E.06453
G1 X98.607 Y96.312 E.04467
G1 X96.829 Y96.397 E.06025
G1 X94.613 Y96.475 E.07506
G1 X92.221 Y96.527 E.08099
G3 X87.939 Y96.529 I-2.245 J-192.38 E.14494
G1 X85.546 Y96.479 E.08102
G1 X83.169 Y96.396 E.08051
G1 X81.455 Y96.314 E.05808
M204 P2000
G1 X80.999 Y96.7 F10800
;TYPE:External perimeter
G1 F2400
G1 X80.908 Y93.448 E.11012
G1 X80.875 Y90.22 E.10927
G1 X80.902 Y86.907 E.11214
G1 X80.944 Y84.996 E.0647
G1 X80.998 Y83.3 E.05744
G1 X83.154 Y83.197 E.07306
G1 X85.375 Y83.118 E.07523
G1 X87.773 Y83.066 E.08119
G1 X90.179 Y83.051 E.08144
G1 X92.548 Y83.071 E.08019
G1 X94.465 Y83.114 E.0649
G1 X96.848 Y83.198 E.08071
G1 X99.001 Y83.3 E.07296
G1 X99.092 Y86.552 E.11012
G1 X99.124 Y89.683 E.10599
G1 X99.124 Y89.841 E.00535
G1 X99.098 Y93.093 E.11008
G1 X99.056 Y95.004 E.0647
G1 X99.002 Y96.7 E.05744
G1 X96.846 Y96.803 E.07306
G1 X94.625 Y96.882 E.07523
G1 X92.227 Y96.934 E.08119
G3 X87.933 Y96.936 I-2.251 J-192.877 E.14535
G1 X85.535 Y96.886 E.08119
G1 X83.152 Y96.802 E.08071
G1 X81.059 Y96.703 E.07092
G1 X80.989 Y96.309 F10800
G1 E-2.5 F4200
G1 Z9 F720
G1 X95.845 Y95.737 F10800
G1 Z8.8 F720
G1 E2.5 F2400
M204 P1500
;TYPE:Bridge infill
;WIDTH:0.407813
;HEIGHT:0.4
M106 S255
G1 F3000
G1 X95.504 Y96.076 E.02611
G1 X94.832 Y96.1 E.03652
G1 X95.759 Y95.176 E.07108
G1 X96.473 Y93.922 E.07836
G1 X96.421 Y93.87 E.00399
G1 X94.165 Y96.117 E.17292
G1 X93.502 Y96.132 E.03601
G1 X96.097 Y93.547 E.19891
G1 X95.836 Y93.286 E.02004
G1 X96.002 Y92.995 E.01819
G1 X92.839 Y96.146 E.24246
G1 X92.177 Y96.16 E.03596
G1 X96.603 Y91.75 E.3393
G1 X96.279 Y91.426 E.02488
G1 X91.524 Y96.164 E.36453
G1 X90.871 Y96.168 E.03546
G1 X95.956 Y91.103 E.38976
G1 X95.717 Y90.864 E.01836
G1 X95.94 Y90.471 E.02454
G1 X90.218 Y96.173 E.43868
G1 X89.569 Y96.173 E.03524
G1 X96.462 Y89.306 E.52838
G1 X96.138 Y88.982 E.02488
G1 X88.925 Y96.169 E.55296
G1 X88.281 Y96.164 E.03497
G1 X95.814 Y88.658 E.5775
G1 X95.598 Y88.442 E.01659
G1 X95.879 Y87.948 E.03086
G1 X87.641 Y96.155 E.63149
G1 X87.006 Y96.142 E.03449
G1 X96.32 Y86.862 E.71401
G1 X95.997 Y86.538 E.02484
G1 X86.37 Y96.129 E.73797
G1 X85.735 Y96.116 E.03449
G1 X96.121 Y85.767 E.79622
G1 X96.632 Y84.87 E.05606
G1 X96.503 Y84.741 E.00991
G1 X85.106 Y96.096 E.87368
G1 X84.479 Y96.074 E.03407
G1 X96.179 Y84.417 E.89691
G1 X95.855 Y84.094 E.02484
G1 X83.853 Y96.052 E.92007
G1 X83.226 Y96.03 E.03407
G1 X95.38 Y83.921 E.9317
G1 X94.753 Y83.899 E.03407
G1 X82.607 Y96.001 E.93112
G1 X81.987 Y95.972 E.03371
G1 X94.123 Y83.881 E.93032
G1 X93.488 Y83.867 E.03449
G1 X81.742 Y95.57 E.90044
G1 X81.725 Y94.941 E.03417
G1 X92.854 Y83.853 E.85313
G1 X92.215 Y83.843 E.03471
G1 X81.707 Y94.312 E.80552
G1 X81.689 Y93.684 E.03412
G1 X91.572 Y83.837 E.75763
G1 X90.929 Y83.832 E.03492
G1 X81.678 Y93.048 E.70913
G1 X81.672 Y92.409 E.0347
G1 X90.286 Y83.826 E.66037
G1 X89.634 Y83.829 E.03541
G1 X81.665 Y91.769 E.61091
G1 X81.659 Y91.129 E.03476
G1 X88.982 Y83.833 E.56137
G1 X88.329 Y83.837 E.03546
G1 X81.652 Y90.489 E.51183
G1 X81.653 Y89.843 E.03508
G1 X87.675 Y83.843 E.46165
G1 X87.012 Y83.857 E.03601
G1 X81.658 Y89.191 E.41042
G1 X81.663 Y88.54 E.03535
G1 X86.349 Y83.872 E.35919
G1 X85.686 Y83.886 E.03601
G1 X81.669 Y87.888 E.30793
G1 X81.674 Y87.237 E.03535
G1 X85.017 Y83.906 E.25628
G1 X84.345 Y83.929 E.03651
G1 X81.685 Y86.579 E.2039
G1 X81.702 Y85.916 E.03602
G1 X83.672 Y83.953 E.15103
G1 X82.997 Y83.98 E.03669
G1 X81.719 Y85.253 E.09796
G1 X81.736 Y84.589 E.03607
G1 X82.529 Y83.799 E.06079
M106 S201.45
M204 P2000
G1 E-2.5 F4200
G1 Z9 F720
G1 X98.243 Y84.044 F10800
G1 Z8.8 F720
G1 E2.5 F2400
M204 P4000
;TYPE:Solid infill
;WIDTH:0.501584
;HEIGHT:0.2
G1 F3600
G1 X98.256 Y84.139 E.00366
;WIDTH:0.479476
G1 X98.34 Y86.567 E.08819
;WIDTH:0.448882
G1 X98.342 Y86.675 E.00365
;WIDTH:0.445622
G1 X98.369 Y88.347 E.05599
;WIDTH:0.42854
G1 X98.382 Y89.791 E.0463
;WIDTH:0.428394
G1 X98.373 Y91.253 E.04686
;WIDTH:0.441704
G1 X98.35 Y92.965 E.05677
;WIDTH:0.4447
G1 X98.348 Y93.081 E.00388
;WIDTH:0.458298
G1 X98.297 Y94.794 E.05919
;WIDTH:0.482678
G1 X98.257 Y95.863 E.03912
;WIDTH:0.504268
G1 X98.244 Y95.955 E.00356
M204 P2000
G1 E-2.5 F4200
G1 Z9 F720
G1 X96.697 Y94.394 F10800
G1 Z8.8 F720
G1 E2.5 F2400
M204 P4000
;TYPE:Internal infill
;WIDTH:0.45
G1 F3600
G1 X97.849 Y95.546 E.05515
G3 X97.68 Y95.96 I-.388 J.083 E.01608
G1 X97.702 Y96.008 E.00179
G1 X96.077 Y96.077 E.05505
G1 X96.034 Y96.034 E.00206
G1 X96.139 Y95.375 E.02259
G1 X97.926 Y93.588 E.08554
G1 X97.935 Y93.329 E.00877
G1 X96.896 Y92.29 E.04974
G1 X96.863 Y92.348 E.00226
G1 X97.979 Y91.232 E.05342
G1 X97.98 Y91.072 E.00542
G1 X96.777 Y89.868 E.05761
M204 P2000
G1 X97.037 Y89.41 F10800
M204 P4000
G1 F3600
G1 X97.086 Y89.324 E.00335
G1 X96.184 Y88.422 E.04318
G1 X97.937 Y86.669 E.08392
G1 X97.926 Y86.413 E.00867
G1 X96.856 Y85.342 E.05124
G1 X96.719 Y85.584 E.00941
G1 X97.847 Y84.456 E.054
G2 X97.681 Y84.039 I-.386 J-.088 E.01615
G1 X97.703 Y83.992 E.00176
G1 X96.299 Y83.932 E.04757
G1 X96.698 Y84.331 E.0191
M204 P2000
G1 X96.618 Y85.761 F10800
M204 P4000
G1 F3600
G1 X96.331 Y86.266 E.01966
G1 X96.967 Y86.902 E.03044
G1 X96.657 Y87.446 E.02119
G1 X97.978 Y88.766 E.06321
G1 X97.979 Y88.929 E.00552
G1 X96.429 Y90.48 E.07422
G1 X96.251 Y90.792 E.01216
G1 X97.106 Y91.646 E.0409
M204 P2000
;LAYER_CHANGE
;Z:9
;HEIGHT:0.2
;BEFORE_LAYER_CHANGE
G92 E0.0
;9
M201 X3996.79 Y3996.79

G1 E-2.5 F4200
G1 Z9 F720
;AFTER_LAYER_CHANGE
;9
M74 W1.39557

G1 Z9.2
G1 X81.271 Y96.208 F10800
G1 Z9 F720
G1 E2.5 F2400
M204 P2500
;TYPE:Perimeter
;WIDTH:0.449999
G1 F3536
G1 X81.211 Y93.978 E.07551
G1 X81.182 Y91.092 E.09769
G1 X81.196 Y86.938 E.14061
G1 X81.227 Y85.254 E.05701
G1 X81.275 Y83.603 E.05591
G1 X82.953 Y83.534 E.05685
G1 X85.656 Y83.456 E.09153
G1 X88.08 Y83.417 E.08206
G1 X90.51 Y83.408 E.08225
G1 X92.572 Y83.425 E.0698
G1 X94.51 Y83.461 E.06561
G1 X96.921 Y83.532 E.08164
G1 X98.724 Y83.603 E.06108
G1 X98.789 Y86.022 E.08191
G1 X98.817 Y88.871 E.09644
G1 X98.818 Y88.944 E.00247
G1 X98.804 Y93.062 E.13939
G1 X98.773 Y94.746 E.05701
G1 X98.725 Y96.397 E.05591
G1 X97.047 Y96.466 E.05685
G1 X94.344 Y96.544 E.09153
G1 X91.92 Y96.583 E.08206
G3 X87.914 Y96.581 I-1.888 J-234.747 E.1356
G1 X85.49 Y96.539 E.08206
G1 X83.079 Y96.468 E.08164
G1 X81.276 Y96.397 E.06108
G1 X81.273 Y96.268 E.00437
M204 P2000
G1 X80.879 Y96.764 F10800
;TYPE:External perimeter
G1 F2400
G1 X80.804 Y93.985 E.0941
G1 X80.775 Y91.094 E.09786
G1 X80.787 Y87.721 E.11417
G1 X80.789 Y86.934 E.02664
G1 X80.82 Y85.245 E.05718
G1 X80.879 Y83.211 E.06888
G1 X82.939 Y83.128 E.06979
G1 X85.647 Y83.049 E.0917
G1 X88.076 Y83.01 E.08223
G1 X90.511 Y83.001 E.08242
G1 X92.578 Y83.018 E.06997
G1 X94.519 Y83.054 E.06571
G1 X96.935 Y83.125 E.08181
G1 X99.121 Y83.211 E.07405
G1 X99.196 Y86.014 E.09491
G1 X99.224 Y88.867 E.09658
G1 X99.225 Y88.946 E.00267
G1 X99.213 Y92.279 E.11282
G1 X99.211 Y93.066 E.02664
G1 X99.18 Y94.755 E.05718
G1 X99.121 Y96.789 E.06888
G1 X97.061 Y96.872 E.06979
G1 X94.353 Y96.951 E.0917
G1 X91.924 Y96.99 E.08223
G3 X87.909 Y96.988 I-1.892 J-235.265 E.1359
G1 X85.48 Y96.946 E.08223
G1 X83.065 Y96.875 E.08178
G1 X80.915 Y96.79 E.07283
G1 X80.871 Y96.392 F10800
G1 X81.649 Y95.95
M204 P4000
;TYPE:Solid infill
;WIDTH:0.558326
G1 F3536
G2 X81.711 Y95.966 I.018 J.059 E.01375
;WIDTH:0.449999
G1 X81.592 Y95.286 E.02337
G1 X82.402 Y96.095 E.03875
G1 X83.001 Y96.119 E.02029
G1 X81.576 Y94.694 E.06821
G1 X81.56 Y94.103 E.02001
G1 X83.595 Y96.137 E.09739
G1 X84.188 Y96.155 E.02008
G1 X81.552 Y93.519 E.12618
G1 X81.547 Y92.937 E.0197
G1 X84.781 Y96.172 E.15483
G1 X85.374 Y96.189 E.02008
G1 X81.541 Y92.356 E.18348
G1 X81.535 Y91.774 E.0197
G1 X85.962 Y96.201 E.21192
G1 X86.548 Y96.211 E.01984
G1 X81.529 Y91.193 E.24023
G1 X81.53 Y90.618 E.01946
G1 X87.134 Y96.222 E.26826
G1 X87.72 Y96.232 E.01984
G1 X81.532 Y90.044 E.29622
G1 X81.534 Y89.47 E.01943
G1 X88.301 Y96.238 E.32396
G1 X88.88 Y96.241 E.0196
G1 X81.536 Y88.897 E.35155
G1 X81.538 Y88.323 E.01943
G1 X89.459 Y96.244 E.37917
G1 X90.036 Y96.246 E.01953
G1 X81.54 Y87.749 E.40672
G1 X81.542 Y87.175 E.01943
G1 X90.609 Y96.243 E.43406
G1 X91.182 Y96.241 E.0194
G1 X81.548 Y86.607 E.46117
G1 X81.559 Y86.041 E.01916
G1 X91.756 Y96.238 E.48812
G1 X92.324 Y96.231 E.01923
G1 X81.569 Y85.476 E.51484
G1 X81.583 Y84.914 E.01903
G1 X92.89 Y96.222 E.54128
G1 X93.457 Y96.212 E.0192
G1 X81.599 Y84.354 E.56764
G1 X81.488 Y83.783 E.01969
;WIDTH:0.38292
G1 X81.469 Y83.854 E.00208
G1 X81.54 Y83.835 E.00208
G1 X81.529 Y83.794 E.0012
;WIDTH:0.41646
G1 X81.639 Y83.862 E.00402
;WIDTH:0.449999
G1 X81.75 Y83.93 E.00441
G1 X94.024 Y96.203 E.58752
G1 X94.587 Y96.191 E.01906
G1 X82.303 Y83.907 E.58803
G1 X82.7 Y83.673 E.0156
;WIDTH:0.38292
G1 X82.681 Y83.744 E.00208
G1 X82.752 Y83.725 E.00208
G1 X82.741 Y83.684 E.0012
;WIDTH:0.41646
G1 X82.799 Y83.784 E.00359
;WIDTH:0.449999
G1 X82.856 Y83.885 E.00393
G1 X95.146 Y96.175 E.58831
G1 X95.802 Y96.306 E.02264
;WIDTH:0.38292
G1 X95.749 Y96.31 E.0015
G1 X95.812 Y96.16 E.0046
G1 X95.865 Y96.212 E.0021
G1 X95.884 Y96.141 E.00208
;WIDTH:0.41646
G1 X95.77 Y96.125 E.00358
;WIDTH:0.449999
G1 X95.657 Y96.109 E.00386
G1 X83.415 Y83.867 E.58602
G1 X83.974 Y83.851 E.01893
G1 X95.657 Y95.533 E.55923
G1 X95.657 Y94.958 E.01946
G1 X84.534 Y83.835 E.53245
G1 X85.093 Y83.818 E.01893
G1 X95.657 Y94.382 E.50569
G1 X95.657 Y93.806 E.0195
G1 X85.652 Y83.802 E.47891
G1 X86.219 Y83.793 E.01919
G1 X95.657 Y93.231 E.45179
G1 X95.657 Y92.655 E.0195
G1 X86.785 Y83.784 E.42467
G1 X87.352 Y83.775 E.01919
G1 X95.657 Y92.079 E.39753
G1 X95.657 Y91.503 E.0195
G1 X87.918 Y83.765 E.37044
G1 X88.49 Y83.761 E.01936
G1 X95.657 Y90.928 E.34308
G1 X95.657 Y90.352 E.0195
G1 X89.064 Y83.759 E.3156
G1 X89.638 Y83.758 E.01943
G1 X95.657 Y89.776 E.2881
G1 X95.657 Y89.201 E.01946
G1 X90.211 Y83.756 E.26067
G1 X90.788 Y83.756 E.01953
G1 X95.657 Y88.625 E.23308
G1 X95.657 Y88.049 E.0195
G1 X91.368 Y83.761 E.20529
G1 X91.949 Y83.766 E.01967
G1 X95.657 Y87.474 E.1775
G1 X95.657 Y86.898 E.0195
G1 X92.529 Y83.77 E.14974
G1 X93.115 Y83.781 E.01984
G1 X95.657 Y86.322 E.12166
G1 X95.86 Y85.873 E.01668
;WIDTH:0.38292
G1 X95.871 Y85.914 E.0012
G1 X95.8 Y85.933 E.00208
G1 X95.819 Y85.862 E.00208
;WIDTH:0.41646
G1 X95.738 Y85.804 E.00309
;WIDTH:0.449999
G1 X95.657 Y85.747 E.00335
G1 X93.702 Y83.792 E.09358
G1 X95.68 Y83.842 E.06697
G1 X95.657 Y83.925 E.00292
G1 X95.657 Y85.171 E.04218
G1 X94.436 Y83.95 E.05845
M204 P2000
G1 E-2.5 F4200
G1 Z9.2 F720
G1 X96.064 Y93.964 F10800
G1 Z9 F720
G1 E2.5 F2400
M204 P4000
;TYPE:Internal infill
;WIDTH:0.45
G1 F3536
G1 X96.064 Y95.45 E.0503
G1 X98.037 Y93.477 E.09445
G1 X98.038 Y93.433 E.00149
G1 X96.064 Y91.458 E.09452
G1 X96.064 Y90.845 E.02075
G1 X98.079 Y88.83 E.09646
G1 X98.079 Y88.868 E.00129
G1 X96.064 Y86.852 E.09648
G1 X96.064 Y86.239 E.02075
G1 X97.962 Y84.341 E.09086
G2 X97.727 Y83.91 I-.434 J-.043 E.01765
G1 X96.14 Y83.855 E.05375
G3 X96.064 Y83.974 I-.108 J.015 E.0052
G1 X96.064 Y84.55 E.0195
G1 X98.04 Y86.526 E.09459
G1 X98.041 Y86.565 E.00132
G1 X96.064 Y88.542 E.09464
G1 X96.064 Y89.155 E.02075
G1 X98.08 Y91.172 E.09653
G1 X98.081 Y91.131 E.00139
G1 X96.064 Y93.148 E.09655
G1 X96.064 Y93.761 E.02075
G1 X97.962 Y95.659 E.09086
G3 X97.725 Y96.092 I-.439 J.041 E.01773
G1 X96.138 Y96.146 E.05375
G2 X96.064 Y96.029 I-.104 J-.016 E.00511
G1 X96.064 Y95.654 E.01269
M204 P2000
G1 E-2.5 F4200
G1 Z9.2 F720
G1 X98.362 Y96.038 F10800
G1 Z9 F720
G1 E2.5 F2400
M73 Q21 S41
M204 P4000
;TYPE:Solid infill
;WIDTH:0.506078
G1 F3536
G1 X98.374 Y95.946 E.00357
;WIDTH:0.485478
G1 X98.414 Y94.858 E.04006
;WIDTH:0.470436
G1 X98.457 Y93.058 E.064
;WIDTH:0.450668
G1 X98.458 Y93.002 E.0019
;WIDTH:0.44922
G1 X98.475 Y91.267 E.05862
;WIDTH:0.42654
G1 X98.481 Y89.785 E.04727
;WIDTH:0.435324
G1 X98.472 Y88.16 E.05302
;WIDTH:0.451712
G1 X98.446 Y86.429 E.05885
;WIDTH:0.462346
G1 X98.437 Y86.028 E.01399
;WIDTH:0.481432
G1 X98.374 Y84.056 E.07194
;WIDTH:0.502726
G1 X98.361 Y83.961 E.00367
M204 P2000
;LAYER_CHANGE
;Z:9.2
;HEIGHT:0.2
;BEFORE_LAYER_CHANGE
G92 E0.0
;9.2
M201 X3996.64 Y3996.64

G1 E-2.5 F4200
G1 Z9.2 F720
;AFTER_LAYER_CHANGE
;9.2
M74 W1.45927

G1 Z9.4
G1 X81.156 Y96.478 F10800
G1 Z9.2 F720
G1 E2.5 F2400
M204 P2500
;TYPE:Perimeter
;WIDTH:0.449999
G1 F3600
G1 X81.106 Y94.616 E.06305
G1 X81.082 Y92.256 E.07989
G1 X81.089 Y86.593 E.19169
G3 X81.155 Y83.517 I152.04 J1.726 E.10414
G1 X82.733 Y83.464 E.05344
G1 X85.444 Y83.399 E.09179
G1 X87.898 Y83.366 E.08307
G1 X90.357 Y83.358 E.08323
G1 X92.604 Y83.372 E.07606
G1 X94.566 Y83.401 E.06642
G1 X97.01 Y83.459 E.08275
G1 X98.844 Y83.518 E.06211
G1 X98.894 Y85.384 E.06318
G1 X98.918 Y87.719 E.07904
G1 X98.918 Y87.768 E.00166
G1 X98.911 Y93.407 E.19087
G3 X98.845 Y96.483 I-152.04 J-1.726 E.10414
G1 X97.267 Y96.536 E.05344
G1 X94.556 Y96.601 E.09179
G1 X92.102 Y96.634 E.08307
G1 X89.855 Y96.643 E.07606
G1 X87.888 Y96.633 E.06658
G1 X85.434 Y96.599 E.08307
G1 X82.99 Y96.541 E.08275
G1 X81.211 Y96.484 E.06025
M204 P2000
G1 X80.759 Y96.875 F10800
;TYPE:External perimeter
G1 F2400
G1 X80.699 Y94.624 E.07622
G1 X80.675 Y92.258 E.08009
G1 X80.676 Y91.477 E.02644
G1 X80.681 Y87.378 E.13875
G1 X80.681 Y86.59 E.02667
M73 P21 R41
G1 X80.712 Y84.747 E.06239
G1 X80.759 Y83.123 E.05499
G1 X82.722 Y83.057 E.06648
G1 X85.436 Y82.992 E.09189
G1 X87.894 Y82.959 E.08321
G1 X90.358 Y82.951 E.0834
G1 X92.608 Y82.964 E.07616
G1 X94.574 Y82.994 E.06655
G1 X97.021 Y83.052 E.08285
G1 X99.241 Y83.123 E.07518
G1 X99.301 Y85.376 E.07629
G1 X99.325 Y87.715 E.07918
G1 X99.325 Y87.768 E.00179
G1 X99.324 Y88.549 E.02644
G1 X99.319 Y92.622 E.13787
G1 X99.319 Y93.41 E.02667
G1 X99.288 Y95.253 E.06239
G1 X99.241 Y96.877 E.05499
G1 X97.278 Y96.943 E.06648
G1 X94.564 Y97.008 E.09189
G1 X92.106 Y97.041 E.08321
G1 X89.855 Y97.05 E.07619
G1 X87.884 Y97.04 E.06672
G1 X85.426 Y97.006 E.08321
G1 X82.979 Y96.948 E.08285
G1 X80.818 Y96.879 E.07318
G1 X80.75 Y96.485 F10800
G1 E-2.5 F4200
G1 Z9.4 F720
G1 X81.606 Y83.887 F10800
G1 Z9.2 F720
G1 E2.5 F2400
M204 P4000
;TYPE:Solid infill
;WIDTH:0.557742
G1 F3600
G2 X81.589 Y83.95 I-.06 J.018 E.01365
;WIDTH:0.449999
G1 X81.468 Y84.631 E.02341
G1 X82.274 Y83.826 E.03856
G1 X82.868 Y83.807 E.02012
G1 X81.457 Y85.218 E.06754
G1 X81.448 Y85.803 E.0198
G1 X83.458 Y83.793 E.09622
G1 X84.048 Y83.779 E.01998
G1 X81.438 Y86.389 E.12494
G1 X81.434 Y86.968 E.0196
G1 X84.637 Y83.765 E.15333
G1 X85.227 Y83.751 E.01998
G1 X81.433 Y87.544 E.18159
G1 X81.433 Y88.121 E.01953
G1 X85.813 Y83.74 E.20969
G1 X86.397 Y83.733 E.01977
G1 X81.432 Y88.697 E.23765
G1 X81.432 Y89.273 E.0195
G1 X86.98 Y83.725 E.26558
G1 X87.564 Y83.717 E.01977
M73 P21 R40
G1 X81.431 Y89.85 E.29358
G1 X81.43 Y90.426 E.0195
G1 X88.145 Y83.711 E.32144
G1 X88.723 Y83.709 E.01956
G1 X81.43 Y91.002 E.34911
G1 X81.429 Y91.579 E.01953
G1 X89.3 Y83.708 E.37678
G1 X89.878 Y83.706 E.01956
G1 X81.428 Y92.155 E.40447
G1 X81.433 Y92.726 E.01933
G1 X90.455 Y83.704 E.43188
G1 X91.027 Y83.708 E.01936
G1 X81.439 Y93.296 E.45897
G1 X81.444 Y93.866 E.01929
G1 X91.599 Y83.711 E.48611
G1 X92.171 Y83.715 E.01936
G1 X81.45 Y94.436 E.51321
G1 X81.462 Y95 E.0191
G1 X92.742 Y83.72 E.53997
G1 X93.309 Y83.728 E.01919
G1 X81.477 Y95.56 E.56639
G1 X81.492 Y96.121 E.019
G1 X93.876 Y83.737 E.59281
G1 X94.444 Y83.745 E.01923
G1 X82.025 Y96.164 E.59449
G1 X82.583 Y96.182 E.0189
G1 X95.007 Y83.758 E.59473
G1 X95.569 Y83.771 E.01903
G1 X83.142 Y96.198 E.59487
G1 X83.704 Y96.212 E.01903
G1 X95.657 Y84.26 E.57216
G1 X95.657 Y84.835 E.01946
G1 X84.267 Y96.225 E.54523
G1 X84.829 Y96.238 E.01903
G1 X95.657 Y85.411 E.51831
G1 X95.657 Y85.987 E.0195
G1 X85.392 Y96.252 E.49138
G1 X85.959 Y96.26 E.01919
G1 X95.657 Y86.562 E.46424
G1 X95.657 Y87.138 E.0195
G1 X86.526 Y96.268 E.43707
G1 X87.094 Y96.276 E.01923
G1 X95.657 Y87.714 E.40988
G1 X95.657 Y88.289 E.01946
G1 X87.662 Y96.284 E.38272
G1 X88.233 Y96.289 E.01933
G1 X95.657 Y88.865 E.35538
G1 X95.657 Y89.441 E.0195
G1 X88.806 Y96.292 E.32795
G1 X89.379 Y96.294 E.0194
G1 X95.657 Y90.017 E.3005
G1 X95.657 Y90.592 E.01946
G1 X89.952 Y96.296 E.27307
G1 X90.53 Y96.294 E.01956
G1 X95.657 Y91.168 E.2454
G1 X95.657 Y91.744 E.0195
G1 X91.108 Y96.292 E.21773
G1 X91.686 Y96.29 E.01956
G1 X95.657 Y92.319 E.19009
G1 X95.657 Y92.895 E.0195
G1 X92.266 Y96.286 E.16233
G1 X92.85 Y96.278 E.01977
G1 X95.657 Y93.471 E.13437
G1 X95.871 Y93.879 E.01559
;WIDTH:0.38292
G1 X95.8 Y93.86 E.00208
G1 X95.819 Y93.931 E.00208
G1 X95.86 Y93.92 E.0012
;WIDTH:0.41646
G1 X95.758 Y93.983 E.00372
;WIDTH:0.449999
G1 X95.657 Y94.046 E.00403
G1 X93.433 Y96.27 E.10646
M204 P2000
G1 E-2.5 F4200
G1 Z9.4 F720
G1 X95.513 Y94.766 F10800
G1 Z9.2 F720
G1 E2.5 F2400
M204 P4000
G1 F3600
G1 X94.017 Y96.262 E.07161
G1 X95.678 Y96.228 E.05623
G3 X95.657 Y94.622 I24.339 J-1.128 E.05438
M204 P2000
G1 X95.248 Y95.748 F10800
M204 P4000
;WIDTH:0.583198
G1 F3600
G2 X95.231 Y95.813 I-.062 J.019 E.0151
M204 P2000
G1 E-2.5 F4200
G1 Z9.4 F720
G1 X96.149 Y83.785 F10800
G1 Z9.2 F720
G1 E2.5 F2400
M204 P4000
;TYPE:Internal infill
;WIDTH:0.45
G1 F3600
G1 X96.214 Y83.786 E.0022
G1 X96.064 Y83.936 E.00718
G1 X96.064 Y84.55 E.02078
G1 X98.148 Y86.634 E.09976
G1 X98.145 Y86.461 E.00586
G1 X96.064 Y88.542 E.09962
G1 X96.064 Y89.155 E.02075
G1 X98.181 Y91.272 E.10134
G1 X98.182 Y91.029 E.00823
G1 X96.064 Y93.148 E.10141
G1 X96.064 Y93.761 E.02075
G1 X98.073 Y95.77 E.09617
G1 X98.074 Y95.743 E.00091
G1 X97.64 Y96.177 E.02078
G1 X96.215 Y96.215 E.04825
G1 X96.064 Y96.064 E.00723
G1 X96.064 Y95.45 E.02078
G1 X98.146 Y93.368 E.09966
G1 X98.141 Y93.535 E.00566
G1 X96.064 Y91.458 E.09942
G1 X96.064 Y90.845 E.02075
G1 X98.179 Y88.73 E.10124
G1 X98.18 Y88.969 E.00809
G1 X96.064 Y86.852 E.10132
G1 X96.064 Y86.239 E.02075
G1 X98.072 Y84.231 E.09612
G1 X98.073 Y84.256 E.00085
G1 X97.642 Y83.826 E.02061
G1 X96.417 Y83.791 E.04148
M204 P2000
G1 E-2.5 F4200
G1 Z9.4 F720
G1 X98.478 Y83.882 F10800
G1 Z9.2 F720
G1 E2.5 F2400
M204 P4000
;TYPE:Solid infill
;WIDTH:0.508702
G1 F3600
G1 X98.49 Y83.972 E.00352
;WIDTH:0.48971
G1 X98.534 Y85.39 E.05271
;WIDTH:0.479056
G1 X98.552 Y86.189 E.02898
;WIDTH:0.459592
G1 X98.574 Y87.745 E.05392
;WIDTH:0.445934
G1 X98.576 Y87.977 E.00777
;WIDTH:0.441342
G1 X98.581 Y89.785 E.0599
;WIDTH:0.429958
G1 X98.578 Y91.286 E.04831
;WIDTH:0.453324
G1 X98.564 Y93.046 E.06006
;WIDTH:0.463682
G1 X98.559 Y93.404 E.01253
;WIDTH:0.48886
G1 X98.516 Y95.236 E.06795
;WIDTH:0.489758
G1 X98.493 Y96.028 E.02944
;WIDTH:0.508892
G1 X98.48 Y96.12 E.0036
M204 P2000
;LAYER_CHANGE
;Z:9.4
;HEIGHT:0.2
;BEFORE_LAYER_CHANGE
G92 E0.0
;9.4
M201 X3996.5 Y3996.5

G1 E-2.5 F4200
G1 Z9.4 F720
;AFTER_LAYER_CHANGE
;9.4
M74 W1.52384

G1 Z9.6
G1 X81.036 Y96.566 F10800
G1 Z9.4 F720
G1 E2.5 F2400
M204 P2500
;TYPE:Perimeter
;WIDTH:0.449999
G1 F3600
G1 X81 Y95.254 E.04443
G1 X80.982 Y93.421 E.06205
G1 X80.987 Y85.685 E.26185
G1 X81.034 Y83.434 E.07621
G1 X85.233 Y83.343 E.14216
G1 X87.716 Y83.315 E.08405
G1 X90.204 Y83.307 E.08422
G1 X94.622 Y83.341 E.14955
G1 X98.964 Y83.434 E.14701
G1 X99 Y84.745 E.04439
G1 X99.018 Y86.562 E.06151
G1 X99.018 Y86.596 E.00115
G1 X99.013 Y94.315 E.26128
G1 X98.966 Y96.566 E.07621
G1 X94.767 Y96.657 E.14216
G1 X92.284 Y96.685 E.08405
G1 X89.854 Y96.693 E.08225
G1 X85.378 Y96.659 E.15151
G1 X81.096 Y96.567 E.14497
M204 P2000
G1 X80.639 Y96.965 F10800
;TYPE:External perimeter
G1 F2400
G1 X80.593 Y95.262 E.05767
G1 X80.575 Y93.423 E.06225
G1 X80.576 Y92.641 E.02647
G1 X80.58 Y86.47 E.20888
G1 X80.58 Y85.681 E.02671
G1 X80.604 Y84.249 E.04848
G1 X80.639 Y83.035 E.04111
G1 X81.435 Y83.018 E.02695
G1 X84.489 Y82.952 E.1034
G1 X87.713 Y82.908 E.10914
G1 X90.205 Y82.9 E.08435
G1 X90.93 Y82.906 E.02454
G1 X93.892 Y82.929 E.10026
G1 X94.628 Y82.934 E.02491
G1 X95.364 Y82.95 E.02492
G1 X98.565 Y83.018 E.10837
G1 X99.361 Y83.035 E.02695
G1 X99.407 Y84.738 E.05767
G1 X99.425 Y86.558 E.06161
G1 X99.425 Y86.596 E.00129
G1 X99.424 Y87.378 E.02647
G1 X99.42 Y93.53 E.20824
G1 X99.42 Y94.319 E.02671
G1 X99.396 Y95.751 E.04848
G1 X99.361 Y96.965 E.04111
G1 X98.565 Y96.982 E.02695
G1 X95.511 Y97.048 E.1034
G1 X92.287 Y97.092 E.10914
G1 X89.853 Y97.1 E.08239
G1 X89.128 Y97.094 E.02454
G1 X86.108 Y97.071 E.10223
G1 X85.372 Y97.066 E.02491
G1 X84.636 Y97.05 E.02492
G1 X81.435 Y96.982 E.10837
G1 X80.699 Y96.966 E.02492
G1 X80.63 Y96.572 F10800
G1 X81.408 Y96.113
M204 P4000
;TYPE:Solid infill
;WIDTH:0.555748
G1 F3600
G2 X81.47 Y96.13 I.017 J.059 E.01358
;WIDTH:0.449999
G1 X82.143 Y96.243 E.0231
G1 X81.352 Y95.452 E.03786
G1 X81.343 Y94.867 E.0198
G1 X82.731 Y96.256 E.06647
G1 X83.319 Y96.269 E.01991
G1 X81.337 Y94.286 E.0949
G1 X81.331 Y93.704 E.0197
G1 X83.908 Y96.281 E.12336
G1 X84.496 Y96.294 E.01991
G1 X81.328 Y93.126 E.15165
G1 X81.329 Y92.551 E.01946
G1 X85.084 Y96.306 E.17975
G1 X85.668 Y96.315 E.01977
G1 X81.329 Y91.975 E.20773
G1 X81.329 Y91.4 E.01946
G1 X86.248 Y96.319 E.23547
G1 X86.829 Y96.324 E.01967
G1 X81.33 Y90.825 E.26323
G1 X81.33 Y90.249 E.0195
G1 X87.409 Y96.328 E.291
G1 X87.989 Y96.332 E.01963
G1 X81.331 Y89.674 E.31871
G1 X81.331 Y89.099 E.01946
G1 X88.569 Y96.337 E.34648
G1 X89.149 Y96.341 E.01963
G1 X81.331 Y88.523 E.37424
G1 X81.332 Y87.948 E.01946
G1 X89.729 Y96.346 E.40198
G1 X90.304 Y96.345 E.01946
G1 X81.332 Y87.373 E.42948
G1 X81.332 Y86.797 E.0195
G1 X90.878 Y96.343 E.45696
G1 X91.452 Y96.341 E.01943
G1 X81.333 Y86.222 E.48439
G1 X81.334 Y85.648 E.01943
G1 X92.026 Y96.339 E.5118
G1 X92.597 Y96.335 E.01933
G1 X81.345 Y85.083 E.53863
G1 X81.357 Y84.519 E.0191
G1 X93.167 Y96.329 E.56534
G1 X93.736 Y96.323 E.01926
M73 Q21 S40
G1 X81.368 Y83.955 E.59205
G1 X81.753 Y83.764 E.01455
G1 X94.305 Y96.316 E.60086
G1 X95.048 Y96.451 E.02556
;WIDTH:0.38292
G1 X95.059 Y96.492 E.0012
G1 X94.988 Y96.511 E.00208
G1 X95.007 Y96.44 E.00208
;WIDTH:0.41646
G1 X94.94 Y96.374 E.00292
;WIDTH:0.449999
G1 X82.317 Y83.752 E.60423
G1 X82.88 Y83.74 E.01906
G1 X95.437 Y96.297 E.6011
G1 X95.589 Y96.318 E.00519
;WIDTH:0.41646
G1 X95.741 Y96.339 E.00477
;WIDTH:0.38292
G1 X95.722 Y96.41 E.00208
G1 X95.793 Y96.391 E.00208
G1 X95.782 Y96.35 E.0012
;WIDTH:0.449999
G1 X95.657 Y95.94 E.01451
G1 X83.444 Y83.728 E.5846
G1 X84.007 Y83.716 E.01906
G1 X95.657 Y95.365 E.55765
G1 X95.657 Y94.789 E.0195
G1 X84.571 Y83.703 E.53068
G1 X85.134 Y83.691 E.01906
G1 X95.657 Y94.213 E.50371
G1 X95.657 Y93.638 E.01946
G1 X85.703 Y83.684 E.47649
G1 X86.272 Y83.677 E.01926
G1 X95.657 Y93.062 E.44925
G1 X95.657 Y92.486 E.0195
G1 X86.841 Y83.671 E.42199
G1 X87.411 Y83.665 E.01929
G1 X95.657 Y91.91 E.39471
G1 X95.657 Y91.335 E.01946
G1 X87.982 Y83.661 E.36737
G1 X88.556 Y83.659 E.01943
G1 X95.657 Y90.759 E.3399
G1 X95.657 Y90.183 E.0195
G1 X89.13 Y83.657 E.31242
G1 X89.704 Y83.655 E.01943
G1 X95.657 Y89.608 E.28497
G1 X95.657 Y89.032 E.0195
G1 X90.279 Y83.654 E.25744
G1 X90.859 Y83.658 E.01963
G1 X95.657 Y88.456 E.22968
G1 X95.657 Y87.881 E.01946
G1 X91.439 Y83.663 E.20191
G1 X92.019 Y83.667 E.01963
G1 X95.657 Y87.305 E.17415
G1 X95.657 Y86.729 E.0195
G1 X92.599 Y83.672 E.14636
G1 X93.179 Y83.676 E.01963
G1 X95.657 Y86.153 E.1186
G1 X95.86 Y85.704 E.01668
;WIDTH:0.38292
G1 X95.871 Y85.745 E.0012
G1 X95.8 Y85.764 E.00208
G1 X95.819 Y85.693 E.00208
;WIDTH:0.41646
G1 X95.738 Y85.635 E.00309
;WIDTH:0.449999
G1 X95.657 Y85.578 E.00335
G1 X93.76 Y83.681 E.09081
G1 X95.672 Y83.71 E.06473
G1 X95.657 Y83.784 E.00256
G1 X95.657 Y85.002 E.04123
G1 X94.484 Y83.829 E.05615
M204 P2000
G1 E-2.5 F4200
G1 Z9.6 F720
G1 X96.135 Y83.763 F10800
G1 Z9.4 F720
G1 E2.5 F2400
M204 P4000
;TYPE:Internal infill
;WIDTH:0.45
G1 F3600
G1 X96.131 Y83.72 E.00146
G1 X96.277 Y83.723 E.00494
G1 X96.064 Y83.936 E.0102
G1 X96.064 Y84.55 E.02078
G1 X98.255 Y86.741 E.10488
G1 X98.248 Y86.358 E.01297
G1 X96.064 Y88.542 E.10455
G1 X96.064 Y89.155 E.02075
G1 X98.273 Y91.365 E.10577
G1 X98.277 Y90.934 E.01459
G1 X96.064 Y93.148 E.10596
G1 X96.064 Y93.761 E.02075
G1 X98.187 Y95.885 E.10165
G1 X98.194 Y95.623 E.00887
G1 X97.566 Y96.25 E.03004
G1 X96.278 Y96.278 E.04361
G1 X96.064 Y96.064 E.01024
G1 X96.064 Y95.45 E.02078
G1 X98.255 Y93.259 E.10488
G1 X98.245 Y93.64 E.0129
G1 X96.064 Y91.458 E.10443
G1 X96.064 Y90.845 E.02075
G1 X98.275 Y88.634 E.10584
G1 X98.279 Y89.068 E.01469
G1 X96.064 Y86.852 E.10605
G1 X96.064 Y86.239 E.02075
G1 X98.185 Y84.118 E.10153
G1 X98.192 Y84.375 E.0087
G1 X97.567 Y83.75 E.02992
G1 X96.481 Y83.727 E.03677
M204 P2000
G1 E-2.5 F4200
G1 Z9.6 F720
G1 X98.599 Y96.198 F10800
G1 Z9.4 F720
G1 E2.5 F2400
M204 P4000
;TYPE:Solid infill
;WIDTH:0.509358
G1 F3600
G1 X98.61 Y96.111 E.0034
;WIDTH:0.491722
G1 X98.651 Y94.312 E.06715
;WIDTH:0.481804
G1 X98.667 Y93.085 E.04478
;WIDTH:0.451004
G1 X98.682 Y89.782 E.11208
;WIDTH:0.461052
G1 X98.666 Y86.558 E.11209
;WIDTH:0.493662
G1 X98.632 Y84.752 E.0677
;WIDTH:0.49465
G1 X98.608 Y83.889 E.03243
;WIDTH:0.511192
G1 X98.597 Y83.803 E.00338
M204 P2000
;LAYER_CHANGE
;Z:9.6
;HEIGHT:0.200001
;BEFORE_LAYER_CHANGE
G92 E0.0
;9.6
M201 X3996.34 Y3996.34

G1 E-2.5 F4200
G1 Z9.6 F720
;AFTER_LAYER_CHANGE
;9.6
M74 W1.58985

G1 Z9.8
G1 X80.916 Y96.653 F10800
G1 Z9.6 F720
G1 E2.5 F2400
M204 P2500
;TYPE:Perimeter
;WIDTH:0.449999
G1 F3600
G3 X80.882 Y94.585 I78.056 J-2.297 E.07001
G1 X80.886 Y84.778 E.33195
G1 X80.918 Y83.347 E.04845
G1 X83.49 Y83.302 E.08707
G1 X86.444 Y83.27 E.1
G1 X90.768 Y83.258 E.14636
G1 X94.315 Y83.277 E.12006
G1 X99.084 Y83.348 E.16144
G3 X99.118 Y85.404 I-77.522 J2.285 E.0696
G1 X99.118 Y85.425 E.00071
G1 X99.114 Y95.222 E.33162
G1 X99.082 Y96.652 E.04842
G1 X94.08 Y96.726 E.16933
G1 X89.758 Y96.743 E.1463
G1 X84.637 Y96.713 E.17334
G1 X80.976 Y96.654 E.12394
M204 P2000
G1 X80.519 Y97.054 F10800
;TYPE:External perimeter
G1 F2400
G1 X80.488 Y95.9 E.03908
G1 X80.475 Y94.587 E.04445
G1 X80.475 Y93.804 E.0265
G1 X80.478 Y85.563 E.27895
G1 X80.479 Y84.774 E.02671
M73 Q22 S40
G1 X80.52 Y82.946 E.06189
G1 X83.484 Y82.895 E.10034
G1 X86.441 Y82.863 E.1001
G1 X87.173 Y82.861 E.02478
G1 X90.043 Y82.853 E.09715
G1 X90.768 Y82.851 E.02454
G1 X95.055 Y82.881 E.14511
G1 X98.684 Y82.935 E.12285
G1 X99.481 Y82.947 E.02698
G1 X99.512 Y84.1 E.03904
G1 X99.525 Y85.4 E.04401
G1 X99.525 Y85.426 E.00088
G1 X99.525 Y86.208 E.02647
G1 X99.522 Y94.437 E.27854
G1 X99.521 Y95.226 E.02671
G1 X99.48 Y97.053 E.06186
G1 X98.684 Y97.065 E.02695
G1 X94.818 Y97.122 E.13087
G1 X93.349 Y97.136 E.04973
G1 X90.482 Y97.147 E.09705
G1 X89.032 Y97.146 E.04908
G1 X85.374 Y97.124 E.12382
G1 X84.632 Y97.12 E.02512
G1 X83.891 Y97.108 E.02509
G1 X81.316 Y97.066 E.08717
G1 X80.579 Y97.054 E.02495
G1 X80.51 Y96.661 F10800
G1 E-2.5 F4200
G1 Z9.8 F720
G1 X81.369 Y83.722 F10800
G1 Z9.6 F720
G1 E2.5 F2400
M204 P4000
;TYPE:Solid infill
;WIDTH:0.554572
G1 F3600
G2 X81.353 Y83.783 I-.058 J.017 E.01357
;WIDTH:0.449999
G1 X82.022 Y83.674 E.02294
G1 X81.239 Y84.456 E.03746
G1 X81.232 Y85.04 E.01977
G1 X82.608 Y83.663 E.06589
G1 X83.193 Y83.653 E.0198
G1 X81.231 Y85.615 E.09392
G1 X81.231 Y86.191 E.0195
G1 X83.777 Y83.645 E.12188
G1 X84.36 Y83.639 E.01973
G1 X81.231 Y86.767 E.14976
G1 X81.231 Y87.343 E.0195
G1 X84.942 Y83.632 E.17764
G1 X85.524 Y83.626 E.0197
G1 X81.231 Y87.919 E.2055
G1 X81.23 Y88.495 E.0195
G1 X86.106 Y83.62 E.23339
G1 X86.686 Y83.615 E.01963
G1 X81.23 Y89.071 E.26118
G1 X81.23 Y89.647 E.0195
G1 X87.263 Y83.614 E.2888
G1 X87.84 Y83.612 E.01953
G1 X81.23 Y90.223 E.31644
G1 X81.23 Y90.799 E.0195
M73 P22 R40
G1 X88.418 Y83.61 E.34411
G1 X88.995 Y83.609 E.01953
G1 X81.229 Y91.375 E.37175
G1 X81.229 Y91.95 E.01946
G1 X89.572 Y83.607 E.39937
G1 X90.15 Y83.606 E.01956
G1 X81.229 Y92.526 E.42702
G1 X81.229 Y93.102 E.0195
G1 X90.727 Y83.604 E.45466
G1 X91.3 Y83.607 E.0194
G1 X81.228 Y93.678 E.48212
G1 X81.228 Y94.254 E.0195
G1 X91.873 Y83.61 E.50955
G1 X92.445 Y83.613 E.01936
G1 X81.232 Y94.826 E.53676
G1 X81.24 Y95.393 E.01919
G1 X93.018 Y83.616 E.56378
G1 X93.591 Y83.619 E.0194
G1 X81.249 Y95.961 E.5908
G1 X81.192 Y96.434 E.01613
;WIDTH:0.38292
G1 X81.151 Y96.445 E.0012
G1 X81.132 Y96.374 E.00208
G1 X81.203 Y96.393 E.00208
;WIDTH:0.41646
G1 X81.336 Y96.355 E.0043
;WIDTH:0.449999
G1 X81.469 Y96.316 E.00469
G1 X94.163 Y83.622 E.60765
G1 X94.732 Y83.629 E.01926
G1 X82.036 Y96.325 E.60775
G1 X82.603 Y96.334 E.01919
G1 X95.299 Y83.637 E.60777
G1 X95.786 Y83.539 E.01681
;WIDTH:0.38292
G1 X95.715 Y83.52 E.00208
G1 X95.734 Y83.591 E.00208
G1 X95.775 Y83.58 E.0012
;WIDTH:0.41646
G1 X95.716 Y83.718 E.00466
;WIDTH:0.449999
G1 X95.657 Y83.856 E.00508
G1 X83.169 Y96.343 E.59777
G1 X83.736 Y96.352 E.01919
G1 X95.657 Y84.431 E.57065
G1 X95.657 Y85.007 E.0195
G1 X84.302 Y96.361 E.54353
G1 X84.871 Y96.368 E.01926
G1 X95.657 Y85.583 E.5163
G1 X95.657 Y86.158 E.01946
G1 X85.443 Y96.372 E.48894
G1 X86.016 Y96.375 E.0194
G1 X95.657 Y86.734 E.46151
G1 X95.657 Y87.31 E.0195
G1 X86.588 Y96.378 E.4341
G1 X87.16 Y96.382 E.01936
G1 X95.657 Y87.886 E.40672
G1 X95.657 Y88.461 E.01946
G1 X87.733 Y96.385 E.37932
G1 X88.305 Y96.388 E.01936
G1 X95.657 Y89.037 E.35191
G1 X95.657 Y89.613 E.0195
G1 X88.878 Y96.392 E.32451
G1 X89.45 Y96.395 E.01936
G1 X95.657 Y90.188 E.29713
G1 X95.657 Y90.764 E.0195
G1 X90.025 Y96.396 E.2696
G1 X90.603 Y96.393 E.01956
G1 X95.657 Y91.34 E.24191
G1 X95.657 Y91.915 E.01946
G1 X91.181 Y96.391 E.21426
G1 X91.759 Y96.389 E.01956
G1 X95.657 Y92.491 E.18659
G1 X95.657 Y93.067 E.0195
G1 X92.337 Y96.387 E.15893
G1 X92.915 Y96.384 E.01956
G1 X95.657 Y93.643 E.13123
G1 X95.657 Y94.218 E.01946
G1 X93.493 Y96.382 E.10359
M204 P2000
G1 E-2.5 F4200
G1 Z9.8 F720
G1 X95.513 Y94.938 F10800
G1 Z9.6 F720
G1 E2.5 F2400
M204 P4000
G1 F3600
G1 X94.075 Y96.376 E.06884
G1 X95.674 Y96.356 E.05413
G3 X95.657 Y94.794 I28.203 J-1.098 E.05288
M204 P2000
G1 X95.259 Y95.886 F10800
M204 P4000
;WIDTH:0.554296
G1 F3600
G2 X95.242 Y95.948 I-.059 J.017 E.0135
M204 P2000
G1 E-2.5 F4200
G1 Z9.8 F720
G1 X97.284 Y96.333 F10800
G1 Z9.6 F720
G1 E2.5 F2400
M204 P4000
;TYPE:Internal infill
;WIDTH:0.45
G1 F3600
G1 X96.346 Y96.346 E.03175
G1 X96.064 Y96.064 E.0135
G1 X96.064 Y95.45 E.02078
G1 X98.37 Y93.143 E.11041
G1 X98.359 Y93.754 E.02068
G1 X96.064 Y91.458 E.10988
G1 X96.064 Y90.845 E.02075
G1 X98.382 Y88.526 E.11099
G1 X98.385 Y89.174 E.02193
G1 X96.064 Y86.852 E.11113
G1 X96.064 Y86.239 E.02075
G1 X98.303 Y84 E.10718
G1 X98.316 Y84.5 E.01693
G1 X97.487 Y83.67 E.03971
G1 X96.347 Y83.653 E.03859
G1 X96.064 Y83.936 E.01355
G1 X96.064 Y84.55 E.02078
G1 X98.366 Y86.852 E.1102
G1 X98.36 Y86.246 E.02051
G1 X96.064 Y88.542 E.10991
G1 X96.064 Y89.155 E.02075
G1 X98.377 Y91.469 E.11075
G1 X98.38 Y90.831 E.0216
G1 X96.064 Y93.148 E.11089
G1 X96.064 Y93.761 E.02075
G1 X98.305 Y96.002 E.10728
G1 X98.32 Y95.497 E.0171
G1 X97.487 Y96.33 E.03988
G1 X98.177 Y96.319 E.02336
G3 X98.254 Y96.186 I.11 J-.025 E.00573
M204 P2000
G1 E-2.5 F4200
G1 Z9.8 F720
G1 X98.716 Y83.719 F10800
G1 Z9.6 F720
G1 E2.5 F2400
M204 P4000
;TYPE:Solid infill
;WIDTH:0.5103
G1 F3600
G1 X98.726 Y83.805 E.00336
;WIDTH:0.492556
G1 X98.76 Y85.417 E.06028
;WIDTH:0.473542
G1 X98.768 Y86.024 E.02174
;WIDTH:0.457044
G1 X98.782 Y88.908 E.09931
;WIDTH:0.440022
G1 X98.774 Y93.063 E.13719
;WIDTH:0.469776
G1 X98.759 Y94.747 E.05977
;WIDTH:0.489446
G1 X98.726 Y96.196 E.05381
;WIDTH:0.507032
G1 X98.716 Y96.283 E.00338
M204 P2000
;LAYER_CHANGE
;Z:9.8
;HEIGHT:0.2
;BEFORE_LAYER_CHANGE
G92 E0.0
;9.8
M201 X3996.19 Y3996.19

G1 E-2.5 F4200
G1 Z9.8 F720
;AFTER_LAYER_CHANGE
;9.8
M74 W1.65712

G1 Z10
G1 X80.801 Y96.739 F10800
G1 Z9.8 F720
G1 E2.5 F2400
M204 P2500
;TYPE:Perimeter
;WIDTH:0.449999
G1 F3600
G1 X80.782 Y95.747 E.03358
G1 X80.784 Y83.87 E.40202
G1 X80.798 Y83.262 E.02059
G1 X86.116 Y83.215 E.18001
G1 X94.59 Y83.219 E.28683
G1 X99.199 Y83.261 E.15602
G1 X99.218 Y84.262 E.03389
G1 X99.216 Y96.13 E.40172
G1 X99.202 Y96.739 E.02062
G1 X94.448 Y96.783 E.16092
G1 X89.605 Y96.793 E.16393
G1 X84.282 Y96.775 E.18018
G1 X80.861 Y96.74 E.1158
M204 P2000
G1 X80.401 Y97.142 F10800
;TYPE:External perimeter
G1 F2400
G1 X80.375 Y95.751 E.04709
G1 X80.375 Y94.965 E.02661
G1 X80.377 Y84.656 E.34895
G1 F2607.147
G1 X80.377 Y83.865 E.02677
G1 F2648.974
G1 X80.4 Y82.858 E.03409
G1 F2606.901
G1 X81.196 Y82.851 E.02694
G1 F2431.928
G1 X85.381 Y82.814 E.14166
G1 F2400
G1 X86.115 Y82.808 E.02485
G1 X86.848 Y82.808 E.02481
G1 X93.856 Y82.811 E.23721
G1 X94.592 Y82.812 E.02491
G1 X95.328 Y82.819 E.02491
G1 X98.804 Y82.851 E.11766
G1 X99.599 Y82.858 E.02691
G1 X99.625 Y84.236 E.04665
G1 X99.625 Y84.262 E.00088
G1 X99.625 Y85.048 E.02661
G1 X99.623 Y95.344 E.34851
G1 F2606.891
G1 X99.623 Y96.135 E.02677
G1 F2648.667
G1 X99.6 Y97.142 E.03409
G1 F2606.646
G1 X98.804 Y97.149 E.02694
G1 F2444.104
G1 X95.186 Y97.183 E.12247
G1 F2400
G1 X94.45 Y97.19 E.02491
G1 X93.714 Y97.191 E.02491
G1 X90.33 Y97.198 E.11454
G1 X88.879 Y97.197 E.04911
G1 X85.022 Y97.184 E.13056
G1 X84.279 Y97.182 E.02515
G1 X80.461 Y97.143 E.12924
G1 X80.394 Y96.748 F10800
G1 X81.174 Y96.284
M204 P4000
;TYPE:Solid infill
;WIDTH:0.552984
G1 F3600
G2 X81.236 Y96.301 I.018 J.059 E.01342
;WIDTH:0.449999
G1 X81.898 Y96.404 E.02268
G1 X81.128 Y95.635 E.03684
G1 X81.128 Y95.059 E.0195
G1 X82.48 Y96.41 E.0647
G1 X83.061 Y96.416 E.01967
G1 X81.128 Y94.483 E.09253
G1 X81.128 Y93.908 E.01946
G1 X83.643 Y96.422 E.12037
G1 X84.225 Y96.428 E.0197
G1 X81.129 Y93.332 E.1482
G1 X81.129 Y92.757 E.01946
G1 X84.803 Y96.431 E.17587
G1 X85.38 Y96.433 E.01953
G1 X81.129 Y92.181 E.20352
G1 X81.129 Y91.605 E.0195
G1 X85.958 Y96.435 E.23119
G1 X86.536 Y96.436 E.01956
G1 X81.129 Y91.03 E.25881
G1 X81.129 Y90.454 E.0195
G1 X87.113 Y96.438 E.28645
G1 X87.691 Y96.44 E.01956
G1 X81.129 Y89.879 E.31409
G1 X81.129 Y89.303 E.0195
G1 X88.269 Y96.442 E.34176
G1 X88.846 Y96.444 E.01953
G1 X81.129 Y88.727 E.36941
G1 X81.129 Y88.152 E.01946
G1 X89.424 Y96.446 E.39705
G1 X89.999 Y96.446 E.01946
G1 X81.13 Y87.576 E.42458
G1 X81.13 Y87.001 E.01946
G1 X90.574 Y96.445 E.45208
G1 X91.148 Y96.444 E.01943
G1 X81.13 Y86.425 E.47958
G1 X81.13 Y85.849 E.0195
G1 X91.723 Y96.442 E.50708
G1 X92.297 Y96.441 E.01943
G1 X81.13 Y85.274 E.53456
G1 X81.13 Y84.698 E.0195
G1 X92.872 Y96.44 E.56208
G1 X93.446 Y96.439 E.01943
G1 X81.13 Y84.123 E.58956
G1 X81.188 Y83.604 E.01768
G1 X94.021 Y96.438 E.61433
G1 X94.594 Y96.435 E.0194
G1 X81.758 Y83.599 E.61445
G1 X82.329 Y83.594 E.01933
G1 X95.165 Y96.43 E.61445
G1 X95.78 Y96.561 E.02128
;WIDTH:0.38292
G1 X95.579 Y96.579 E.00571
;WIDTH:0.41646
G1 X95.618 Y96.463 E.0038
;WIDTH:0.449999
G1 X95.657 Y96.346 E.00417
G1 X82.9 Y83.589 E.61067
G1 X83.47 Y83.584 E.01929
G1 X95.657 Y95.77 E.58336
G1 X95.657 Y95.195 E.01946
G1 X84.041 Y83.579 E.55605
G1 X84.612 Y83.574 E.01933
G1 X95.657 Y94.619 E.52872
G1 X95.657 Y94.043 E.0195
G1 X85.182 Y83.569 E.50141
G1 X85.753 Y83.564 E.01933
G1 X95.657 Y93.468 E.4741
G1 X95.657 Y92.892 E.0195
G1 X86.325 Y83.561 E.44669
G1 X86.901 Y83.561 E.0195
G1 X95.657 Y92.316 E.41912
G1 X95.657 Y91.741 E.01946
G1 X87.477 Y83.561 E.39157
G1 X88.053 Y83.562 E.0195
G1 X95.657 Y91.165 E.36397
G1 X95.657 Y90.589 E.0195
G1 X88.629 Y83.562 E.3364
G1 X89.205 Y83.562 E.0195
G1 X95.657 Y90.014 E.30885
G1 X95.657 Y89.438 E.0195
G1 X89.781 Y83.563 E.28126
G1 X90.357 Y83.563 E.0195
G1 X95.657 Y88.862 E.25368
G1 X95.657 Y88.286 E.0195
G1 X90.933 Y83.563 E.22611
G1 X91.509 Y83.563 E.0195
G1 X95.657 Y87.711 E.19856
G1 X95.657 Y87.135 E.0195
G1 X92.085 Y83.564 E.17097
G1 X92.661 Y83.564 E.0195
G1 X95.657 Y86.559 E.14339
G1 X95.657 Y85.984 E.01946
G1 X93.237 Y83.564 E.11584
G1 X93.813 Y83.565 E.0195
G1 X95.657 Y85.408 E.08825
M204 P2000
G1 E-2.5 F4200
G1 Z10 F720
G1 X94.536 Y83.711 F10800
G1 Z9.8 F720
G1 E2.5 F2400
M204 P4000
G1 F3600
G1 X95.657 Y84.832 E.05366
G1 X95.657 Y83.646 E.04014
G1 X95.671 Y83.575 E.00245
G1 X94.392 Y83.568 E.04329
M204 P2000
G1 E-2.5 F4200
G1 Z10 F720
G1 X97.204 Y83.589 F10800
G1 Z9.8 F720
G1 E2.5 F2400
M204 P4000
;TYPE:Internal infill
;WIDTH:0.45
G1 F3600
G1 X96.418 Y83.582 E.02661
G1 X96.064 Y83.936 E.01695
G1 X96.064 Y84.55 E.02078
G1 X98.479 Y86.965 E.1156
G1 X98.47 Y86.135 E.0281
G1 X96.064 Y88.542 E.1152
G1 X96.064 Y89.155 E.02075
G1 X98.482 Y91.574 E.11577
G1 X98.483 Y90.728 E.02864
G1 X96.064 Y93.148 E.11582
G1 X96.064 Y93.761 E.02075
G1 X98.424 Y96.121 E.11297
G1 X98.446 Y95.371 E.0254
G1 X97.407 Y96.409 E.04971
G1 X96.418 Y96.418 E.03348
G1 X96.064 Y96.064 E.01695
G1 X96.064 Y95.45 E.02078
G1 X98.48 Y93.034 E.11565
G1 X98.472 Y93.867 E.0282
G1 X96.064 Y91.458 E.11529
G1 X96.064 Y90.845 E.02075
G1 X98.486 Y88.423 E.11594
G1 X98.485 Y89.273 E.02877
G1 X96.064 Y86.852 E.11589
G1 X96.064 Y86.239 E.02075
G1 X98.422 Y83.881 E.11288
G1 X98.442 Y84.626 E.02523
G1 X97.408 Y83.591 E.04952
G1 X98.295 Y83.599 E.03003
G2 X98.348 Y83.707 I.074 J.031 E.00462
M204 P2000
G1 E-2.5 F4200
G1 Z10 F720
G1 X98.836 Y96.367 F10800
G1 Z9.8 F720
G1 E2.5 F2400
M204 P4000
;TYPE:Solid infill
;WIDTH:0.507092
G1 F3600
G1 X98.863 Y95.245 E.04332
;WIDTH:0.463044
G1 X98.879 Y93.405 E.06428
;WIDTH:0.433228
G1 X98.882 Y87.745 E.18369
;WIDTH:0.451878
G1 X98.871 Y85.382 E.08035
;WIDTH:0.482324
G1 X98.856 Y84.256 E.04114
;WIDTH:0.486748
G1 X98.844 Y83.721 E.01975
;WIDTH:0.505598
G1 X98.832 Y83.632 E.00345
M204 P2000
M106 S198.9
;LAYER_CHANGE
;Z:10
;HEIGHT:0.2
;BEFORE_LAYER_CHANGE
G92 E0.0
;10
M201 X3996.03 Y3996.03

G1 E-2.5 F4200
G1 Z10 F720
;AFTER_LAYER_CHANGE
;10
M74 W1.72567

G1 Z10.2
G1 X80.682 Y96.784 F10800
G1 Z10 F720
G1 E2.5 F2400
M204 P2500
;TYPE:Perimeter
;WIDTH:0.449999
G1 F3600
G1 X80.683 Y83.177 E.46058
G1 X99.318 Y83.177 E.63077
G1 X99.317 Y96.823 E.4619
G1 X80.703 Y96.823 E.63006
M204 P2000
G1 X80.298 Y97.23 F10800
;TYPE:External perimeter
G1 F2605.671
G1 X80.281 Y97.23 E.00058
G1 F2647.437
G1 X80.275 Y96.916 E.01063
G1 F2605.839
G1 X80.275 Y96.124 E.02681
G1 F2400
G1 X80.276 Y83.753 E.41874
G1 F2609.22
G1 X80.276 Y82.959 E.02688
G1 F2651.667
G1 X80.28 Y82.77 E.0064
G1 F2609.14
G1 X81.076 Y82.77 E.02694
G1 F2400
G1 X98.924 Y82.77 E.60413
G1 F2605.578
M73 Q23 S40
G1 X99.719 Y82.77 E.02691
G1 F2647.325
G1 X99.725 Y83.087 E.01073
G1 F2605.75
G1 X99.725 Y83.879 E.02681
G1 F2400
G1 X99.724 Y96.247 E.41864
G1 F2609.219
G1 X99.724 Y97.041 E.02688
G1 F2651.666
G1 X99.72 Y97.23 E.0064
G1 F2609.139
G1 X98.924 Y97.23 E.02694
G1 F2400
G1 X81.076 Y97.23 E.60413
G1 F2605.671
G1 X80.358 Y97.23 E.0243
G1 X80.273 Y96.839 F10800
G1 E-2.5 F4200
G1 Z10.2 F720
G1 X95.841 Y95.851 F10800
G1 Z10 F720
G1 E2.5 F2400
M204 P1000
;TYPE:Top solid infill
;WIDTH:0.421153
G1 X95.031 Y96.662 E.03605
M204 P2000
G1 X94.496 Y96.662 F10800
M204 P1000
G1 F2400
G1 X95.841 Y95.316 E.05984
M204 P2000
G1 X95.841 Y94.781 F10800
M204 P1000
G1 F2400
G1 X93.961 Y96.662 E.08364
M204 P2000
G1 X93.426 Y96.662 F10800
M204 P1000
G1 F2400
G1 X95.841 Y94.246 E.10743
M204 P2000
G1 X95.841 Y93.711 F10800
M204 P1000
G1 F2400
G1 X92.891 Y96.662 E.13123
M204 P2000
G1 X92.356 Y96.662 F10800
M204 P1000
G1 F2400
G1 X95.841 Y93.176 E.15503
M204 P2000
G1 X95.841 Y92.642 F10800
M204 P1000
G1 F2400
G1 X91.821 Y96.662 E.1788
M204 P2000
G1 X91.286 Y96.662 F10800
M204 P1000
G1 F2400
G1 X95.841 Y92.107 E.20259
M204 P2000
G1 X95.841 Y91.572 F10800
M204 P1000
G1 F2400
G1 X90.751 Y96.662 E.22639
M204 P2000
G1 X90.216 Y96.662 F10800
M204 P1000
G1 F2400
G1 X95.841 Y91.037 E.25018
M204 P2000
G1 X95.841 Y90.502 F10800
M204 P1000
G1 F2400
G1 X89.681 Y96.662 E.27398
M204 P2000
G1 X89.147 Y96.662 F10800
M204 P1000
G1 F2400
G1 X95.841 Y89.967 E.29775
M204 P2000
G1 X95.841 Y89.432 F10800
M204 P1000
G1 F2400
G1 X88.612 Y96.662 E.32155
M204 P2000
G1 X88.077 Y96.662 F10800
M204 P1000
G1 F2400
G1 X95.841 Y88.897 E.34534
M204 P2000
G1 X95.841 Y88.362 F10800
M204 P1000
G1 F2400
G1 X87.542 Y96.662 E.36914
M204 P2000
G1 X87.007 Y96.662 F10800
M204 P1000
G1 F2400
M73 P23 R40
G1 X95.841 Y87.827 E.39293
M204 P2000
G1 X95.841 Y87.293 F10800
M73 P23 R39
M204 P1000
G1 F2400
G1 X86.472 Y96.662 E.41671
M204 P2000
G1 X85.937 Y96.662 F10800
M204 P1000
G1 F2400
G1 X95.841 Y86.758 E.4405
M204 P2000
G1 X95.841 Y86.223 F10800
M204 P1000
G1 F2400
G1 X85.402 Y96.662 E.4643
M204 P2000
G1 X84.867 Y96.662 F10800
M204 P1000
G1 F2400
G1 X95.841 Y85.688 E.48809
M204 P2000
G1 X95.841 Y85.153 F10800
M204 P1000
G1 F2400
G1 X84.332 Y96.662 E.51189
M204 P2000
G1 X83.798 Y96.662 F10800
M204 P1000
G1 F2400
G1 X95.841 Y84.618 E.53566
M204 P2000
G1 X95.841 Y84.083 F10800
M204 P1000
G1 F2400
G1 X83.263 Y96.662 E.55946
M204 P2000
G1 X82.728 Y96.662 F10800
M204 P1000
G1 F2400
G1 X95.841 Y83.548 E.58325
M204 P2000
G1 X95.516 Y83.338 F10800
M204 P1000
G1 F2400
G1 X82.193 Y96.662 E.59259
M204 P2000
G1 X81.658 Y96.662 F10800
M204 P1000
G1 F2400
G1 X94.981 Y83.338 E.59259
M204 P2000
G1 X94.446 Y83.338 F10800
M204 P1000
G1 F2400
G1 X81.123 Y96.662 E.59259
M204 P2000
G1 X80.843 Y96.406 F10800
M204 P1000
G1 F2400
G1 X93.911 Y83.338 E.58123
M204 P2000
G1 X93.377 Y83.338 F10800
M204 P1000
G1 F2400
G1 X80.843 Y95.871 E.55746
M204 P2000
G1 X80.843 Y95.336 F10800
M204 P1000
G1 F2400
G1 X92.842 Y83.338 E.53366
M204 P2000
G1 X92.307 Y83.338 F10800
M204 P1000
G1 F2400
G1 X80.844 Y94.802 E.50987
M204 P2000
G1 X80.844 Y94.267 F10800
M204 P1000
G1 F2400
G1 X91.772 Y83.338 E.48607
M204 P2000
G1 X91.237 Y83.338 F10800
M204 P1000
G1 F2400
G1 X80.844 Y93.732 E.46227
M204 P2000
G1 X80.844 Y93.197 F10800
M204 P1000
G1 F2400
G1 X90.702 Y83.338 E.43848
M204 P2000
G1 X90.167 Y83.338 F10800
M204 P1000
G1 F2400
G1 X80.844 Y92.662 E.41468
M204 P2000
G1 X80.844 Y92.127 F10800
M204 P1000
G1 F2400
G1 X89.632 Y83.338 E.39089
M204 P2000
G1 X89.097 Y83.338 F10800
M204 P1000
G1 F2400
G1 X80.844 Y91.592 E.36709
M204 P2000
G1 X80.844 Y91.057 F10800
M204 P1000
G1 F2400
G1 X88.562 Y83.338 E.3433
M204 P2000
G1 X88.028 Y83.338 F10800
M204 P1000
G1 F2400
G1 X80.844 Y90.522 E.31952
M204 P2000
G1 X80.844 Y89.987 F10800
M204 P1000
G1 F2400
G1 X87.493 Y83.338 E.29573
M204 P2000
G1 X86.958 Y83.338 F10800
M204 P1000
G1 F2400
G1 X80.844 Y89.452 E.27193
M204 P2000
G1 X80.844 Y88.917 F10800
M204 P1000
G1 F2400
G1 X86.423 Y83.338 E.24814
M204 P2000
G1 X85.888 Y83.338 F10800
M204 P1000
G1 F2400
G1 X80.844 Y88.382 E.22434
M204 P2000
G1 X80.844 Y87.847 F10800
M204 P1000
G1 F2400
G1 X85.353 Y83.338 E.20055
M204 P2000
G1 X84.818 Y83.338 F10800
M204 P1000
G1 F2400
G1 X80.844 Y87.313 E.17678
M204 P2000
G1 X80.844 Y86.778 F10800
M204 P1000
G1 F2400
G1 X84.283 Y83.338 E.15298
M204 P2000
G1 X83.748 Y83.338 F10800
M204 P1000
G1 F2400
G1 X80.844 Y86.243 E.12918
M204 P2000
G1 X80.844 Y85.708 F10800
M204 P1000
G1 F2400
G1 X83.213 Y83.338 E.10539
M204 P2000
G1 X82.678 Y83.338 F10800
M204 P1000
G1 F2400
G1 X80.844 Y85.173 E.08159
M204 P2000
G1 X80.844 Y84.638 F10800
M204 P1000
G1 F2400
G1 X82.144 Y83.338 E.05782
M204 P2000
G1 X81.609 Y83.338 F10800
M204 P1000
G1 F2400
G1 X80.844 Y84.103 E.03403
M204 P2000
G1 E-2.5 F4200
G1 Z10.2 F720
G1 X98.584 Y90.424 F10800
G1 Z10 F720
G1 E2.5 F2400
M204 P4000
;TYPE:Internal infill
;WIDTH:0.45
G1 F3600
G1 X98.585 Y89.373 E.03558
G1 X96.064 Y86.852 E.12068
G1 X96.064 Y86.239 E.02075
G1 X98.541 Y83.761 E.1186
G1 X98.568 Y84.751 E.03352
G1 X97.34 Y83.523 E.05878
G1 X96.477 Y83.523 E.02921
G1 X96.064 Y83.936 E.01977
G1 X96.064 Y84.55 E.02078
G1 X98.586 Y87.072 E.12073
G1 X98.586 Y86.581 E.01662
G1 X98.581 Y86.025 E.01882
G1 X96.064 Y88.542 E.12049
G1 X96.064 Y89.155 E.02075
G1 X98.583 Y91.675 E.12061
G1 X98.584 Y90.627 E.03547
G1 X96.064 Y93.148 E.12065
G1 X96.064 Y93.761 E.02075
G1 X98.542 Y96.24 E.11864
G1 X98.562 Y95.254 E.03338
G1 X97.34 Y96.477 E.05852
G1 X96.477 Y96.477 E.02921
G1 X96.064 Y96.064 E.01977
G1 X96.064 Y95.45 E.02078
G1 X98.582 Y92.932 E.12054
G1 X98.582 Y93.976 E.03534
G1 X96.064 Y91.458 E.12054
G1 X96.064 Y90.845 E.02075
G1 X98.585 Y88.323 E.1207
G1 X98.586 Y87.276 E.03544
M204 P2000
G1 E-2.5 F4200
G1 Z10.2 F720
G1 X98.948 Y83.547 F10800
G1 Z10 F720
G1 E2.5 F2400
M204 P4000
;TYPE:Solid infill
;WIDTH:0.498624
G1 F3600
G1 X98.959 Y83.64 E.00355
;WIDTH:0.476434
G1 X98.973 Y84.747 E.03991
;WIDTH:0.446664
G1 X98.983 Y86.58 E.06154
;WIDTH:0.432908
G1 X98.98 Y94.317 E.25089
;WIDTH:0.474148
G1 X98.959 Y96.359 E.07322
;WIDTH:0.49671
G1 X98.948 Y96.454 E.00361
M204 P2000
M106 S204
;LAYER_CHANGE
;Z:10.2
;HEIGHT:0.2
;BEFORE_LAYER_CHANGE
G92 E0.0
;10.2
M201 X3995.87 Y3995.87

G1 E-2.5 F4200
G1 Z10.2 F720
;AFTER_LAYER_CHANGE
;10.2
M74 W1.79512

G1 Z10.4
M73 Q23 S39
G1 X95.632 Y96.868 F10800
G1 Z10.2 F720
G1 E2.5 F2400
M204 P2500
;TYPE:Perimeter
;WIDTH:0.449999
G1 F900
G1 X95.632 Y83.132 E.46495
G1 X99.368 Y83.132 E.12646
G1 X99.368 Y96.868 E.46495
G1 X95.692 Y96.868 E.12443
M204 P2000
G1 X95.225 Y97.275 F10800
;TYPE:External perimeter
G1 F900
G1 X95.225 Y96.569 E.0239
G1 X95.225 Y83.432 E.44467
G1 X95.225 Y82.725 E.02393
G1 X95.932 Y82.725 E.02393
G1 X99.045 Y82.725 E.10537
G1 X99.775 Y82.725 E.02471
G1 X99.775 Y83.455 E.02471
G1 X99.775 Y96.545 E.44308
G1 X99.775 Y97.275 E.02471
G1 X99.045 Y97.275 E.02471
G1 X95.931 Y97.275 E.10541
G1 X95.285 Y97.275 E.02187
G1 X95.226 Y96.879 F10800
G1 E-2.5 F4200
G1 Z10.4 F720
G1 X99.022 Y94.998 F10800
G1 Z10.2 F720
G1 E2.5 F2400
M204 P4000
;TYPE:Internal infill
;WIDTH:0.45
G1 F900
G1 X99.022 Y96.522 E.05159
G1 X98.825 Y96.522 E.00667
G1 X95.978 Y93.675 E.13628
G1 X95.978 Y93.233 E.01496
G1 X99.022 Y90.189 E.14571
G1 X99.022 Y89.811 E.01279
G1 X95.978 Y86.767 E.14571
G1 X95.978 Y86.325 E.01496
G1 X98.825 Y83.478 E.13628
G1 X97.295 Y83.478 E.05179
G1 X99.022 Y85.205 E.08267
G1 X99.022 Y85.584 E.01283
G1 X95.978 Y88.627 E.14569
G1 X95.978 Y89.07 E.015
G1 X99.022 Y92.114 E.14571
G1 X99.022 Y92.492 E.01279
G1 X95.978 Y95.536 E.14571
G1 X95.978 Y95.978 E.01496
G1 X96.522 Y96.522 E.02604
G1 X97.295 Y96.522 E.02617
G1 X99.022 Y94.795 E.08267
G1 X99.022 Y94.416 E.01283
G1 X95.978 Y91.373 E.14569
G1 X95.978 Y90.93 E.015
G1 X99.022 Y87.886 E.14571
G1 X99.022 Y87.508 E.01279
G1 X95.978 Y84.464 E.14571
G1 X95.978 Y84.022 E.01496
G1 X96.522 Y83.478 E.02604
G1 X95.978 Y83.478 E.01841
G1 X95.978 Y83.818 E.01151
M204 P2000
;LAYER_CHANGE
;Z:10.4
;HEIGHT:0.2
;BEFORE_LAYER_CHANGE
G92 E0.0
;10.4
M201 X3995.84 Y3995.84

G1 E-2.5 F4200
G1 Z10.4 F720
;AFTER_LAYER_CHANGE
;10.4
M74 W1.80839

G1 Z10.6
G1 X95.632 Y96.868 F10800
G1 Z10.4 F720
G1 E2.5 F2400
M204 P2500
;TYPE:Perimeter
;WIDTH:0.449999
G1 F900
G1 X95.632 Y83.132 E.46495
G1 X99.368 Y83.132 E.12646
G1 X99.368 Y96.868 E.46495
G1 X95.692 Y96.868 E.12443
M204 P2000
G1 X95.225 Y97.275 F10800
;TYPE:External perimeter
G1 F900
G1 X95.225 Y82.725 E.4925
G1 X99.775 Y82.725 E.15401
M73 Q24 S39
G1 X99.775 Y97.275 E.4925
G1 X95.285 Y97.275 E.15198
G1 X95.226 Y96.879 F10800
G1 E-2.5 F4200
G1 Z10.6 F720
G1 X99.022 Y94.998 F10800
G1 Z10.4 F720
G1 E2.5 F2400
M204 P4000
;TYPE:Internal infill
;WIDTH:0.45
G1 F900
G1 X99.022 Y96.522 E.05159
G1 X98.825 Y96.522 E.00667
G1 X95.978 Y93.675 E.13628
G1 X95.978 Y93.233 E.01496
G1 X99.022 Y90.189 E.14571
G1 X99.022 Y89.811 E.01279
G1 X95.978 Y86.767 E.14571
G1 X95.978 Y86.325 E.01496
G1 X98.825 Y83.478 E.13628
G1 X97.295 Y83.478 E.05179
G1 X99.022 Y85.205 E.08267
G1 X99.022 Y85.584 E.01283
G1 X95.978 Y88.627 E.14569
G1 X95.978 Y89.07 E.015
M73 P24 R39
G1 X99.022 Y92.114 E.14571
G1 X99.022 Y92.492 E.01279
G1 X95.978 Y95.536 E.14571
G1 X95.978 Y95.978 E.01496
G1 X96.522 Y96.522 E.02604
G1 X97.295 Y96.522 E.02617
G1 X99.022 Y94.795 E.08267
G1 X99.022 Y94.416 E.01283
G1 X95.978 Y91.373 E.14569
G1 X95.978 Y90.93 E.015
G1 X99.022 Y87.886 E.14571
G1 X99.022 Y87.508 E.01279
G1 X95.978 Y84.464 E.14571
G1 X95.978 Y84.022 E.01496
G1 X96.522 Y83.478 E.02604
G1 X95.978 Y83.478 E.01841
G1 X95.978 Y83.818 E.01151
M204 P2000
;LAYER_CHANGE
;Z:10.6
;HEIGHT:0.200001
;BEFORE_LAYER_CHANGE
G92 E0.0
;10.6
M201 X3995.81 Y3995.81

G1 E-2.5 F4200
G1 Z10.6 F720
;AFTER_LAYER_CHANGE
;10.6
M74 W1.82165

G1 Z10.8
G1 X95.632 Y96.868 F10800
G1 Z10.6 F720
G1 E2.5 F2400
M204 P2500
;TYPE:Perimeter
;WIDTH:0.449999
G1 F900
G1 X95.632 Y83.132 E.46495
G1 X99.368 Y83.132 E.12646
G1 X99.368 Y96.868 E.46495
G1 X95.692 Y96.868 E.12443
M204 P2000
G1 X95.225 Y97.275 F10800
;TYPE:External perimeter
G1 F900
G1 X95.225 Y82.725 E.4925
G1 X99.775 Y82.725 E.15401
G1 X99.775 Y97.275 E.4925
G1 X95.285 Y97.275 E.15198
G1 X95.226 Y96.879 F10800
G1 E-2.5 F4200
G1 Z10.8 F720
G1 X99.022 Y94.998 F10800
G1 Z10.6 F720
G1 E2.5 F2400
M204 P4000
;TYPE:Internal infill
;WIDTH:0.45
G1 F900
G1 X99.022 Y96.522 E.05159
G1 X98.825 Y96.522 E.00667
G1 X95.978 Y93.675 E.13628
G1 X95.978 Y93.233 E.01496
G1 X99.022 Y90.189 E.14571
G1 X99.022 Y89.811 E.01279
G1 X95.978 Y86.767 E.14571
G1 X95.978 Y86.325 E.01496
G1 X98.825 Y83.478 E.13628
G1 X97.295 Y83.478 E.05179
G1 X99.022 Y85.205 E.08267
G1 X99.022 Y85.584 E.01283
G1 X95.978 Y88.627 E.14569
G1 X95.978 Y89.07 E.015
G1 X99.022 Y92.114 E.14571
G1 X99.022 Y92.492 E.01279
G1 X95.978 Y95.536 E.14571
G1 X95.978 Y95.978 E.01496
G1 X96.522 Y96.522 E.02604
G1 X97.295 Y96.522 E.02617
G1 X99.022 Y94.795 E.08267
G1 X99.022 Y94.416 E.01283
G1 X95.978 Y91.373 E.14569
G1 X95.978 Y90.93 E.015
G1 X99.022 Y87.886 E.14571
G1 X99.022 Y87.508 E.01279
G1 X95.978 Y84.464 E.14571
G1 X95.978 Y84.022 E.01496
G1 X96.522 Y83.478 E.02604
G1 X95.978 Y83.478 E.01841
G1 X95.978 Y83.818 E.01151
M204 P2000
;LAYER_CHANGE
;Z:10.8
;HEIGHT:0.2
;BEFORE_LAYER_CHANGE
G92 E0.0
;10.8
M201 X3995.78 Y3995.78

G1 E-2.5 F4200
G1 Z10.8 F720
;AFTER_LAYER_CHANGE
;10.8
M74 W1.83492

G1 Z11
G1 X95.632 Y96.868 F10800
G1 Z10.8 F720
G1 E2.5 F2400
M204 P2500
;TYPE:Perimeter
;WIDTH:0.449999
G1 F900
G1 X95.632 Y83.132 E.46495
G1 X99.368 Y83.132 E.12646
G1 X99.368 Y96.868 E.46495
G1 X95.692 Y96.868 E.12443
M204 P2000
G1 X95.225 Y97.275 F10800
;TYPE:External perimeter
G1 F900
G1 X95.225 Y82.725 E.4925
G1 X99.775 Y82.725 E.15401
G1 X99.775 Y97.275 E.4925
G1 X95.285 Y97.275 E.15198
G1 X95.226 Y96.879 F10800
G1 E-2.5 F4200
G1 Z11 F720
G1 X99.022 Y94.998 F10800
G1 Z10.8 F720
G1 E2.5 F2400
M204 P4000
;TYPE:Internal infill
;WIDTH:0.45
G1 F900
G1 X99.022 Y96.522 E.05159
G1 X98.825 Y96.522 E.00667
G1 X95.978 Y93.675 E.13628
G1 X95.978 Y93.233 E.01496
G1 X99.022 Y90.189 E.14571
G1 X99.022 Y89.811 E.01279
G1 X95.978 Y86.767 E.14571
G1 X95.978 Y86.325 E.01496
G1 X98.825 Y83.478 E.13628
G1 X97.295 Y83.478 E.05179
G1 X99.022 Y85.205 E.08267
G1 X99.022 Y85.584 E.01283
G1 X95.978 Y88.627 E.14569
G1 X95.978 Y89.07 E.015
G1 X99.022 Y92.114 E.14571
G1 X99.022 Y92.492 E.01279
G1 X95.978 Y95.536 E.14571
G1 X95.978 Y95.978 E.01496
G1 X96.522 Y96.522 E.02604
G1 X97.295 Y96.522 E.02617
G1 X99.022 Y94.795 E.08267
G1 X99.022 Y94.416 E.01283
G1 X95.978 Y91.373 E.14569
G1 X95.978 Y90.93 E.015
G1 X99.022 Y87.886 E.14571
G1 X99.022 Y87.508 E.01279
G1 X95.978 Y84.464 E.14571
G1 X95.978 Y84.022 E.01496
G1 X96.522 Y83.478 E.02604
G1 X95.978 Y83.478 E.01841
G1 X95.978 Y83.818 E.01151
M204 P2000
;LAYER_CHANGE
;Z:11
;HEIGHT:0.2
;BEFORE_LAYER_CHANGE
G92 E0.0
;11
M201 X3995.75 Y3995.75

G1 E-2.5 F4200
G1 Z11 F720
;AFTER_LAYER_CHANGE
;11
M74 W1.84818

G1 Z11.2
G1 X95.632 Y96.868 F10800
G1 Z11 F720
G1 E2.5 F2400
M204 P2500
;TYPE:Perimeter
;WIDTH:0.449999
G1 F900
G1 X95.632 Y83.132 E.46495
G1 X99.368 Y83.132 E.12646
G1 X99.368 Y96.868 E.46495
G1 X95.692 Y96.868 E.12443
M204 P2000
G1 X95.225 Y97.275 F10800
;TYPE:External perimeter
G1 F900
G1 X95.225 Y82.725 E.4925
G1 X99.775 Y82.725 E.15401
G1 X99.775 Y97.275 E.4925
G1 X95.285 Y97.275 E.15198
G1 X95.226 Y96.879 F10800
G1 E-2.5 F4200
G1 Z11.2 F720
G1 X99.022 Y94.998 F10800
G1 Z11 F720
G1 E2.5 F2400
M204 P4000
;TYPE:Internal infill
;WIDTH:0.45
G1 F900
G1 X99.022 Y96.522 E.05159
G1 X98.825 Y96.522 E.00667
M73 Q25 S39
G1 X95.978 Y93.675 E.13628
G1 X95.978 Y93.233 E.01496
G1 X99.022 Y90.189 E.14571
G1 X99.022 Y89.811 E.01279
G1 X95.978 Y86.767 E.14571
G1 X95.978 Y86.325 E.01496
G1 X98.825 Y83.478 E.13628
G1 X97.295 Y83.478 E.05179
G1 X99.022 Y85.205 E.08267
G1 X99.022 Y85.584 E.01283
G1 X95.978 Y88.627 E.14569
G1 X95.978 Y89.07 E.015
G1 X99.022 Y92.114 E.14571
G1 X99.022 Y92.492 E.01279
G1 X95.978 Y95.536 E.14571
G1 X95.978 Y95.978 E.01496
G1 X96.522 Y96.522 E.02604
G1 X97.295 Y96.522 E.02617
G1 X99.022 Y94.795 E.08267
G1 X99.022 Y94.416 E.01283
M73 P24 R38
G1 X95.978 Y91.373 E.14569
G1 X95.978 Y90.93 E.015
G1 X99.022 Y87.886 E.14571
G1 X99.022 Y87.508 E.01279
G1 X95.978 Y84.464 E.14571
G1 X95.978 Y84.022 E.01496
G1 X96.522 Y83.478 E.02604
G1 X95.978 Y83.478 E.01841
G1 X95.978 Y83.818 E.01151
M204 P2000
;LAYER_CHANGE
;Z:11.2
;HEIGHT:0.2
;BEFORE_LAYER_CHANGE
G92 E0.0
;11.2
M201 X3995.72 Y3995.72

G1 E-2.5 F4200
G1 Z11.2 F720
;AFTER_LAYER_CHANGE
;11.2
M74 W1.86145

G1 Z11.4
G1 X95.632 Y96.868 F10800
G1 Z11.2 F720
G1 E2.5 F2400
M204 P2500
;TYPE:Perimeter
;WIDTH:0.449999
G1 F900
G1 X95.632 Y83.132 E.46495
G1 X99.368 Y83.132 E.12646
M73 P25 R38
G1 X99.368 Y96.868 E.46495
G1 X95.692 Y96.868 E.12443
M204 P2000
G1 X95.225 Y97.275 F10800
;TYPE:External perimeter
G1 F900
G1 X95.225 Y82.725 E.4925
G1 X99.775 Y82.725 E.15401
G1 X99.775 Y97.275 E.4925
G1 X95.285 Y97.275 E.15198
G1 X95.226 Y96.879 F10800
G1 E-2.5 F4200
G1 Z11.4 F720
G1 X99.022 Y94.998 F10800
G1 Z11.2 F720
G1 E2.5 F2400
M204 P4000
;TYPE:Internal infill
;WIDTH:0.45
G1 F900
G1 X99.022 Y96.522 E.05159
G1 X98.825 Y96.522 E.00667
G1 X95.978 Y93.675 E.13628
G1 X95.978 Y93.233 E.01496
G1 X99.022 Y90.189 E.14571
G1 X99.022 Y89.811 E.01279
G1 X95.978 Y86.767 E.14571
G1 X95.978 Y86.325 E.01496
G1 X98.825 Y83.478 E.13628
G1 X97.295 Y83.478 E.05179
G1 X99.022 Y85.205 E.08267
G1 X99.022 Y85.584 E.01283
G1 X95.978 Y88.627 E.14569
G1 X95.978 Y89.07 E.015
G1 X99.022 Y92.114 E.14571
G1 X99.022 Y92.492 E.01279
G1 X95.978 Y95.536 E.14571
G1 X95.978 Y95.978 E.01496
G1 X96.522 Y96.522 E.02604
G1 X97.295 Y96.522 E.02617
G1 X99.022 Y94.795 E.08267
G1 X99.022 Y94.416 E.01283
G1 X95.978 Y91.373 E.14569
G1 X95.978 Y90.93 E.015
G1 X99.022 Y87.886 E.14571
G1 X99.022 Y87.508 E.01279
G1 X95.978 Y84.464 E.14571
G1 X95.978 Y84.022 E.01496
G1 X96.522 Y83.478 E.02604
G1 X95.978 Y83.478 E.01841
G1 X95.978 Y83.818 E.01151
M204 P2000
;LAYER_CHANGE
;Z:11.4
;HEIGHT:0.2
;BEFORE_LAYER_CHANGE
G92 E0.0
;11.4
M201 X3995.69 Y3995.69

G1 E-2.5 F4200
G1 Z11.4 F720
;AFTER_LAYER_CHANGE
;11.4
M74 W1.87471

G1 Z11.6
G1 X95.632 Y96.868 F10800
G1 Z11.4 F720
G1 E2.5 F2400
M204 P2500
;TYPE:Perimeter
;WIDTH:0.449999
G1 F900
G1 X95.632 Y83.132 E.46495
G1 X99.368 Y83.132 E.12646
G1 X99.368 Y96.868 E.46495
G1 X95.692 Y96.868 E.12443
M204 P2000
G1 X95.225 Y97.275 F10800
;TYPE:External perimeter
G1 F900
G1 X95.225 Y82.725 E.4925
G1 X99.775 Y82.725 E.15401
M73 Q25 S38
G1 X99.775 Y97.275 E.4925
G1 X95.285 Y97.275 E.15198
G1 X95.226 Y96.879 F10800
G1 E-2.5 F4200
G1 Z11.6 F720
G1 X99.022 Y94.998 F10800
G1 Z11.4 F720
G1 E2.5 F2400
M204 P4000
;TYPE:Internal infill
;WIDTH:0.45
G1 F900
G1 X99.022 Y96.522 E.05159
G1 X98.825 Y96.522 E.00667
G1 X95.978 Y93.675 E.13628
G1 X95.978 Y93.233 E.01496
G1 X99.022 Y90.189 E.14571
G1 X99.022 Y89.811 E.01279
G1 X95.978 Y86.767 E.14571
G1 X95.978 Y86.325 E.01496
G1 X98.825 Y83.478 E.13628
G1 X97.295 Y83.478 E.05179
G1 X99.022 Y85.205 E.08267
G1 X99.022 Y85.584 E.01283
G1 X95.978 Y88.627 E.14569
G1 X95.978 Y89.07 E.015
G1 X99.022 Y92.114 E.14571
G1 X99.022 Y92.492 E.01279
G1 X95.978 Y95.536 E.14571
G1 X95.978 Y95.978 E.01496
G1 X96.522 Y96.522 E.02604
G1 X97.295 Y96.522 E.02617
G1 X99.022 Y94.795 E.08267
G1 X99.022 Y94.416 E.01283
G1 X95.978 Y91.373 E.14569
G1 X95.978 Y90.93 E.015
G1 X99.022 Y87.886 E.14571
G1 X99.022 Y87.508 E.01279
G1 X95.978 Y84.464 E.14571
G1 X95.978 Y84.022 E.01496
G1 X96.522 Y83.478 E.02604
G1 X95.978 Y83.478 E.01841
G1 X95.978 Y83.818 E.01151
M204 P2000
;LAYER_CHANGE
;Z:11.6
;HEIGHT:0.200001
;BEFORE_LAYER_CHANGE
G92 E0.0
;11.6
M201 X3995.66 Y3995.66

G1 E-2.5 F4200
G1 Z11.6 F720
;AFTER_LAYER_CHANGE
;11.6
M74 W1.88798

G1 Z11.8
G1 X95.632 Y96.868 F10800
G1 Z11.6 F720
G1 E2.5 F2400
M204 P2500
;TYPE:Perimeter
;WIDTH:0.449999
G1 F900
G1 X95.632 Y83.132 E.46495
G1 X99.368 Y83.132 E.12646
G1 X99.368 Y96.868 E.46495
G1 X95.692 Y96.868 E.12443
M204 P2000
G1 X95.225 Y97.275 F10800
;TYPE:External perimeter
G1 F900
G1 X95.225 Y82.725 E.4925
G1 X99.775 Y82.725 E.15401
G1 X99.775 Y97.275 E.4925
G1 X95.285 Y97.275 E.15198
G1 X95.226 Y96.879 F10800
G1 E-2.5 F4200
G1 Z11.8 F720
G1 X99.022 Y94.998 F10800
G1 Z11.6 F720
G1 E2.5 F2400
M204 P4000
;TYPE:Internal infill
;WIDTH:0.45
G1 F900
G1 X99.022 Y96.522 E.05159
G1 X98.825 Y96.522 E.00667
G1 X95.978 Y93.675 E.13628
G1 X95.978 Y93.233 E.01496
G1 X99.022 Y90.189 E.14571
G1 X99.022 Y89.811 E.01279
G1 X95.978 Y86.767 E.14571
G1 X95.978 Y86.325 E.01496
G1 X98.825 Y83.478 E.13628
G1 X97.295 Y83.478 E.05179
G1 X99.022 Y85.205 E.08267
G1 X99.022 Y85.584 E.01283
G1 X95.978 Y88.627 E.14569
G1 X95.978 Y89.07 E.015
G1 X99.022 Y92.114 E.14571
G1 X99.022 Y92.492 E.01279
G1 X95.978 Y95.536 E.14571
G1 X95.978 Y95.978 E.01496
G1 X96.522 Y96.522 E.02604
G1 X97.295 Y96.522 E.02617
G1 X99.022 Y94.795 E.08267
G1 X99.022 Y94.416 E.01283
G1 X95.978 Y91.373 E.14569
G1 X95.978 Y90.93 E.015
M73 Q26 S38
G1 X99.022 Y87.886 E.14571
G1 X99.022 Y87.508 E.01279
G1 X95.978 Y84.464 E.14571
G1 X95.978 Y84.022 E.01496
G1 X96.522 Y83.478 E.02604
G1 X95.978 Y83.478 E.01841
G1 X95.978 Y83.818 E.01151
M204 P2000
;LAYER_CHANGE
;Z:11.8
;HEIGHT:0.2
;BEFORE_LAYER_CHANGE
G92 E0.0
;11.8
M201 X3995.63 Y3995.63

G1 E-2.5 F4200
G1 Z11.8 F720
;AFTER_LAYER_CHANGE
;11.8
M74 W1.90124

G1 Z12
G1 X95.632 Y96.868 F10800
G1 Z11.8 F720
G1 E2.5 F2400
M204 P2500
;TYPE:Perimeter
;WIDTH:0.449999
G1 F900
G1 X95.632 Y83.132 E.46495
G1 X99.368 Y83.132 E.12646
G1 X99.368 Y96.868 E.46495
G1 X95.692 Y96.868 E.12443
M204 P2000
G1 X95.225 Y97.275 F10800
;TYPE:External perimeter
G1 F900
G1 X95.225 Y82.725 E.4925
G1 X99.775 Y82.725 E.15401
M73 P26 R38
G1 X99.775 Y97.275 E.4925
G1 X95.285 Y97.275 E.15198
G1 X95.226 Y96.879 F10800
G1 E-2.5 F4200
G1 Z12 F720
G1 X99.022 Y94.998 F10800
G1 Z11.8 F720
G1 E2.5 F2400
M204 P4000
;TYPE:Internal infill
;WIDTH:0.45
G1 F900
G1 X99.022 Y96.522 E.05159
G1 X98.825 Y96.522 E.00667
G1 X95.978 Y93.675 E.13628
G1 X95.978 Y93.233 E.01496
G1 X99.022 Y90.189 E.14571
G1 X99.022 Y89.811 E.01279
G1 X95.978 Y86.767 E.14571
G1 X95.978 Y86.325 E.01496
G1 X98.825 Y83.478 E.13628
G1 X97.295 Y83.478 E.05179
G1 X99.022 Y85.205 E.08267
G1 X99.022 Y85.584 E.01283
G1 X95.978 Y88.627 E.14569
G1 X95.978 Y89.07 E.015
G1 X99.022 Y92.114 E.14571
G1 X99.022 Y92.492 E.01279
G1 X95.978 Y95.536 E.14571
G1 X95.978 Y95.978 E.01496
G1 X96.522 Y96.522 E.02604
G1 X97.295 Y96.522 E.02617
G1 X99.022 Y94.795 E.08267
G1 X99.022 Y94.416 E.01283
G1 X95.978 Y91.373 E.14569
G1 X95.978 Y90.93 E.015
G1 X99.022 Y87.886 E.14571
G1 X99.022 Y87.508 E.01279
G1 X95.978 Y84.464 E.14571
G1 X95.978 Y84.022 E.01496
G1 X96.522 Y83.478 E.02604
G1 X95.978 Y83.478 E.01841
G1 X95.978 Y83.818 E.01151
M204 P2000
;LAYER_CHANGE
;Z:12
;HEIGHT:0.2
;BEFORE_LAYER_CHANGE
G92 E0.0
;12
M201 X3995.6 Y3995.6

G1 E-2.5 F4200
G1 Z12 F720
;AFTER_LAYER_CHANGE
;12
M74 W1.91451

G1 Z12.2
G1 X95.632 Y96.868 F10800
G1 Z12 F720
G1 E2.5 F2400
M204 P2500
;TYPE:Perimeter
;WIDTH:0.449999
G1 F900
G1 X95.632 Y83.132 E.46495
G1 X99.368 Y83.132 E.12646
G1 X99.368 Y96.868 E.46495
G1 X95.692 Y96.868 E.12443
M204 P2000
G1 X95.225 Y97.275 F10800
;TYPE:External perimeter
G1 F900
G1 X95.225 Y82.725 E.4925
G1 X99.775 Y82.725 E.15401
G1 X99.775 Y97.275 E.4925
G1 X95.285 Y97.275 E.15198
G1 X95.226 Y96.879 F10800
G1 E-2.5 F4200
G1 Z12.2 F720
G1 X99.022 Y94.998 F10800
G1 Z12 F720
G1 E2.5 F2400
M204 P4000
;TYPE:Internal infill
;WIDTH:0.45
G1 F900
G1 X99.022 Y96.522 E.05159
G1 X98.825 Y96.522 E.00667
G1 X95.978 Y93.675 E.13628
G1 X95.978 Y93.233 E.01496
G1 X99.022 Y90.189 E.14571
G1 X99.022 Y89.811 E.01279
G1 X95.978 Y86.767 E.14571
G1 X95.978 Y86.325 E.01496
G1 X98.825 Y83.478 E.13628
G1 X97.295 Y83.478 E.05179
G1 X99.022 Y85.205 E.08267
G1 X99.022 Y85.584 E.01283
G1 X95.978 Y88.627 E.14569
G1 X95.978 Y89.07 E.015
G1 X99.022 Y92.114 E.14571
G1 X99.022 Y92.492 E.01279
G1 X95.978 Y95.536 E.14571
G1 X95.978 Y95.978 E.01496
G1 X96.522 Y96.522 E.02604
G1 X97.295 Y96.522 E.02617
G1 X99.022 Y94.795 E.08267
G1 X99.022 Y94.416 E.01283
G1 X95.978 Y91.373 E.14569
G1 X95.978 Y90.93 E.015
G1 X99.022 Y87.886 E.14571
G1 X99.022 Y87.508 E.01279
G1 X95.978 Y84.464 E.14571
G1 X95.978 Y84.022 E.01496
G1 X96.522 Y83.478 E.02604
G1 X95.978 Y83.478 E.01841
G1 X95.978 Y83.818 E.01151
M204 P2000
;LAYER_CHANGE
;Z:12.2
;HEIGHT:0.2
;BEFORE_LAYER_CHANGE
G92 E0.0
;12.2
M201 X3995.57 Y3995.57

G1 E-2.5 F4200
G1 Z12.2 F720
;AFTER_LAYER_CHANGE
;12.2
M74 W1.92777

G1 Z12.4
G1 X95.632 Y96.868 F10800
G1 Z12.2 F720
G1 E2.5 F2400
M204 P2500
;TYPE:Perimeter
;WIDTH:0.449999
G1 F900
G1 X95.632 Y83.132 E.46495
G1 X99.368 Y83.132 E.12646
G1 X99.368 Y96.868 E.46495
G1 X95.692 Y96.868 E.12443
M204 P2000
G1 X95.225 Y97.275 F10800
;TYPE:External perimeter
G1 F900
G1 X95.225 Y82.725 E.4925
G1 X99.775 Y82.725 E.15401
G1 X99.775 Y97.275 E.4925
G1 X95.285 Y97.275 E.15198
G1 X95.226 Y96.879 F10800
G1 E-2.5 F4200
G1 Z12.4 F720
G1 X99.022 Y94.998 F10800
G1 Z12.2 F720
G1 E2.5 F2400
M204 P4000
;TYPE:Internal infill
;WIDTH:0.45
G1 F900
G1 X99.022 Y96.522 E.05159
G1 X98.825 Y96.522 E.00667
G1 X95.978 Y93.675 E.13628
G1 X95.978 Y93.233 E.01496
G1 X99.022 Y90.189 E.14571
G1 X99.022 Y89.811 E.01279
G1 X95.978 Y86.767 E.14571
G1 X95.978 Y86.325 E.01496
G1 X98.825 Y83.478 E.13628
G1 X97.295 Y83.478 E.05179
G1 X99.022 Y85.205 E.08267
G1 X99.022 Y85.584 E.01283
G1 X95.978 Y88.627 E.14569
G1 X95.978 Y89.07 E.015
G1 X99.022 Y92.114 E.14571
G1 X99.022 Y92.492 E.01279
G1 X95.978 Y95.536 E.14571
G1 X95.978 Y95.978 E.01496
G1 X96.522 Y96.522 E.02604
G1 X97.295 Y96.522 E.02617
G1 X99.022 Y94.795 E.08267
G1 X99.022 Y94.416 E.01283
G1 X95.978 Y91.373 E.14569
G1 X95.978 Y90.93 E.015
G1 X99.022 Y87.886 E.14571
G1 X99.022 Y87.508 E.01279
G1 X95.978 Y84.464 E.14571
G1 X95.978 Y84.022 E.01496
G1 X96.522 Y83.478 E.02604
G1 X95.978 Y83.478 E.01841
G1 X95.978 Y83.818 E.01151
M204 P2000
;LAYER_CHANGE
;Z:12.4
;HEIGHT:0.2
;BEFORE_LAYER_CHANGE
G92 E0.0
;12.4
M201 X3995.54 Y3995.54

G1 E-2.5 F4200
G1 Z12.4 F720
;AFTER_LAYER_CHANGE
;12.4
M74 W1.94104

G1 Z12.6
G1 X95.632 Y96.868 F10800
G1 Z12.4 F720
G1 E2.5 F2400
M204 P2500
;TYPE:Perimeter
;WIDTH:0.449999
G1 F900
G1 X95.632 Y83.132 E.46495
G1 X99.368 Y83.132 E.12646
G1 X99.368 Y96.868 E.46495
G1 X95.692 Y96.868 E.12443
M73 P26 R37
M73 Q27 S38
M204 P2000
G1 X95.225 Y97.275 F10800
;TYPE:External perimeter
G1 F900
G1 X95.225 Y82.725 E.4925
G1 X99.775 Y82.725 E.15401
G1 X99.775 Y97.275 E.4925
G1 X95.285 Y97.275 E.15198
G1 X95.226 Y96.879 F10800
G1 E-2.5 F4200
G1 Z12.6 F720
G1 X99.022 Y94.998 F10800
G1 Z12.4 F720
G1 E2.5 F2400
M204 P4000
;TYPE:Internal infill
;WIDTH:0.45
G1 F900
G1 X99.022 Y96.522 E.05159
G1 X98.825 Y96.522 E.00667
G1 X95.978 Y93.675 E.13628
G1 X95.978 Y93.233 E.01496
G1 X99.022 Y90.189 E.14571
G1 X99.022 Y89.811 E.01279
G1 X95.978 Y86.767 E.14571
G1 X95.978 Y86.325 E.01496
M73 P27 R37
G1 X98.825 Y83.478 E.13628
G1 X97.295 Y83.478 E.05179
G1 X99.022 Y85.205 E.08267
G1 X99.022 Y85.584 E.01283
G1 X95.978 Y88.627 E.14569
G1 X95.978 Y89.07 E.015
G1 X99.022 Y92.114 E.14571
G1 X99.022 Y92.492 E.01279
G1 X95.978 Y95.536 E.14571
G1 X95.978 Y95.978 E.01496
G1 X96.522 Y96.522 E.02604
G1 X97.295 Y96.522 E.02617
G1 X99.022 Y94.795 E.08267
G1 X99.022 Y94.416 E.01283
G1 X95.978 Y91.373 E.14569
G1 X95.978 Y90.93 E.015
G1 X99.022 Y87.886 E.14571
G1 X99.022 Y87.508 E.01279
G1 X95.978 Y84.464 E.14571
G1 X95.978 Y84.022 E.01496
G1 X96.522 Y83.478 E.02604
G1 X95.978 Y83.478 E.01841
G1 X95.978 Y83.818 E.01151
M204 P2000
;LAYER_CHANGE
;Z:12.6
;HEIGHT:0.200001
;BEFORE_LAYER_CHANGE
G92 E0.0
;12.6
M201 X3995.51 Y3995.51

G1 E-2.5 F4200
G1 Z12.6 F720
;AFTER_LAYER_CHANGE
;12.6
M74 W1.9543

G1 Z12.8
G1 X95.632 Y96.868 F10800
G1 Z12.6 F720
G1 E2.5 F2400
M204 P2500
;TYPE:Perimeter
;WIDTH:0.449999
G1 F900
G1 X95.632 Y83.132 E.46495
G1 X99.368 Y83.132 E.12646
G1 X99.368 Y96.868 E.46495
G1 X95.692 Y96.868 E.12443
M204 P2000
G1 X95.225 Y97.275 F10800
;TYPE:External perimeter
G1 F900
G1 X95.225 Y82.725 E.4925
G1 X99.775 Y82.725 E.15401
G1 X99.775 Y97.275 E.4925
G1 X95.285 Y97.275 E.15198
G1 X95.226 Y96.879 F10800
G1 E-2.5 F4200
G1 Z12.8 F720
G1 X99.022 Y94.998 F10800
G1 Z12.6 F720
G1 E2.5 F2400
M204 P4000
;TYPE:Internal infill
;WIDTH:0.45
G1 F900
G1 X99.022 Y96.522 E.05159
G1 X98.825 Y96.522 E.00667
G1 X95.978 Y93.675 E.13628
G1 X95.978 Y93.233 E.01496
G1 X99.022 Y90.189 E.14571
G1 X99.022 Y89.811 E.01279
M73 Q27 S37
G1 X95.978 Y86.767 E.14571
G1 X95.978 Y86.325 E.01496
G1 X98.825 Y83.478 E.13628
G1 X97.295 Y83.478 E.05179
G1 X99.022 Y85.205 E.08267
G1 X99.022 Y85.584 E.01283
G1 X95.978 Y88.627 E.14569
G1 X95.978 Y89.07 E.015
G1 X99.022 Y92.114 E.14571
G1 X99.022 Y92.492 E.01279
G1 X95.978 Y95.536 E.14571
G1 X95.978 Y95.978 E.01496
G1 X96.522 Y96.522 E.02604
G1 X97.295 Y96.522 E.02617
G1 X99.022 Y94.795 E.08267
G1 X99.022 Y94.416 E.01283
G1 X95.978 Y91.373 E.14569
G1 X95.978 Y90.93 E.015
G1 X99.022 Y87.886 E.14571
G1 X99.022 Y87.508 E.01279
G1 X95.978 Y84.464 E.14571
G1 X95.978 Y84.022 E.01496
G1 X96.522 Y83.478 E.02604
G1 X95.978 Y83.478 E.01841
G1 X95.978 Y83.818 E.01151
M204 P2000
;LAYER_CHANGE
;Z:12.8
;HEIGHT:0.2
;BEFORE_LAYER_CHANGE
G92 E0.0
;12.8
M201 X3995.47 Y3995.47

G1 E-2.5 F4200
G1 Z12.8 F720
;AFTER_LAYER_CHANGE
;12.8
M74 W1.96756

G1 Z13
G1 X95.632 Y96.868 F10800
G1 Z12.8 F720
G1 E2.5 F2400
M204 P2500
;TYPE:Perimeter
;WIDTH:0.449999
G1 F900
G1 X95.632 Y83.132 E.46495
G1 X99.368 Y83.132 E.12646
G1 X99.368 Y96.868 E.46495
G1 X95.692 Y96.868 E.12443
M204 P2000
G1 X95.225 Y97.275 F10800
;TYPE:External perimeter
G1 F900
G1 X95.225 Y82.725 E.4925
G1 X99.775 Y82.725 E.15401
G1 X99.775 Y97.275 E.4925
G1 X95.285 Y97.275 E.15198
G1 X95.226 Y96.879 F10800
G1 E-2.5 F4200
G1 Z13 F720
G1 X99.022 Y94.998 F10800
G1 Z12.8 F720
G1 E2.5 F2400
M204 P4000
;TYPE:Internal infill
;WIDTH:0.45
G1 F900
G1 X99.022 Y96.522 E.05159
G1 X98.825 Y96.522 E.00667
G1 X95.978 Y93.675 E.13628
G1 X95.978 Y93.233 E.01496
G1 X99.022 Y90.189 E.14571
G1 X99.022 Y89.811 E.01279
G1 X95.978 Y86.767 E.14571
G1 X95.978 Y86.325 E.01496
G1 X98.825 Y83.478 E.13628
G1 X97.295 Y83.478 E.05179
G1 X99.022 Y85.205 E.08267
G1 X99.022 Y85.584 E.01283
G1 X95.978 Y88.627 E.14569
G1 X95.978 Y89.07 E.015
G1 X99.022 Y92.114 E.14571
G1 X99.022 Y92.492 E.01279
G1 X95.978 Y95.536 E.14571
G1 X95.978 Y95.978 E.01496
G1 X96.522 Y96.522 E.02604
G1 X97.295 Y96.522 E.02617
G1 X99.022 Y94.795 E.08267
G1 X99.022 Y94.416 E.01283
G1 X95.978 Y91.373 E.14569
G1 X95.978 Y90.93 E.015
G1 X99.022 Y87.886 E.14571
G1 X99.022 Y87.508 E.01279
G1 X95.978 Y84.464 E.14571
G1 X95.978 Y84.022 E.01496
G1 X96.522 Y83.478 E.02604
G1 X95.978 Y83.478 E.01841
G1 X95.978 Y83.818 E.01151
M204 P2000
;LAYER_CHANGE
;Z:13
;HEIGHT:0.2
;BEFORE_LAYER_CHANGE
G92 E0.0
;13
M201 X3995.44 Y3995.44

G1 E-2.5 F4200
G1 Z13 F720
;AFTER_LAYER_CHANGE
;13
M74 W1.98083

G1 Z13.2
G1 X95.632 Y96.868 F10800
G1 Z13 F720
G1 E2.5 F2400
M204 P2500
;TYPE:Perimeter
;WIDTH:0.449999
G1 F900
G1 X95.632 Y83.132 E.46495
G1 X99.368 Y83.132 E.12646
G1 X99.368 Y96.868 E.46495
G1 X95.692 Y96.868 E.12443
M204 P2000
G1 X95.225 Y97.275 F10800
;TYPE:External perimeter
G1 F900
G1 X95.225 Y82.725 E.4925
G1 X99.775 Y82.725 E.15401
G1 X99.775 Y97.275 E.4925
G1 X95.285 Y97.275 E.15198
M73 Q28 S37
G1 X95.226 Y96.879 F10800
G1 E-2.5 F4200
G1 Z13.2 F720
G1 X99.022 Y94.998 F10800
G1 Z13 F720
G1 E2.5 F2400
M204 P4000
;TYPE:Internal infill
;WIDTH:0.45
G1 F900
G1 X99.022 Y96.522 E.05159
G1 X98.825 Y96.522 E.00667
G1 X95.978 Y93.675 E.13628
G1 X95.978 Y93.233 E.01496
G1 X99.022 Y90.189 E.14571
G1 X99.022 Y89.811 E.01279
G1 X95.978 Y86.767 E.14571
G1 X95.978 Y86.325 E.01496
G1 X98.825 Y83.478 E.13628
G1 X97.295 Y83.478 E.05179
G1 X99.022 Y85.205 E.08267
G1 X99.022 Y85.584 E.01283
G1 X95.978 Y88.627 E.14569
G1 X95.978 Y89.07 E.015
G1 X99.022 Y92.114 E.14571
G1 X99.022 Y92.492 E.01279
G1 X95.978 Y95.536 E.14571
G1 X95.978 Y95.978 E.01496
G1 X96.522 Y96.522 E.02604
G1 X97.295 Y96.522 E.02617
G1 X99.022 Y94.795 E.08267
G1 X99.022 Y94.416 E.01283
G1 X95.978 Y91.373 E.14569
G1 X95.978 Y90.93 E.015
G1 X99.022 Y87.886 E.14571
G1 X99.022 Y87.508 E.01279
G1 X95.978 Y84.464 E.14571
G1 X95.978 Y84.022 E.01496
M73 P28 R37
G1 X96.522 Y83.478 E.02604
G1 X95.978 Y83.478 E.01841
G1 X95.978 Y83.818 E.01151
M204 P2000
;LAYER_CHANGE
;Z:13.2
;HEIGHT:0.2
;BEFORE_LAYER_CHANGE
G92 E0.0
;13.2
M201 X3995.41 Y3995.41

G1 E-2.5 F4200
G1 Z13.2 F720
;AFTER_LAYER_CHANGE
;13.2
M74 W1.99409

G1 Z13.4
G1 X95.632 Y96.868 F10800
G1 Z13.2 F720
G1 E2.5 F2400
M204 P2500
;TYPE:Perimeter
;WIDTH:0.449999
G1 F900
G1 X95.632 Y83.132 E.46495
G1 X99.368 Y83.132 E.12646
G1 X99.368 Y96.868 E.46495
G1 X95.692 Y96.868 E.12443
M204 P2000
G1 X95.225 Y97.275 F10800
;TYPE:External perimeter
G1 F900
G1 X95.225 Y82.725 E.4925
G1 X99.775 Y82.725 E.15401
G1 X99.775 Y97.275 E.4925
G1 X95.285 Y97.275 E.15198
G1 X95.226 Y96.879 F10800
G1 E-2.5 F4200
G1 Z13.4 F720
G1 X99.022 Y94.998 F10800
G1 Z13.2 F720
G1 E2.5 F2400
M204 P4000
;TYPE:Internal infill
;WIDTH:0.45
G1 F900
G1 X99.022 Y96.522 E.05159
G1 X98.825 Y96.522 E.00667
G1 X95.978 Y93.675 E.13628
G1 X95.978 Y93.233 E.01496
G1 X99.022 Y90.189 E.14571
G1 X99.022 Y89.811 E.01279
G1 X95.978 Y86.767 E.14571
G1 X95.978 Y86.325 E.01496
G1 X98.825 Y83.478 E.13628
G1 X97.295 Y83.478 E.05179
G1 X99.022 Y85.205 E.08267
G1 X99.022 Y85.584 E.01283
G1 X95.978 Y88.627 E.14569
G1 X95.978 Y89.07 E.015
G1 X99.022 Y92.114 E.14571
G1 X99.022 Y92.492 E.01279
G1 X95.978 Y95.536 E.14571
G1 X95.978 Y95.978 E.01496
G1 X96.522 Y96.522 E.02604
G1 X97.295 Y96.522 E.02617
G1 X99.022 Y94.795 E.08267
G1 X99.022 Y94.416 E.01283
G1 X95.978 Y91.373 E.14569
G1 X95.978 Y90.93 E.015
G1 X99.022 Y87.886 E.14571
G1 X99.022 Y87.508 E.01279
G1 X95.978 Y84.464 E.14571
G1 X95.978 Y84.022 E.01496
G1 X96.522 Y83.478 E.02604
G1 X95.978 Y83.478 E.01841
G1 X95.978 Y83.818 E.01151
M204 P2000
;LAYER_CHANGE
;Z:13.4
;HEIGHT:0.2
;BEFORE_LAYER_CHANGE
G92 E0.0
;13.4
M201 X3995.38 Y3995.38

G1 E-2.5 F4200
G1 Z13.4 F720
;AFTER_LAYER_CHANGE
;13.4
M74 W2.00736

G1 Z13.6
G1 X95.632 Y96.868 F10800
G1 Z13.4 F720
G1 E2.5 F2400
M204 P2500
;TYPE:Perimeter
;WIDTH:0.449999
G1 F900
G1 X95.632 Y83.132 E.46495
G1 X99.368 Y83.132 E.12646
G1 X99.368 Y96.868 E.46495
G1 X95.692 Y96.868 E.12443
M204 P2000
G1 X95.225 Y97.275 F10800
;TYPE:External perimeter
G1 F900
G1 X95.225 Y82.725 E.4925
G1 X99.775 Y82.725 E.15401
G1 X99.775 Y97.275 E.4925
G1 X95.285 Y97.275 E.15198
G1 X95.226 Y96.879 F10800
G1 E-2.5 F4200
G1 Z13.6 F720
G1 X99.022 Y94.998 F10800
G1 Z13.4 F720
G1 E2.5 F2400
M204 P4000
;TYPE:Internal infill
;WIDTH:0.45
G1 F900
G1 X99.022 Y96.522 E.05159
G1 X98.825 Y96.522 E.00667
G1 X95.978 Y93.675 E.13628
G1 X95.978 Y93.233 E.01496
G1 X99.022 Y90.189 E.14571
G1 X99.022 Y89.811 E.01279
G1 X95.978 Y86.767 E.14571
G1 X95.978 Y86.325 E.01496
G1 X98.825 Y83.478 E.13628
G1 X97.295 Y83.478 E.05179
G1 X99.022 Y85.205 E.08267
G1 X99.022 Y85.584 E.01283
G1 X95.978 Y88.627 E.14569
G1 X95.978 Y89.07 E.015
G1 X99.022 Y92.114 E.14571
G1 X99.022 Y92.492 E.01279
G1 X95.978 Y95.536 E.14571
G1 X95.978 Y95.978 E.01496
G1 X96.522 Y96.522 E.02604
G1 X97.295 Y96.522 E.02617
G1 X99.022 Y94.795 E.08267
G1 X99.022 Y94.416 E.01283
G1 X95.978 Y91.373 E.14569
G1 X95.978 Y90.93 E.015
G1 X99.022 Y87.886 E.14571
G1 X99.022 Y87.508 E.01279
G1 X95.978 Y84.464 E.14571
G1 X95.978 Y84.022 E.01496
G1 X96.522 Y83.478 E.02604
G1 X95.978 Y83.478 E.01841
G1 X95.978 Y83.818 E.01151
M204 P2000
;LAYER_CHANGE
;Z:13.6
;HEIGHT:0.200001
;BEFORE_LAYER_CHANGE
G92 E0.0
;13.6
M201 X3995.35 Y3995.35

G1 E-2.5 F4200
G1 Z13.6 F720
;AFTER_LAYER_CHANGE
;13.6
M74 W2.02062

G1 Z13.8
G1 X95.632 Y96.868 F10800
G1 Z13.6 F720
G1 E2.5 F2400
M204 P2500
;TYPE:Perimeter
;WIDTH:0.449999
G1 F900
G1 X95.632 Y83.132 E.46495
G1 X99.368 Y83.132 E.12646
G1 X99.368 Y96.868 E.46495
G1 X95.692 Y96.868 E.12443
M204 P2000
G1 X95.225 Y97.275 F10800
;TYPE:External perimeter
G1 F900
G1 X95.225 Y82.725 E.4925
G1 X99.775 Y82.725 E.15401
G1 X99.775 Y97.275 E.4925
G1 X95.285 Y97.275 E.15198
G1 X95.226 Y96.879 F10800
G1 E-2.5 F4200
G1 Z13.8 F720
G1 X99.022 Y94.998 F10800
M73 P28 R36
G1 Z13.6 F720
G1 E2.5 F2400
M204 P4000
;TYPE:Internal infill
;WIDTH:0.45
G1 F900
G1 X99.022 Y96.522 E.05159
G1 X98.825 Y96.522 E.00667
G1 X95.978 Y93.675 E.13628
G1 X95.978 Y93.233 E.01496
G1 X99.022 Y90.189 E.14571
G1 X99.022 Y89.811 E.01279
G1 X95.978 Y86.767 E.14571
G1 X95.978 Y86.325 E.01496
G1 X98.825 Y83.478 E.13628
G1 X97.295 Y83.478 E.05179
G1 X99.022 Y85.205 E.08267
G1 X99.022 Y85.584 E.01283
G1 X95.978 Y88.627 E.14569
G1 X95.978 Y89.07 E.015
G1 X99.022 Y92.114 E.14571
G1 X99.022 Y92.492 E.01279
M73 Q29 S37
G1 X95.978 Y95.536 E.14571
G1 X95.978 Y95.978 E.01496
G1 X96.522 Y96.522 E.02604
G1 X97.295 Y96.522 E.02617
G1 X99.022 Y94.795 E.08267
G1 X99.022 Y94.416 E.01283
G1 X95.978 Y91.373 E.14569
G1 X95.978 Y90.93 E.015
G1 X99.022 Y87.886 E.14571
G1 X99.022 Y87.508 E.01279
G1 X95.978 Y84.464 E.14571
G1 X95.978 Y84.022 E.01496
G1 X96.522 Y83.478 E.02604
G1 X95.978 Y83.478 E.01841
G1 X95.978 Y83.818 E.01151
M204 P2000
;LAYER_CHANGE
;Z:13.8
;HEIGHT:0.2
;BEFORE_LAYER_CHANGE
G92 E0.0
;13.8
M201 X3995.32 Y3995.32

G1 E-2.5 F4200
G1 Z13.8 F720
;AFTER_LAYER_CHANGE
;13.8
M74 W2.03389

G1 Z14
G1 X95.632 Y96.868 F10800
G1 Z13.8 F720
G1 E2.5 F2400
M204 P2500
;TYPE:Perimeter
;WIDTH:0.449999
G1 F900
G1 X95.632 Y83.132 E.46495
G1 X99.368 Y83.132 E.12646
G1 X99.368 Y96.868 E.46495
G1 X95.692 Y96.868 E.12443
M204 P2000
G1 X95.225 Y97.275 F10800
M73 P29 R36
;TYPE:External perimeter
G1 F900
G1 X95.225 Y82.725 E.4925
G1 X99.775 Y82.725 E.15401
G1 X99.775 Y97.275 E.4925
G1 X95.285 Y97.275 E.15198
G1 X95.226 Y96.879 F10800
G1 E-2.5 F4200
G1 Z14 F720
G1 X99.022 Y94.998 F10800
G1 Z13.8 F720
G1 E2.5 F2400
M204 P4000
;TYPE:Internal infill
;WIDTH:0.45
G1 F900
G1 X99.022 Y96.522 E.05159
G1 X98.825 Y96.522 E.00667
G1 X95.978 Y93.675 E.13628
G1 X95.978 Y93.233 E.01496
G1 X99.022 Y90.189 E.14571
G1 X99.022 Y89.811 E.01279
G1 X95.978 Y86.767 E.14571
G1 X95.978 Y86.325 E.01496
G1 X98.825 Y83.478 E.13628
G1 X97.295 Y83.478 E.05179
G1 X99.022 Y85.205 E.08267
G1 X99.022 Y85.584 E.01283
G1 X95.978 Y88.627 E.14569
G1 X95.978 Y89.07 E.015
G1 X99.022 Y92.114 E.14571
G1 X99.022 Y92.492 E.01279
G1 X95.978 Y95.536 E.14571
G1 X95.978 Y95.978 E.01496
G1 X96.522 Y96.522 E.02604
G1 X97.295 Y96.522 E.02617
G1 X99.022 Y94.795 E.08267
G1 X99.022 Y94.416 E.01283
G1 X95.978 Y91.373 E.14569
G1 X95.978 Y90.93 E.015
G1 X99.022 Y87.886 E.14571
G1 X99.022 Y87.508 E.01279
M73 Q29 S36
G1 X95.978 Y84.464 E.14571
G1 X95.978 Y84.022 E.01496
G1 X96.522 Y83.478 E.02604
G1 X95.978 Y83.478 E.01841
G1 X95.978 Y83.818 E.01151
M204 P2000
;LAYER_CHANGE
;Z:14
;HEIGHT:0.2
;BEFORE_LAYER_CHANGE
G92 E0.0
;14
M201 X3995.29 Y3995.29

G1 E-2.5 F4200
G1 Z14 F720
;AFTER_LAYER_CHANGE
;14
M74 W2.04715

G1 Z14.2
G1 X95.632 Y96.868 F10800
G1 Z14 F720
G1 E2.5 F2400
M204 P2500
;TYPE:Perimeter
;WIDTH:0.449999
G1 F900
G1 X95.632 Y83.132 E.46495
G1 X99.368 Y83.132 E.12646
G1 X99.368 Y96.868 E.46495
G1 X95.692 Y96.868 E.12443
M204 P2000
G1 X95.225 Y97.275 F10800
;TYPE:External perimeter
G1 F900
G1 X95.225 Y82.725 E.4925
G1 X99.775 Y82.725 E.15401
G1 X99.775 Y97.275 E.4925
G1 X95.285 Y97.275 E.15198
G1 X95.226 Y96.879 F10800
G1 E-2.5 F4200
G1 Z14.2 F720
G1 X99.022 Y94.998 F10800
G1 Z14 F720
G1 E2.5 F2400
M204 P4000
;TYPE:Internal infill
;WIDTH:0.45
G1 F900
G1 X99.022 Y96.522 E.05159
G1 X98.825 Y96.522 E.00667
G1 X95.978 Y93.675 E.13628
G1 X95.978 Y93.233 E.01496
G1 X99.022 Y90.189 E.14571
G1 X99.022 Y89.811 E.01279
G1 X95.978 Y86.767 E.14571
G1 X95.978 Y86.325 E.01496
G1 X98.825 Y83.478 E.13628
G1 X97.295 Y83.478 E.05179
G1 X99.022 Y85.205 E.08267
G1 X99.022 Y85.584 E.01283
G1 X95.978 Y88.627 E.14569
G1 X95.978 Y89.07 E.015
G1 X99.022 Y92.114 E.14571
G1 X99.022 Y92.492 E.01279
G1 X95.978 Y95.536 E.14571
G1 X95.978 Y95.978 E.01496
G1 X96.522 Y96.522 E.02604
G1 X97.295 Y96.522 E.02617
G1 X99.022 Y94.795 E.08267
G1 X99.022 Y94.416 E.01283
G1 X95.978 Y91.373 E.14569
G1 X95.978 Y90.93 E.015
G1 X99.022 Y87.886 E.14571
G1 X99.022 Y87.508 E.01279
G1 X95.978 Y84.464 E.14571
G1 X95.978 Y84.022 E.01496
G1 X96.522 Y83.478 E.02604
G1 X95.978 Y83.478 E.01841
G1 X95.978 Y83.818 E.01151
M204 P2000
;LAYER_CHANGE
;Z:14.2
;HEIGHT:0.2
;BEFORE_LAYER_CHANGE
G92 E0.0
;14.2
M201 X3995.26 Y3995.26

G1 E-2.5 F4200
G1 Z14.2 F720
;AFTER_LAYER_CHANGE
;14.2
M74 W2.06042

G1 Z14.4
G1 X95.632 Y96.868 F10800
G1 Z14.2 F720
G1 E2.5 F2400
M204 P2500
;TYPE:Perimeter
;WIDTH:0.449999
G1 F900
G1 X95.632 Y83.132 E.46495
G1 X99.368 Y83.132 E.12646
G1 X99.368 Y96.868 E.46495
G1 X95.692 Y96.868 E.12443
M204 P2000
G1 X95.225 Y97.275 F10800
;TYPE:External perimeter
G1 F900
G1 X95.225 Y82.725 E.4925
G1 X99.775 Y82.725 E.15401
G1 X99.775 Y97.275 E.4925
G1 X95.285 Y97.275 E.15198
G1 X95.226 Y96.879 F10800
G1 E-2.5 F4200
G1 Z14.4 F720
G1 X99.022 Y94.998 F10800
G1 Z14.2 F720
G1 E2.5 F2400
M204 P4000
;TYPE:Internal infill
;WIDTH:0.45
G1 F900
G1 X99.022 Y96.522 E.05159
G1 X98.825 Y96.522 E.00667
G1 X95.978 Y93.675 E.13628
G1 X95.978 Y93.233 E.01496
G1 X99.022 Y90.189 E.14571
G1 X99.022 Y89.811 E.01279
G1 X95.978 Y86.767 E.14571
G1 X95.978 Y86.325 E.01496
G1 X98.825 Y83.478 E.13628
G1 X97.295 Y83.478 E.05179
G1 X99.022 Y85.205 E.08267
G1 X99.022 Y85.584 E.01283
G1 X95.978 Y88.627 E.14569
G1 X95.978 Y89.07 E.015
G1 X99.022 Y92.114 E.14571
G1 X99.022 Y92.492 E.01279
G1 X95.978 Y95.536 E.14571
G1 X95.978 Y95.978 E.01496
G1 X96.522 Y96.522 E.02604
G1 X97.295 Y96.522 E.02617
G1 X99.022 Y94.795 E.08267
G1 X99.022 Y94.416 E.01283
G1 X95.978 Y91.373 E.14569
G1 X95.978 Y90.93 E.015
G1 X99.022 Y87.886 E.14571
G1 X99.022 Y87.508 E.01279
G1 X95.978 Y84.464 E.14571
G1 X95.978 Y84.022 E.01496
G1 X96.522 Y83.478 E.02604
G1 X95.978 Y83.478 E.01841
G1 X95.978 Y83.818 E.01151
M204 P2000
;LAYER_CHANGE
;Z:14.4
;HEIGHT:0.2
;BEFORE_LAYER_CHANGE
G92 E0.0
;14.4
M201 X3995.23 Y3995.23

G1 E-2.5 F4200
G1 Z14.4 F720
;AFTER_LAYER_CHANGE
;14.4
M74 W2.07368

G1 Z14.6
G1 X95.632 Y96.868 F10800
G1 Z14.4 F720
G1 E2.5 F2400
M204 P2500
;TYPE:Perimeter
;WIDTH:0.449999
G1 F900
G1 X95.632 Y83.132 E.46495
G1 X99.368 Y83.132 E.12646
M73 Q30 S36
G1 X99.368 Y96.868 E.46495
G1 X95.692 Y96.868 E.12443
M204 P2000
G1 X95.225 Y97.275 F10800
;TYPE:External perimeter
G1 F900
G1 X95.225 Y82.725 E.4925
G1 X99.775 Y82.725 E.15401
G1 X99.775 Y97.275 E.4925
G1 X95.285 Y97.275 E.15198
G1 X95.226 Y96.879 F10800
G1 E-2.5 F4200
G1 Z14.6 F720
G1 X99.022 Y94.998 F10800
G1 Z14.4 F720
M73 P30 R36
G1 E2.5 F2400
M204 P4000
;TYPE:Internal infill
;WIDTH:0.45
G1 F900
G1 X99.022 Y96.522 E.05159
G1 X98.825 Y96.522 E.00667
G1 X95.978 Y93.675 E.13628
G1 X95.978 Y93.233 E.01496
G1 X99.022 Y90.189 E.14571
G1 X99.022 Y89.811 E.01279
G1 X95.978 Y86.767 E.14571
G1 X95.978 Y86.325 E.01496
G1 X98.825 Y83.478 E.13628
G1 X97.295 Y83.478 E.05179
G1 X99.022 Y85.205 E.08267
G1 X99.022 Y85.584 E.01283
G1 X95.978 Y88.627 E.14569
G1 X95.978 Y89.07 E.015
G1 X99.022 Y92.114 E.14571
G1 X99.022 Y92.492 E.01279
G1 X95.978 Y95.536 E.14571
G1 X95.978 Y95.978 E.01496
G1 X96.522 Y96.522 E.02604
G1 X97.295 Y96.522 E.02617
G1 X99.022 Y94.795 E.08267
G1 X99.022 Y94.416 E.01283
G1 X95.978 Y91.373 E.14569
G1 X95.978 Y90.93 E.015
G1 X99.022 Y87.886 E.14571
G1 X99.022 Y87.508 E.01279
G1 X95.978 Y84.464 E.14571
G1 X95.978 Y84.022 E.01496
G1 X96.522 Y83.478 E.02604
G1 X95.978 Y83.478 E.01841
G1 X95.978 Y83.818 E.01151
M204 P2000
;LAYER_CHANGE
;Z:14.6
;HEIGHT:0.200001
;BEFORE_LAYER_CHANGE
G92 E0.0
;14.6
M201 X3995.2 Y3995.2

G1 E-2.5 F4200
G1 Z14.6 F720
;AFTER_LAYER_CHANGE
;14.6
M74 W2.08695

G1 Z14.8
G1 X95.632 Y96.868 F10800
G1 Z14.6 F720
G1 E2.5 F2400
M204 P2500
;TYPE:Perimeter
;WIDTH:0.449999
G1 F900
G1 X95.632 Y83.132 E.46495
G1 X99.368 Y83.132 E.12646
G1 X99.368 Y96.868 E.46495
G1 X95.692 Y96.868 E.12443
M204 P2000
G1 X95.225 Y97.275 F10800
;TYPE:External perimeter
G1 F900
G1 X95.225 Y82.725 E.4925
G1 X99.775 Y82.725 E.15401
G1 X99.775 Y97.275 E.4925
G1 X95.285 Y97.275 E.15198
G1 X95.226 Y96.879 F10800
G1 E-2.5 F4200
G1 Z14.8 F720
G1 X99.022 Y94.998 F10800
G1 Z14.6 F720
G1 E2.5 F2400
M204 P4000
;TYPE:Internal infill
;WIDTH:0.45
G1 F900
G1 X99.022 Y96.522 E.05159
G1 X98.825 Y96.522 E.00667
G1 X95.978 Y93.675 E.13628
G1 X95.978 Y93.233 E.01496
G1 X99.022 Y90.189 E.14571
G1 X99.022 Y89.811 E.01279
G1 X95.978 Y86.767 E.14571
G1 X95.978 Y86.325 E.01496
G1 X98.825 Y83.478 E.13628
G1 X97.295 Y83.478 E.05179
G1 X99.022 Y85.205 E.08267
G1 X99.022 Y85.584 E.01283
G1 X95.978 Y88.627 E.14569
G1 X95.978 Y89.07 E.015
G1 X99.022 Y92.114 E.14571
G1 X99.022 Y92.492 E.01279
G1 X95.978 Y95.536 E.14571
G1 X95.978 Y95.978 E.01496
G1 X96.522 Y96.522 E.02604
G1 X97.295 Y96.522 E.02617
G1 X99.022 Y94.795 E.08267
G1 X99.022 Y94.416 E.01283
G1 X95.978 Y91.373 E.14569
G1 X95.978 Y90.93 E.015
G1 X99.022 Y87.886 E.14571
G1 X99.022 Y87.508 E.01279
G1 X95.978 Y84.464 E.14571
G1 X95.978 Y84.022 E.01496
G1 X96.522 Y83.478 E.02604
G1 X95.978 Y83.478 E.01841
G1 X95.978 Y83.818 E.01151
M204 P2000
;LAYER_CHANGE
;Z:14.8
;HEIGHT:0.2
;BEFORE_LAYER_CHANGE
G92 E0.0
;14.8
M201 X3995.17 Y3995.17

G1 E-2.5 F4200
G1 Z14.8 F720
;AFTER_LAYER_CHANGE
;14.8
M74 W2.10021

G1 Z15
G1 X95.632 Y96.868 F10800
G1 Z14.8 F720
G1 E2.5 F2400
M204 P2500
;TYPE:Perimeter
;WIDTH:0.449999
G1 F900
G1 X95.632 Y83.132 E.46495
G1 X99.368 Y83.132 E.12646
G1 X99.368 Y96.868 E.46495
G1 X95.692 Y96.868 E.12443
M204 P2000
G1 X95.225 Y97.275 F10800
;TYPE:External perimeter
G1 F900
G1 X95.225 Y82.725 E.4925
G1 X99.775 Y82.725 E.15401
G1 X99.775 Y97.275 E.4925
G1 X95.285 Y97.275 E.15198
G1 X95.226 Y96.879 F10800
G1 E-2.5 F4200
G1 Z15 F720
G1 X99.022 Y94.998 F10800
G1 Z14.8 F720
G1 E2.5 F2400
M204 P4000
;TYPE:Internal infill
;WIDTH:0.45
G1 F900
G1 X99.022 Y96.522 E.05159
G1 X98.825 Y96.522 E.00667
G1 X95.978 Y93.675 E.13628
G1 X95.978 Y93.233 E.01496
G1 X99.022 Y90.189 E.14571
G1 X99.022 Y89.811 E.01279
G1 X95.978 Y86.767 E.14571
G1 X95.978 Y86.325 E.01496
G1 X98.825 Y83.478 E.13628
G1 X97.295 Y83.478 E.05179
G1 X99.022 Y85.205 E.08267
G1 X99.022 Y85.584 E.01283
G1 X95.978 Y88.627 E.14569
G1 X95.978 Y89.07 E.015
G1 X99.022 Y92.114 E.14571
G1 X99.022 Y92.492 E.01279
G1 X95.978 Y95.536 E.14571
G1 X95.978 Y95.978 E.01496
G1 X96.522 Y96.522 E.02604
G1 X97.295 Y96.522 E.02617
G1 X99.022 Y94.795 E.08267
G1 X99.022 Y94.416 E.01283
G1 X95.978 Y91.373 E.14569
G1 X95.978 Y90.93 E.015
M73 P30 R35
G1 X99.022 Y87.886 E.14571
G1 X99.022 Y87.508 E.01279
G1 X95.978 Y84.464 E.14571
G1 X95.978 Y84.022 E.01496
G1 X96.522 Y83.478 E.02604
G1 X95.978 Y83.478 E.01841
G1 X95.978 Y83.818 E.01151
M204 P2000
;LAYER_CHANGE
;Z:15
;HEIGHT:0.2
;BEFORE_LAYER_CHANGE
G92 E0.0
;15
M201 X3995.14 Y3995.14

G1 E-2.5 F4200
G1 Z15 F720
;AFTER_LAYER_CHANGE
;15
M74 W2.11348

G1 Z15.2
G1 X95.632 Y96.868 F10800
G1 Z15 F720
G1 E2.5 F2400
M204 P2500
;TYPE:Perimeter
;WIDTH:0.449999
G1 F900
G1 X95.632 Y83.132 E.46495
G1 X99.368 Y83.132 E.12646
G1 X99.368 Y96.868 E.46495
G1 X95.692 Y96.868 E.12443
M204 P2000
G1 X95.225 Y97.275 F10800
;TYPE:External perimeter
G1 F900
G1 X95.225 Y82.725 E.4925
G1 X99.775 Y82.725 E.15401
G1 X99.775 Y97.275 E.4925
G1 X95.285 Y97.275 E.15198
M73 Q31 S36
G1 X95.226 Y96.879 F10800
G1 E-2.5 F4200
G1 Z15.2 F720
G1 X99.022 Y94.998 F10800
G1 Z15 F720
G1 E2.5 F2400
M204 P4000
;TYPE:Internal infill
;WIDTH:0.45
G1 F900
G1 X99.022 Y96.522 E.05159
G1 X98.825 Y96.522 E.00667
G1 X95.978 Y93.675 E.13628
G1 X95.978 Y93.233 E.01496
G1 X99.022 Y90.189 E.14571
G1 X99.022 Y89.811 E.01279
G1 X95.978 Y86.767 E.14571
G1 X95.978 Y86.325 E.01496
G1 X98.825 Y83.478 E.13628
G1 X97.295 Y83.478 E.05179
G1 X99.022 Y85.205 E.08267
G1 X99.022 Y85.584 E.01283
G1 X95.978 Y88.627 E.14569
G1 X95.978 Y89.07 E.015
G1 X99.022 Y92.114 E.14571
G1 X99.022 Y92.492 E.01279
G1 X95.978 Y95.536 E.14571
G1 X95.978 Y95.978 E.01496
G1 X96.522 Y96.522 E.02604
G1 X97.295 Y96.522 E.02617
G1 X99.022 Y94.795 E.08267
G1 X99.022 Y94.416 E.01283
M73 P31 R35
G1 X95.978 Y91.373 E.14569
G1 X95.978 Y90.93 E.015
G1 X99.022 Y87.886 E.14571
G1 X99.022 Y87.508 E.01279
G1 X95.978 Y84.464 E.14571
G1 X95.978 Y84.022 E.01496
G1 X96.522 Y83.478 E.02604
G1 X95.978 Y83.478 E.01841
G1 X95.978 Y83.818 E.01151
M204 P2000
;LAYER_CHANGE
;Z:15.2
;HEIGHT:0.2
;BEFORE_LAYER_CHANGE
G92 E0.0
;15.2
M201 X3995.11 Y3995.11

G1 E-2.5 F4200
G1 Z15.2 F720
;AFTER_LAYER_CHANGE
;15.2
M74 W2.12674

G1 Z15.4
G1 X95.632 Y96.868 F10800
G1 Z15.2 F720
G1 E2.5 F2400
M204 P2500
;TYPE:Perimeter
;WIDTH:0.449999
G1 F900
G1 X95.632 Y83.132 E.46495
G1 X99.368 Y83.132 E.12646
G1 X99.368 Y96.868 E.46495
G1 X95.692 Y96.868 E.12443
M204 P2000
G1 X95.225 Y97.275 F10800
M73 Q31 S35
;TYPE:External perimeter
G1 F900
G1 X95.225 Y82.725 E.4925
G1 X99.775 Y82.725 E.15401
G1 X99.775 Y97.275 E.4925
G1 X95.285 Y97.275 E.15198
G1 X95.226 Y96.879 F10800
G1 E-2.5 F4200
G1 Z15.4 F720
G1 X99.022 Y94.998 F10800
G1 Z15.2 F720
G1 E2.5 F2400
M204 P4000
;TYPE:Internal infill
;WIDTH:0.45
G1 F900
G1 X99.022 Y96.522 E.05159
G1 X98.825 Y96.522 E.00667
G1 X95.978 Y93.675 E.13628
G1 X95.978 Y93.233 E.01496
G1 X99.022 Y90.189 E.14571
G1 X99.022 Y89.811 E.01279
G1 X95.978 Y86.767 E.14571
G1 X95.978 Y86.325 E.01496
G1 X98.825 Y83.478 E.13628
G1 X97.295 Y83.478 E.05179
G1 X99.022 Y85.205 E.08267
G1 X99.022 Y85.584 E.01283
G1 X95.978 Y88.627 E.14569
G1 X95.978 Y89.07 E.015
G1 X99.022 Y92.114 E.14571
G1 X99.022 Y92.492 E.01279
G1 X95.978 Y95.536 E.14571
G1 X95.978 Y95.978 E.01496
G1 X96.522 Y96.522 E.02604
G1 X97.295 Y96.522 E.02617
G1 X99.022 Y94.795 E.08267
G1 X99.022 Y94.416 E.01283
G1 X95.978 Y91.373 E.14569
G1 X95.978 Y90.93 E.015
G1 X99.022 Y87.886 E.14571
G1 X99.022 Y87.508 E.01279
G1 X95.978 Y84.464 E.14571
G1 X95.978 Y84.022 E.01496
G1 X96.522 Y83.478 E.02604
G1 X95.978 Y83.478 E.01841
G1 X95.978 Y83.818 E.01151
M204 P2000
;LAYER_CHANGE
;Z:15.4
;HEIGHT:0.2
;BEFORE_LAYER_CHANGE
G92 E0.0
;15.4
M201 X3995.08 Y3995.08

G1 E-2.5 F4200
G1 Z15.4 F720
;AFTER_LAYER_CHANGE
;15.4
M74 W2.14001

G1 Z15.6
G1 X95.632 Y96.868 F10800
G1 Z15.4 F720
G1 E2.5 F2400
M204 P2500
;TYPE:Perimeter
;WIDTH:0.449999
G1 F900
G1 X95.632 Y83.132 E.46495
G1 X99.368 Y83.132 E.12646
G1 X99.368 Y96.868 E.46495
G1 X95.692 Y96.868 E.12443
M204 P2000
G1 X95.225 Y97.275 F10800
;TYPE:External perimeter
G1 F900
G1 X95.225 Y82.725 E.4925
G1 X99.775 Y82.725 E.15401
G1 X99.775 Y97.275 E.4925
G1 X95.285 Y97.275 E.15198
G1 X95.226 Y96.879 F10800
G1 E-2.5 F4200
G1 Z15.6 F720
G1 X99.022 Y94.998 F10800
G1 Z15.4 F720
G1 E2.5 F2400
M204 P4000
;TYPE:Internal infill
;WIDTH:0.45
G1 F900
G1 X99.022 Y96.522 E.05159
G1 X98.825 Y96.522 E.00667
G1 X95.978 Y93.675 E.13628
G1 X95.978 Y93.233 E.01496
G1 X99.022 Y90.189 E.14571
G1 X99.022 Y89.811 E.01279
G1 X95.978 Y86.767 E.14571
G1 X95.978 Y86.325 E.01496
G1 X98.825 Y83.478 E.13628
G1 X97.295 Y83.478 E.05179
G1 X99.022 Y85.205 E.08267
G1 X99.022 Y85.584 E.01283
G1 X95.978 Y88.627 E.14569
G1 X95.978 Y89.07 E.015
G1 X99.022 Y92.114 E.14571
G1 X99.022 Y92.492 E.01279
G1 X95.978 Y95.536 E.14571
G1 X95.978 Y95.978 E.01496
G1 X96.522 Y96.522 E.02604
G1 X97.295 Y96.522 E.02617
G1 X99.022 Y94.795 E.08267
G1 X99.022 Y94.416 E.01283
G1 X95.978 Y91.373 E.14569
G1 X95.978 Y90.93 E.015
G1 X99.022 Y87.886 E.14571
G1 X99.022 Y87.508 E.01279
G1 X95.978 Y84.464 E.14571
G1 X95.978 Y84.022 E.01496
G1 X96.522 Y83.478 E.02604
G1 X95.978 Y83.478 E.01841
G1 X95.978 Y83.818 E.01151
M204 P2000
;LAYER_CHANGE
;Z:15.6
;HEIGHT:0.200001
;BEFORE_LAYER_CHANGE
G92 E0.0
;15.6
M201 X3995.05 Y3995.05

G1 E-2.5 F4200
G1 Z15.6 F720
;AFTER_LAYER_CHANGE
;15.6
M74 W2.15327

G1 Z15.8
G1 X95.632 Y96.868 F10800
G1 Z15.6 F720
G1 E2.5 F2400
M204 P2500
;TYPE:Perimeter
;WIDTH:0.449999
G1 F900
G1 X95.632 Y83.132 E.46495
G1 X99.368 Y83.132 E.12646
G1 X99.368 Y96.868 E.46495
G1 X95.692 Y96.868 E.12443
M204 P2000
G1 X95.225 Y97.275 F10800
;TYPE:External perimeter
G1 F900
G1 X95.225 Y82.725 E.4925
G1 X99.775 Y82.725 E.15401
G1 X99.775 Y97.275 E.4925
G1 X95.285 Y97.275 E.15198
G1 X95.226 Y96.879 F10800
G1 E-2.5 F4200
G1 Z15.8 F720
G1 X99.022 Y94.998 F10800
G1 Z15.6 F720
G1 E2.5 F2400
M204 P4000
;TYPE:Internal infill
;WIDTH:0.45
G1 F900
G1 X99.022 Y96.522 E.05159
G1 X98.825 Y96.522 E.00667
G1 X95.978 Y93.675 E.13628
G1 X95.978 Y93.233 E.01496
G1 X99.022 Y90.189 E.14571
G1 X99.022 Y89.811 E.01279
G1 X95.978 Y86.767 E.14571
G1 X95.978 Y86.325 E.01496
G1 X98.825 Y83.478 E.13628
G1 X97.295 Y83.478 E.05179
G1 X99.022 Y85.205 E.08267
M73 Q32 S35
G1 X99.022 Y85.584 E.01283
G1 X95.978 Y88.627 E.14569
G1 X95.978 Y89.07 E.015
G1 X99.022 Y92.114 E.14571
G1 X99.022 Y92.492 E.01279
G1 X95.978 Y95.536 E.14571
G1 X95.978 Y95.978 E.01496
G1 X96.522 Y96.522 E.02604
G1 X97.295 Y96.522 E.02617
G1 X99.022 Y94.795 E.08267
G1 X99.022 Y94.416 E.01283
G1 X95.978 Y91.373 E.14569
G1 X95.978 Y90.93 E.015
G1 X99.022 Y87.886 E.14571
G1 X99.022 Y87.508 E.01279
G1 X95.978 Y84.464 E.14571
G1 X95.978 Y84.022 E.01496
G1 X96.522 Y83.478 E.02604
G1 X95.978 Y83.478 E.01841
G1 X95.978 Y83.818 E.01151
M204 P2000
;LAYER_CHANGE
;Z:15.8
;HEIGHT:0.2
;BEFORE_LAYER_CHANGE
G92 E0.0
;15.8
M201 X3995.02 Y3995.02

G1 E-2.5 F4200
G1 Z15.8 F720
;AFTER_LAYER_CHANGE
;15.8
M74 W2.16653

G1 Z16
G1 X95.632 Y96.868 F10800
G1 Z15.8 F720
G1 E2.5 F2400
M204 P2500
;TYPE:Perimeter
;WIDTH:0.449999
G1 F900
G1 X95.632 Y83.132 E.46495
G1 X99.368 Y83.132 E.12646
G1 X99.368 Y96.868 E.46495
G1 X95.692 Y96.868 E.12443
M73 P32 R35
M204 P2000
G1 X95.225 Y97.275 F10800
;TYPE:External perimeter
G1 F900
G1 X95.225 Y82.725 E.4925
G1 X99.775 Y82.725 E.15401
G1 X99.775 Y97.275 E.4925
G1 X95.285 Y97.275 E.15198
G1 X95.226 Y96.879 F10800
G1 E-2.5 F4200
G1 Z16 F720
G1 X99.022 Y94.998 F10800
G1 Z15.8 F720
G1 E2.5 F2400
M204 P4000
;TYPE:Internal infill
;WIDTH:0.45
G1 F900
G1 X99.022 Y96.522 E.05159
G1 X98.825 Y96.522 E.00667
G1 X95.978 Y93.675 E.13628
G1 X95.978 Y93.233 E.01496
G1 X99.022 Y90.189 E.14571
G1 X99.022 Y89.811 E.01279
G1 X95.978 Y86.767 E.14571
G1 X95.978 Y86.325 E.01496
G1 X98.825 Y83.478 E.13628
G1 X97.295 Y83.478 E.05179
G1 X99.022 Y85.205 E.08267
G1 X99.022 Y85.584 E.01283
G1 X95.978 Y88.627 E.14569
G1 X95.978 Y89.07 E.015
G1 X99.022 Y92.114 E.14571
G1 X99.022 Y92.492 E.01279
G1 X95.978 Y95.536 E.14571
G1 X95.978 Y95.978 E.01496
G1 X96.522 Y96.522 E.02604
G1 X97.295 Y96.522 E.02617
G1 X99.022 Y94.795 E.08267
G1 X99.022 Y94.416 E.01283
G1 X95.978 Y91.373 E.14569
G1 X95.978 Y90.93 E.015
G1 X99.022 Y87.886 E.14571
G1 X99.022 Y87.508 E.01279
G1 X95.978 Y84.464 E.14571
G1 X95.978 Y84.022 E.01496
G1 X96.522 Y83.478 E.02604
G1 X95.978 Y83.478 E.01841
G1 X95.978 Y83.818 E.01151
M204 P2000
;LAYER_CHANGE
;Z:16
;HEIGHT:0.2
;BEFORE_LAYER_CHANGE
G92 E0.0
;16
M201 X3994.99 Y3994.99

G1 E-2.5 F4200
G1 Z16 F720
;AFTER_LAYER_CHANGE
;16
M74 W2.1798

G1 Z16.2
G1 X95.632 Y96.868 F10800
G1 Z16 F720
G1 E2.5 F2400
M204 P2500
;TYPE:Perimeter
;WIDTH:0.449999
G1 F900
G1 X95.632 Y83.132 E.46495
G1 X99.368 Y83.132 E.12646
G1 X99.368 Y96.868 E.46495
G1 X95.692 Y96.868 E.12443
M204 P2000
G1 X95.225 Y97.275 F10800
;TYPE:External perimeter
G1 F900
G1 X95.225 Y82.725 E.4925
G1 X99.775 Y82.725 E.15401
G1 X99.775 Y97.275 E.4925
G1 X95.285 Y97.275 E.15198
G1 X95.226 Y96.879 F10800
G1 E-2.5 F4200
G1 Z16.2 F720
G1 X99.022 Y94.998 F10800
G1 Z16 F720
G1 E2.5 F2400
M204 P4000
;TYPE:Internal infill
;WIDTH:0.45
G1 F900
G1 X99.022 Y96.522 E.05159
G1 X98.825 Y96.522 E.00667
G1 X95.978 Y93.675 E.13628
G1 X95.978 Y93.233 E.01496
G1 X99.022 Y90.189 E.14571
G1 X99.022 Y89.811 E.01279
G1 X95.978 Y86.767 E.14571
G1 X95.978 Y86.325 E.01496
G1 X98.825 Y83.478 E.13628
G1 X97.295 Y83.478 E.05179
G1 X99.022 Y85.205 E.08267
G1 X99.022 Y85.584 E.01283
G1 X95.978 Y88.627 E.14569
G1 X95.978 Y89.07 E.015
G1 X99.022 Y92.114 E.14571
G1 X99.022 Y92.492 E.01279
G1 X95.978 Y95.536 E.14571
G1 X95.978 Y95.978 E.01496
G1 X96.522 Y96.522 E.02604
G1 X97.295 Y96.522 E.02617
G1 X99.022 Y94.795 E.08267
G1 X99.022 Y94.416 E.01283
G1 X95.978 Y91.373 E.14569
G1 X95.978 Y90.93 E.015
G1 X99.022 Y87.886 E.14571
G1 X99.022 Y87.508 E.01279
G1 X95.978 Y84.464 E.14571
G1 X95.978 Y84.022 E.01496
G1 X96.522 Y83.478 E.02604
G1 X95.978 Y83.478 E.01841
G1 X95.978 Y83.818 E.01151
M204 P2000
;LAYER_CHANGE
;Z:16.2
;HEIGHT:0.200001
;BEFORE_LAYER_CHANGE
G92 E0.0
;16.2
M201 X3994.96 Y3994.96

G1 E-2.5 F4200
G1 Z16.2 F720
;AFTER_LAYER_CHANGE
;16.2
M74 W2.19306

G1 Z16.4
G1 X95.632 Y96.868 F10800
G1 Z16.2 F720
G1 E2.5 F2400
M204 P2500
;TYPE:Perimeter
;WIDTH:0.449999
G1 F900
G1 X95.632 Y83.132 E.46495
G1 X99.368 Y83.132 E.12646
G1 X99.368 Y96.868 E.46495
G1 X95.692 Y96.868 E.12443
M204 P2000
G1 X95.225 Y97.275 F10800
M73 P32 R34
;TYPE:External perimeter
G1 F900
G1 X95.225 Y82.725 E.4925
G1 X99.775 Y82.725 E.15401
G1 X99.775 Y97.275 E.4925
G1 X95.285 Y97.275 E.15198
G1 X95.226 Y96.879 F10800
G1 E-2.5 F4200
G1 Z16.4 F720
G1 X99.022 Y94.998 F10800
G1 Z16.2 F720
G1 E2.5 F2400
M204 P4000
;TYPE:Internal infill
;WIDTH:0.45
G1 F900
G1 X99.022 Y96.522 E.05159
G1 X98.825 Y96.522 E.00667
G1 X95.978 Y93.675 E.13628
G1 X95.978 Y93.233 E.01496
G1 X99.022 Y90.189 E.14571
G1 X99.022 Y89.811 E.01279
G1 X95.978 Y86.767 E.14571
G1 X95.978 Y86.325 E.01496
G1 X98.825 Y83.478 E.13628
G1 X97.295 Y83.478 E.05179
G1 X99.022 Y85.205 E.08267
G1 X99.022 Y85.584 E.01283
G1 X95.978 Y88.627 E.14569
G1 X95.978 Y89.07 E.015
G1 X99.022 Y92.114 E.14571
G1 X99.022 Y92.492 E.01279
G1 X95.978 Y95.536 E.14571
G1 X95.978 Y95.978 E.01496
G1 X96.522 Y96.522 E.02604
G1 X97.295 Y96.522 E.02617
G1 X99.022 Y94.795 E.08267
G1 X99.022 Y94.416 E.01283
G1 X95.978 Y91.373 E.14569
G1 X95.978 Y90.93 E.015
G1 X99.022 Y87.886 E.14571
G1 X99.022 Y87.508 E.01279
G1 X95.978 Y84.464 E.14571
G1 X95.978 Y84.022 E.01496
G1 X96.522 Y83.478 E.02604
G1 X95.978 Y83.478 E.01841
G1 X95.978 Y83.818 E.01151
M204 P2000
;LAYER_CHANGE
;Z:16.4
;HEIGHT:0.199999
;BEFORE_LAYER_CHANGE
G92 E0.0
;16.4
M201 X3994.93 Y3994.93

G1 E-2.5 F4200
G1 Z16.4 F720
;AFTER_LAYER_CHANGE
;16.4
M74 W2.20633

G1 Z16.6
G1 X95.632 Y96.868 F10800
G1 Z16.4 F720
G1 E2.5 F2400
M204 P2500
;TYPE:Perimeter
;WIDTH:0.449999
G1 F900
M73 Q33 S35
G1 X95.632 Y83.132 E.46495
G1 X99.368 Y83.132 E.12646
G1 X99.368 Y96.868 E.46495
G1 X95.692 Y96.868 E.12443
M204 P2000
G1 X95.225 Y97.275 F10800
;TYPE:External perimeter
G1 F900
G1 X95.225 Y82.725 E.4925
G1 X99.775 Y82.725 E.15401
G1 X99.775 Y97.275 E.4925
G1 X95.285 Y97.275 E.15198
M73 P33 R34
G1 X95.226 Y96.879 F10800
G1 E-2.5 F4200
G1 Z16.6 F720
G1 X99.022 Y94.998 F10800
G1 Z16.4 F720
M73 Q33 S34
G1 E2.5 F2400
M204 P4000
;TYPE:Internal infill
;WIDTH:0.45
G1 F900
G1 X99.022 Y96.522 E.05159
G1 X98.825 Y96.522 E.00667
G1 X95.978 Y93.675 E.13628
G1 X95.978 Y93.233 E.01496
G1 X99.022 Y90.189 E.14571
G1 X99.022 Y89.811 E.01279
G1 X95.978 Y86.767 E.14571
G1 X95.978 Y86.325 E.01496
G1 X98.825 Y83.478 E.13628
G1 X97.295 Y83.478 E.05179
G1 X99.022 Y85.205 E.08267
G1 X99.022 Y85.584 E.01283
G1 X95.978 Y88.627 E.14569
G1 X95.978 Y89.07 E.015
G1 X99.022 Y92.114 E.14571
G1 X99.022 Y92.492 E.01279
G1 X95.978 Y95.536 E.14571
G1 X95.978 Y95.978 E.01496
G1 X96.522 Y96.522 E.02604
G1 X97.295 Y96.522 E.02617
G1 X99.022 Y94.795 E.08267
G1 X99.022 Y94.416 E.01283
G1 X95.978 Y91.373 E.14569
G1 X95.978 Y90.93 E.015
G1 X99.022 Y87.886 E.14571
G1 X99.022 Y87.508 E.01279
G1 X95.978 Y84.464 E.14571
G1 X95.978 Y84.022 E.01496
G1 X96.522 Y83.478 E.02604
G1 X95.978 Y83.478 E.01841
G1 X95.978 Y83.818 E.01151
M204 P2000
;LAYER_CHANGE
;Z:16.6
;HEIGHT:0.200001
;BEFORE_LAYER_CHANGE
G92 E0.0
;16.6
M201 X3994.89 Y3994.89

G1 E-2.5 F4200
G1 Z16.6 F720
;AFTER_LAYER_CHANGE
;16.6
M74 W2.21959

G1 Z16.8
G1 X95.632 Y96.868 F10800
G1 Z16.6 F720
G1 E2.5 F2400
M204 P2500
;TYPE:Perimeter
;WIDTH:0.449999
G1 F900
G1 X95.632 Y83.132 E.46495
G1 X99.368 Y83.132 E.12646
G1 X99.368 Y96.868 E.46495
G1 X95.692 Y96.868 E.12443
M204 P2000
G1 X95.225 Y97.275 F10800
;TYPE:External perimeter
G1 F900
G1 X95.225 Y82.725 E.4925
G1 X99.775 Y82.725 E.15401
G1 X99.775 Y97.275 E.4925
G1 X95.285 Y97.275 E.15198
G1 X95.226 Y96.879 F10800
G1 E-2.5 F4200
G1 Z16.8 F720
G1 X99.022 Y94.998 F10800
G1 Z16.6 F720
G1 E2.5 F2400
M204 P4000
;TYPE:Internal infill
;WIDTH:0.45
G1 F900
G1 X99.022 Y96.522 E.05159
G1 X98.825 Y96.522 E.00667
G1 X95.978 Y93.675 E.13628
G1 X95.978 Y93.233 E.01496
G1 X99.022 Y90.189 E.14571
G1 X99.022 Y89.811 E.01279
G1 X95.978 Y86.767 E.14571
G1 X95.978 Y86.325 E.01496
G1 X98.825 Y83.478 E.13628
G1 X97.295 Y83.478 E.05179
G1 X99.022 Y85.205 E.08267
G1 X99.022 Y85.584 E.01283
G1 X95.978 Y88.627 E.14569
G1 X95.978 Y89.07 E.015
G1 X99.022 Y92.114 E.14571
G1 X99.022 Y92.492 E.01279
G1 X95.978 Y95.536 E.14571
G1 X95.978 Y95.978 E.01496
G1 X96.522 Y96.522 E.02604
G1 X97.295 Y96.522 E.02617
G1 X99.022 Y94.795 E.08267
G1 X99.022 Y94.416 E.01283
G1 X95.978 Y91.373 E.14569
G1 X95.978 Y90.93 E.015
G1 X99.022 Y87.886 E.14571
G1 X99.022 Y87.508 E.01279
G1 X95.978 Y84.464 E.14571
G1 X95.978 Y84.022 E.01496
G1 X96.522 Y83.478 E.02604
G1 X95.978 Y83.478 E.01841
G1 X95.978 Y83.818 E.01151
M204 P2000
;LAYER_CHANGE
;Z:16.8
;HEIGHT:0.199999
;BEFORE_LAYER_CHANGE
G92 E0.0
;16.8
M201 X3994.86 Y3994.86

G1 E-2.5 F4200
G1 Z16.8 F720
;AFTER_LAYER_CHANGE
;16.8
M74 W2.23286

G1 Z17
G1 X95.632 Y96.868 F10800
G1 Z16.8 F720
G1 E2.5 F2400
M204 P2500
;TYPE:Perimeter
;WIDTH:0.449999
G1 F900
G1 X95.632 Y83.132 E.46495
G1 X99.368 Y83.132 E.12646
G1 X99.368 Y96.868 E.46495
G1 X95.692 Y96.868 E.12443
M204 P2000
G1 X95.225 Y97.275 F10800
;TYPE:External perimeter
G1 F900
G1 X95.225 Y82.725 E.4925
G1 X99.775 Y82.725 E.15401
G1 X99.775 Y97.275 E.4925
G1 X95.285 Y97.275 E.15198
G1 X95.226 Y96.879 F10800
G1 E-2.5 F4200
G1 Z17 F720
G1 X99.022 Y94.998 F10800
G1 Z16.8 F720
G1 E2.5 F2400
M204 P4000
;TYPE:Internal infill
;WIDTH:0.45
G1 F900
G1 X99.022 Y96.522 E.05159
G1 X98.825 Y96.522 E.00667
G1 X95.978 Y93.675 E.13628
G1 X95.978 Y93.233 E.01496
G1 X99.022 Y90.189 E.14571
G1 X99.022 Y89.811 E.01279
G1 X95.978 Y86.767 E.14571
G1 X95.978 Y86.325 E.01496
G1 X98.825 Y83.478 E.13628
G1 X97.295 Y83.478 E.05179
G1 X99.022 Y85.205 E.08267
G1 X99.022 Y85.584 E.01283
G1 X95.978 Y88.627 E.14569
G1 X95.978 Y89.07 E.015
G1 X99.022 Y92.114 E.14571
G1 X99.022 Y92.492 E.01279
G1 X95.978 Y95.536 E.14571
G1 X95.978 Y95.978 E.01496
G1 X96.522 Y96.522 E.02604
G1 X97.295 Y96.522 E.02617
G1 X99.022 Y94.795 E.08267
G1 X99.022 Y94.416 E.01283
G1 X95.978 Y91.373 E.14569
G1 X95.978 Y90.93 E.015
G1 X99.022 Y87.886 E.14571
G1 X99.022 Y87.508 E.01279
G1 X95.978 Y84.464 E.14571
G1 X95.978 Y84.022 E.01496
G1 X96.522 Y83.478 E.02604
G1 X95.978 Y83.478 E.01841
G1 X95.978 Y83.818 E.01151
M204 P2000
;LAYER_CHANGE
;Z:17
;HEIGHT:0.200001
;BEFORE_LAYER_CHANGE
G92 E0.0
;17
M201 X3994.83 Y3994.83

G1 E-2.5 F4200
G1 Z17 F720
;AFTER_LAYER_CHANGE
;17
M74 W2.24612

G1 Z17.2
G1 X95.632 Y96.868 F10800
G1 Z17 F720
G1 E2.5 F2400
M204 P2500
;TYPE:Perimeter
;WIDTH:0.449999
G1 F900
G1 X95.632 Y83.132 E.46495
G1 X99.368 Y83.132 E.12646
G1 X99.368 Y96.868 E.46495
G1 X95.692 Y96.868 E.12443
M204 P2000
G1 X95.225 Y97.275 F10800
;TYPE:External perimeter
G1 F900
G1 X95.225 Y82.725 E.4925
G1 X99.775 Y82.725 E.15401
M73 Q34 S34
G1 X99.775 Y97.275 E.4925
G1 X95.285 Y97.275 E.15198
G1 X95.226 Y96.879 F10800
G1 E-2.5 F4200
G1 Z17.2 F720
G1 X99.022 Y94.998 F10800
G1 Z17 F720
G1 E2.5 F2400
M204 P4000
;TYPE:Internal infill
;WIDTH:0.45
G1 F900
G1 X99.022 Y96.522 E.05159
G1 X98.825 Y96.522 E.00667
G1 X95.978 Y93.675 E.13628
G1 X95.978 Y93.233 E.01496
G1 X99.022 Y90.189 E.14571
G1 X99.022 Y89.811 E.01279
G1 X95.978 Y86.767 E.14571
G1 X95.978 Y86.325 E.01496
G1 X98.825 Y83.478 E.13628
G1 X97.295 Y83.478 E.05179
G1 X99.022 Y85.205 E.08267
G1 X99.022 Y85.584 E.01283
G1 X95.978 Y88.627 E.14569
G1 X95.978 Y89.07 E.015
M73 P34 R34
G1 X99.022 Y92.114 E.14571
G1 X99.022 Y92.492 E.01279
G1 X95.978 Y95.536 E.14571
G1 X95.978 Y95.978 E.01496
G1 X96.522 Y96.522 E.02604
G1 X97.295 Y96.522 E.02617
G1 X99.022 Y94.795 E.08267
G1 X99.022 Y94.416 E.01283
G1 X95.978 Y91.373 E.14569
G1 X95.978 Y90.93 E.015
G1 X99.022 Y87.886 E.14571
G1 X99.022 Y87.508 E.01279
G1 X95.978 Y84.464 E.14571
G1 X95.978 Y84.022 E.01496
G1 X96.522 Y83.478 E.02604
G1 X95.978 Y83.478 E.01841
G1 X95.978 Y83.818 E.01151
M204 P2000
;LAYER_CHANGE
;Z:17.2
;HEIGHT:0.200001
;BEFORE_LAYER_CHANGE
G92 E0.0
;17.2
M201 X3994.8 Y3994.8

G1 E-2.5 F4200
G1 Z17.2 F720
;AFTER_LAYER_CHANGE
;17.2
M74 W2.25939

G1 Z17.4
G1 X95.632 Y96.868 F10800
G1 Z17.2 F720
G1 E2.5 F2400
M204 P2500
;TYPE:Perimeter
;WIDTH:0.449999
G1 F900
G1 X95.632 Y83.132 E.46495
G1 X99.368 Y83.132 E.12646
G1 X99.368 Y96.868 E.46495
G1 X95.692 Y96.868 E.12443
M204 P2000
G1 X95.225 Y97.275 F10800
;TYPE:External perimeter
G1 F900
G1 X95.225 Y82.725 E.4925
G1 X99.775 Y82.725 E.15401
G1 X99.775 Y97.275 E.4925
G1 X95.285 Y97.275 E.15198
G1 X95.226 Y96.879 F10800
G1 E-2.5 F4200
G1 Z17.4 F720
G1 X99.022 Y94.998 F10800
G1 Z17.2 F720
G1 E2.5 F2400
M204 P4000
;TYPE:Internal infill
;WIDTH:0.45
G1 F900
G1 X99.022 Y96.522 E.05159
G1 X98.825 Y96.522 E.00667
G1 X95.978 Y93.675 E.13628
G1 X95.978 Y93.233 E.01496
G1 X99.022 Y90.189 E.14571
G1 X99.022 Y89.811 E.01279
G1 X95.978 Y86.767 E.14571
G1 X95.978 Y86.325 E.01496
G1 X98.825 Y83.478 E.13628
G1 X97.295 Y83.478 E.05179
G1 X99.022 Y85.205 E.08267
G1 X99.022 Y85.584 E.01283
G1 X95.978 Y88.627 E.14569
G1 X95.978 Y89.07 E.015
G1 X99.022 Y92.114 E.14571
G1 X99.022 Y92.492 E.01279
G1 X95.978 Y95.536 E.14571
G1 X95.978 Y95.978 E.01496
G1 X96.522 Y96.522 E.02604
G1 X97.295 Y96.522 E.02617
G1 X99.022 Y94.795 E.08267
G1 X99.022 Y94.416 E.01283
G1 X95.978 Y91.373 E.14569
G1 X95.978 Y90.93 E.015
G1 X99.022 Y87.886 E.14571
G1 X99.022 Y87.508 E.01279
G1 X95.978 Y84.464 E.14571
G1 X95.978 Y84.022 E.01496
G1 X96.522 Y83.478 E.02604
G1 X95.978 Y83.478 E.01841
G1 X95.978 Y83.818 E.01151
M204 P2000
;LAYER_CHANGE
;Z:17.4
;HEIGHT:0.199999
;BEFORE_LAYER_CHANGE
G92 E0.0
;17.4
M201 X3994.77 Y3994.77

G1 E-2.5 F4200
G1 Z17.4 F720
;AFTER_LAYER_CHANGE
;17.4
M74 W2.27265

G1 Z17.6
G1 X95.632 Y96.868 F10800
G1 Z17.4 F720
G1 E2.5 F2400
M204 P2500
;TYPE:Perimeter
;WIDTH:0.449999
G1 F900
G1 X95.632 Y83.132 E.46495
G1 X99.368 Y83.132 E.12646
G1 X99.368 Y96.868 E.46495
G1 X95.692 Y96.868 E.12443
M204 P2000
G1 X95.225 Y97.275 F10800
;TYPE:External perimeter
G1 F900
G1 X95.225 Y82.725 E.4925
G1 X99.775 Y82.725 E.15401
G1 X99.775 Y97.275 E.4925
G1 X95.285 Y97.275 E.15198
G1 X95.226 Y96.879 F10800
G1 E-2.5 F4200
G1 Z17.6 F720
G1 X99.022 Y94.998 F10800
G1 Z17.4 F720
G1 E2.5 F2400
M204 P4000
;TYPE:Internal infill
;WIDTH:0.45
G1 F900
G1 X99.022 Y96.522 E.05159
G1 X98.825 Y96.522 E.00667
G1 X95.978 Y93.675 E.13628
G1 X95.978 Y93.233 E.01496
M73 P34 R33
G1 X99.022 Y90.189 E.14571
G1 X99.022 Y89.811 E.01279
G1 X95.978 Y86.767 E.14571
G1 X95.978 Y86.325 E.01496
G1 X98.825 Y83.478 E.13628
G1 X97.295 Y83.478 E.05179
G1 X99.022 Y85.205 E.08267
G1 X99.022 Y85.584 E.01283
G1 X95.978 Y88.627 E.14569
G1 X95.978 Y89.07 E.015
G1 X99.022 Y92.114 E.14571
G1 X99.022 Y92.492 E.01279
G1 X95.978 Y95.536 E.14571
G1 X95.978 Y95.978 E.01496
G1 X96.522 Y96.522 E.02604
G1 X97.295 Y96.522 E.02617
G1 X99.022 Y94.795 E.08267
G1 X99.022 Y94.416 E.01283
G1 X95.978 Y91.373 E.14569
G1 X95.978 Y90.93 E.015
G1 X99.022 Y87.886 E.14571
G1 X99.022 Y87.508 E.01279
G1 X95.978 Y84.464 E.14571
G1 X95.978 Y84.022 E.01496
G1 X96.522 Y83.478 E.02604
G1 X95.978 Y83.478 E.01841
G1 X95.978 Y83.818 E.01151
M204 P2000
;LAYER_CHANGE
;Z:17.6
;HEIGHT:0.200001
;BEFORE_LAYER_CHANGE
G92 E0.0
;17.6
M201 X3994.74 Y3994.74

G1 E-2.5 F4200
G1 Z17.6 F720
;AFTER_LAYER_CHANGE
;17.6
M74 W2.28592

G1 Z17.8
G1 X95.632 Y96.868 F10800
G1 Z17.6 F720
G1 E2.5 F2400
M204 P2500
;TYPE:Perimeter
;WIDTH:0.449999
G1 F900
G1 X95.632 Y83.132 E.46495
G1 X99.368 Y83.132 E.12646
G1 X99.368 Y96.868 E.46495
G1 X95.692 Y96.868 E.12443
M204 P2000
G1 X95.225 Y97.275 F10800
;TYPE:External perimeter
G1 F900
G1 X95.225 Y82.725 E.4925
G1 X99.775 Y82.725 E.15401
G1 X99.775 Y97.275 E.4925
G1 X95.285 Y97.275 E.15198
G1 X95.226 Y96.879 F10800
G1 E-2.5 F4200
G1 Z17.8 F720
G1 X99.022 Y94.998 F10800
G1 Z17.6 F720
G1 E2.5 F2400
M204 P4000
;TYPE:Internal infill
;WIDTH:0.45
G1 F900
G1 X99.022 Y96.522 E.05159
G1 X98.825 Y96.522 E.00667
G1 X95.978 Y93.675 E.13628
G1 X95.978 Y93.233 E.01496
G1 X99.022 Y90.189 E.14571
G1 X99.022 Y89.811 E.01279
M73 Q35 S34
G1 X95.978 Y86.767 E.14571
G1 X95.978 Y86.325 E.01496
G1 X98.825 Y83.478 E.13628
G1 X97.295 Y83.478 E.05179
G1 X99.022 Y85.205 E.08267
G1 X99.022 Y85.584 E.01283
G1 X95.978 Y88.627 E.14569
G1 X95.978 Y89.07 E.015
G1 X99.022 Y92.114 E.14571
G1 X99.022 Y92.492 E.01279
G1 X95.978 Y95.536 E.14571
G1 X95.978 Y95.978 E.01496
G1 X96.522 Y96.522 E.02604
G1 X97.295 Y96.522 E.02617
G1 X99.022 Y94.795 E.08267
G1 X99.022 Y94.416 E.01283
M73 Q35 S33
G1 X95.978 Y91.373 E.14569
G1 X95.978 Y90.93 E.015
G1 X99.022 Y87.886 E.14571
G1 X99.022 Y87.508 E.01279
G1 X95.978 Y84.464 E.14571
G1 X95.978 Y84.022 E.01496
G1 X96.522 Y83.478 E.02604
G1 X95.978 Y83.478 E.01841
G1 X95.978 Y83.818 E.01151
M204 P2000
;LAYER_CHANGE
;Z:17.8
;HEIGHT:0.199999
;BEFORE_LAYER_CHANGE
G92 E0.0
;17.8
M201 X3994.71 Y3994.71

G1 E-2.5 F4200
G1 Z17.8 F720
;AFTER_LAYER_CHANGE
;17.8
M74 W2.29918

G1 Z18
G1 X95.632 Y96.868 F10800
G1 Z17.8 F720
G1 E2.5 F2400
M204 P2500
;TYPE:Perimeter
;WIDTH:0.449999
G1 F900
G1 X95.632 Y83.132 E.46495
G1 X99.368 Y83.132 E.12646
M73 P35 R33
G1 X99.368 Y96.868 E.46495
G1 X95.692 Y96.868 E.12443
M204 P2000
G1 X95.225 Y97.275 F10800
;TYPE:External perimeter
G1 F900
G1 X95.225 Y82.725 E.4925
G1 X99.775 Y82.725 E.15401
G1 X99.775 Y97.275 E.4925
G1 X95.285 Y97.275 E.15198
G1 X95.226 Y96.879 F10800
G1 E-2.5 F4200
G1 Z18 F720
G1 X99.022 Y94.998 F10800
G1 Z17.8 F720
G1 E2.5 F2400
M204 P4000
;TYPE:Internal infill
;WIDTH:0.45
G1 F900
G1 X99.022 Y96.522 E.05159
G1 X98.825 Y96.522 E.00667
G1 X95.978 Y93.675 E.13628
G1 X95.978 Y93.233 E.01496
G1 X99.022 Y90.189 E.14571
G1 X99.022 Y89.811 E.01279
G1 X95.978 Y86.767 E.14571
G1 X95.978 Y86.325 E.01496
G1 X98.825 Y83.478 E.13628
G1 X97.295 Y83.478 E.05179
G1 X99.022 Y85.205 E.08267
G1 X99.022 Y85.584 E.01283
G1 X95.978 Y88.627 E.14569
G1 X95.978 Y89.07 E.015
G1 X99.022 Y92.114 E.14571
G1 X99.022 Y92.492 E.01279
G1 X95.978 Y95.536 E.14571
G1 X95.978 Y95.978 E.01496
G1 X96.522 Y96.522 E.02604
G1 X97.295 Y96.522 E.02617
G1 X99.022 Y94.795 E.08267
G1 X99.022 Y94.416 E.01283
G1 X95.978 Y91.373 E.14569
G1 X95.978 Y90.93 E.015
G1 X99.022 Y87.886 E.14571
G1 X99.022 Y87.508 E.01279
G1 X95.978 Y84.464 E.14571
G1 X95.978 Y84.022 E.01496
G1 X96.522 Y83.478 E.02604
G1 X95.978 Y83.478 E.01841
G1 X95.978 Y83.818 E.01151
M204 P2000
;LAYER_CHANGE
;Z:18
;HEIGHT:0.200001
;BEFORE_LAYER_CHANGE
G92 E0.0
;18
M201 X3994.68 Y3994.68

G1 E-2.5 F4200
G1 Z18 F720
;AFTER_LAYER_CHANGE
;18
M74 W2.31245

G1 Z18.2
G1 X95.632 Y96.868 F10800
G1 Z18 F720
G1 E2.5 F2400
M204 P2500
;TYPE:Perimeter
;WIDTH:0.449999
G1 F900
G1 X95.632 Y83.132 E.46495
G1 X99.368 Y83.132 E.12646
G1 X99.368 Y96.868 E.46495
G1 X95.692 Y96.868 E.12443
M204 P2000
G1 X95.225 Y97.275 F10800
;TYPE:External perimeter
G1 F900
G1 X95.225 Y82.725 E.4925
G1 X99.775 Y82.725 E.15401
G1 X99.775 Y97.275 E.4925
G1 X95.285 Y97.275 E.15198
G1 X95.226 Y96.879 F10800
G1 E-2.5 F4200
G1 Z18.2 F720
G1 X99.022 Y94.998 F10800
G1 Z18 F720
G1 E2.5 F2400
M204 P4000
;TYPE:Internal infill
;WIDTH:0.45
G1 F900
G1 X99.022 Y96.522 E.05159
G1 X98.825 Y96.522 E.00667
G1 X95.978 Y93.675 E.13628
G1 X95.978 Y93.233 E.01496
G1 X99.022 Y90.189 E.14571
G1 X99.022 Y89.811 E.01279
G1 X95.978 Y86.767 E.14571
G1 X95.978 Y86.325 E.01496
G1 X98.825 Y83.478 E.13628
G1 X97.295 Y83.478 E.05179
G1 X99.022 Y85.205 E.08267
G1 X99.022 Y85.584 E.01283
G1 X95.978 Y88.627 E.14569
G1 X95.978 Y89.07 E.015
G1 X99.022 Y92.114 E.14571
G1 X99.022 Y92.492 E.01279
G1 X95.978 Y95.536 E.14571
G1 X95.978 Y95.978 E.01496
G1 X96.522 Y96.522 E.02604
G1 X97.295 Y96.522 E.02617
G1 X99.022 Y94.795 E.08267
G1 X99.022 Y94.416 E.01283
G1 X95.978 Y91.373 E.14569
G1 X95.978 Y90.93 E.015
G1 X99.022 Y87.886 E.14571
G1 X99.022 Y87.508 E.01279
G1 X95.978 Y84.464 E.14571
G1 X95.978 Y84.022 E.01496
G1 X96.522 Y83.478 E.02604
G1 X95.978 Y83.478 E.01841
G1 X95.978 Y83.818 E.01151
M204 P2000
;LAYER_CHANGE
;Z:18.2
;HEIGHT:0.200001
;BEFORE_LAYER_CHANGE
G92 E0.0
;18.2
M201 X3994.65 Y3994.65

G1 E-2.5 F4200
G1 Z18.2 F720
;AFTER_LAYER_CHANGE
;18.2
M74 W2.32571

G1 Z18.4
G1 X95.632 Y96.868 F10800
G1 Z18.2 F720
G1 E2.5 F2400
M204 P2500
;TYPE:Perimeter
;WIDTH:0.449999
G1 F900
G1 X95.632 Y83.132 E.46495
G1 X99.368 Y83.132 E.12646
G1 X99.368 Y96.868 E.46495
G1 X95.692 Y96.868 E.12443
M204 P2000
G1 X95.225 Y97.275 F10800
;TYPE:External perimeter
G1 F900
G1 X95.225 Y82.725 E.4925
G1 X99.775 Y82.725 E.15401
G1 X99.775 Y97.275 E.4925
G1 X95.285 Y97.275 E.15198
G1 X95.226 Y96.879 F10800
G1 E-2.5 F4200
G1 Z18.4 F720
G1 X99.022 Y94.998 F10800
G1 Z18.2 F720
G1 E2.5 F2400
M204 P4000
;TYPE:Internal infill
;WIDTH:0.45
G1 F900
G1 X99.022 Y96.522 E.05159
G1 X98.825 Y96.522 E.00667
G1 X95.978 Y93.675 E.13628
G1 X95.978 Y93.233 E.01496
G1 X99.022 Y90.189 E.14571
G1 X99.022 Y89.811 E.01279
G1 X95.978 Y86.767 E.14571
G1 X95.978 Y86.325 E.01496
G1 X98.825 Y83.478 E.13628
G1 X97.295 Y83.478 E.05179
G1 X99.022 Y85.205 E.08267
G1 X99.022 Y85.584 E.01283
G1 X95.978 Y88.627 E.14569
G1 X95.978 Y89.07 E.015
G1 X99.022 Y92.114 E.14571
G1 X99.022 Y92.492 E.01279
G1 X95.978 Y95.536 E.14571
G1 X95.978 Y95.978 E.01496
G1 X96.522 Y96.522 E.02604
G1 X97.295 Y96.522 E.02617
G1 X99.022 Y94.795 E.08267
G1 X99.022 Y94.416 E.01283
G1 X95.978 Y91.373 E.14569
G1 X95.978 Y90.93 E.015
G1 X99.022 Y87.886 E.14571
G1 X99.022 Y87.508 E.01279
M73 Q36 S33
G1 X95.978 Y84.464 E.14571
G1 X95.978 Y84.022 E.01496
G1 X96.522 Y83.478 E.02604
G1 X95.978 Y83.478 E.01841
G1 X95.978 Y83.818 E.01151
M204 P2000
;LAYER_CHANGE
;Z:18.4
;HEIGHT:0.199999
;BEFORE_LAYER_CHANGE
G92 E0.0
;18.4
M201 X3994.62 Y3994.62

G1 E-2.5 F4200
G1 Z18.4 F720
;AFTER_LAYER_CHANGE
;18.4
M74 W2.33897

G1 Z18.6
G1 X95.632 Y96.868 F10800
G1 Z18.4 F720
G1 E2.5 F2400
M204 P2500
;TYPE:Perimeter
;WIDTH:0.449999
G1 F900
G1 X95.632 Y83.132 E.46495
G1 X99.368 Y83.132 E.12646
G1 X99.368 Y96.868 E.46495
G1 X95.692 Y96.868 E.12443
M204 P2000
G1 X95.225 Y97.275 F10800
;TYPE:External perimeter
G1 F900
G1 X95.225 Y82.725 E.4925
G1 X99.775 Y82.725 E.15401
M73 P36 R33
G1 X99.775 Y97.275 E.4925
G1 X95.285 Y97.275 E.15198
G1 X95.226 Y96.879 F10800
G1 E-2.5 F4200
G1 Z18.6 F720
G1 X99.022 Y94.998 F10800
G1 Z18.4 F720
G1 E2.5 F2400
M204 P4000
;TYPE:Internal infill
;WIDTH:0.45
G1 F900
G1 X99.022 Y96.522 E.05159
G1 X98.825 Y96.522 E.00667
G1 X95.978 Y93.675 E.13628
G1 X95.978 Y93.233 E.01496
G1 X99.022 Y90.189 E.14571
G1 X99.022 Y89.811 E.01279
G1 X95.978 Y86.767 E.14571
G1 X95.978 Y86.325 E.01496
G1 X98.825 Y83.478 E.13628
G1 X97.295 Y83.478 E.05179
G1 X99.022 Y85.205 E.08267
G1 X99.022 Y85.584 E.01283
G1 X95.978 Y88.627 E.14569
G1 X95.978 Y89.07 E.015
G1 X99.022 Y92.114 E.14571
G1 X99.022 Y92.492 E.01279
G1 X95.978 Y95.536 E.14571
G1 X95.978 Y95.978 E.01496
G1 X96.522 Y96.522 E.02604
G1 X97.295 Y96.522 E.02617
G1 X99.022 Y94.795 E.08267
G1 X99.022 Y94.416 E.01283
G1 X95.978 Y91.373 E.14569
G1 X95.978 Y90.93 E.015
G1 X99.022 Y87.886 E.14571
G1 X99.022 Y87.508 E.01279
G1 X95.978 Y84.464 E.14571
G1 X95.978 Y84.022 E.01496
G1 X96.522 Y83.478 E.02604
G1 X95.978 Y83.478 E.01841
G1 X95.978 Y83.818 E.01151
M204 P2000
;LAYER_CHANGE
;Z:18.6
;HEIGHT:0.200001
;BEFORE_LAYER_CHANGE
G92 E0.0
;18.6
M201 X3994.59 Y3994.59

G1 E-2.5 F4200
G1 Z18.6 F720
;AFTER_LAYER_CHANGE
;18.6
M74 W2.35224

G1 Z18.8
G1 X95.632 Y96.868 F10800
G1 Z18.6 F720
G1 E2.5 F2400
M204 P2500
;TYPE:Perimeter
;WIDTH:0.449999
G1 F900
G1 X95.632 Y83.132 E.46495
G1 X99.368 Y83.132 E.12646
G1 X99.368 Y96.868 E.46495
G1 X95.692 Y96.868 E.12443
M204 P2000
G1 X95.225 Y97.275 F10800
;TYPE:External perimeter
G1 F900
G1 X95.225 Y82.725 E.4925
G1 X99.775 Y82.725 E.15401
G1 X99.775 Y97.275 E.4925
G1 X95.285 Y97.275 E.15198
G1 X95.226 Y96.879 F10800
G1 E-2.5 F4200
G1 Z18.8 F720
G1 X99.022 Y94.998 F10800
G1 Z18.6 F720
G1 E2.5 F2400
M204 P4000
;TYPE:Internal infill
;WIDTH:0.45
G1 F900
G1 X99.022 Y96.522 E.05159
G1 X98.825 Y96.522 E.00667
G1 X95.978 Y93.675 E.13628
G1 X95.978 Y93.233 E.01496
G1 X99.022 Y90.189 E.14571
G1 X99.022 Y89.811 E.01279
G1 X95.978 Y86.767 E.14571
G1 X95.978 Y86.325 E.01496
G1 X98.825 Y83.478 E.13628
G1 X97.295 Y83.478 E.05179
G1 X99.022 Y85.205 E.08267
G1 X99.022 Y85.584 E.01283
G1 X95.978 Y88.627 E.14569
G1 X95.978 Y89.07 E.015
G1 X99.022 Y92.114 E.14571
G1 X99.022 Y92.492 E.01279
G1 X95.978 Y95.536 E.14571
G1 X95.978 Y95.978 E.01496
G1 X96.522 Y96.522 E.02604
G1 X97.295 Y96.522 E.02617
G1 X99.022 Y94.795 E.08267
G1 X99.022 Y94.416 E.01283
G1 X95.978 Y91.373 E.14569
G1 X95.978 Y90.93 E.015
G1 X99.022 Y87.886 E.14571
G1 X99.022 Y87.508 E.01279
G1 X95.978 Y84.464 E.14571
G1 X95.978 Y84.022 E.01496
M73 P36 R32
G1 X96.522 Y83.478 E.02604
G1 X95.978 Y83.478 E.01841
G1 X95.978 Y83.818 E.01151
M204 P2000
;LAYER_CHANGE
;Z:18.8
;HEIGHT:0.199999
;BEFORE_LAYER_CHANGE
G92 E0.0
;18.8
M201 X3994.56 Y3994.56

G1 E-2.5 F4200
G1 Z18.8 F720
;AFTER_LAYER_CHANGE
;18.8
M74 W2.3655

G1 Z19
G1 X95.632 Y96.868 F10800
G1 Z18.8 F720
G1 E2.5 F2400
M204 P2500
;TYPE:Perimeter
;WIDTH:0.449999
G1 F900
G1 X95.632 Y83.132 E.46495
G1 X99.368 Y83.132 E.12646
G1 X99.368 Y96.868 E.46495
G1 X95.692 Y96.868 E.12443
M204 P2000
G1 X95.225 Y97.275 F10800
;TYPE:External perimeter
G1 F900
G1 X95.225 Y82.725 E.4925
G1 X99.775 Y82.725 E.15401
G1 X99.775 Y97.275 E.4925
G1 X95.285 Y97.275 E.15198
G1 X95.226 Y96.879 F10800
G1 E-2.5 F4200
G1 Z19 F720
G1 X99.022 Y94.998 F10800
G1 Z18.8 F720
G1 E2.5 F2400
M204 P4000
;TYPE:Internal infill
;WIDTH:0.45
G1 F900
G1 X99.022 Y96.522 E.05159
G1 X98.825 Y96.522 E.00667
G1 X95.978 Y93.675 E.13628
G1 X95.978 Y93.233 E.01496
G1 X99.022 Y90.189 E.14571
G1 X99.022 Y89.811 E.01279
G1 X95.978 Y86.767 E.14571
G1 X95.978 Y86.325 E.01496
G1 X98.825 Y83.478 E.13628
G1 X97.295 Y83.478 E.05179
G1 X99.022 Y85.205 E.08267
G1 X99.022 Y85.584 E.01283
G1 X95.978 Y88.627 E.14569
G1 X95.978 Y89.07 E.015
G1 X99.022 Y92.114 E.14571
G1 X99.022 Y92.492 E.01279
G1 X95.978 Y95.536 E.14571
G1 X95.978 Y95.978 E.01496
G1 X96.522 Y96.522 E.02604
G1 X97.295 Y96.522 E.02617
G1 X99.022 Y94.795 E.08267
G1 X99.022 Y94.416 E.01283
G1 X95.978 Y91.373 E.14569
G1 X95.978 Y90.93 E.015
G1 X99.022 Y87.886 E.14571
G1 X99.022 Y87.508 E.01279
G1 X95.978 Y84.464 E.14571
G1 X95.978 Y84.022 E.01496
G1 X96.522 Y83.478 E.02604
G1 X95.978 Y83.478 E.01841
G1 X95.978 Y83.818 E.01151
M204 P2000
;LAYER_CHANGE
;Z:19
;HEIGHT:0.200001
;BEFORE_LAYER_CHANGE
G92 E0.0
;19
M201 X3994.53 Y3994.53

G1 E-2.5 F4200
G1 Z19 F720
;AFTER_LAYER_CHANGE
;19
M74 W2.37877

G1 Z19.2
G1 X95.632 Y96.868 F10800
G1 Z19 F720
G1 E2.5 F2400
M204 P2500
;TYPE:Perimeter
;WIDTH:0.449999
G1 F900
G1 X95.632 Y83.132 E.46495
G1 X99.368 Y83.132 E.12646
G1 X99.368 Y96.868 E.46495
G1 X95.692 Y96.868 E.12443
M73 Q37 S32
M204 P2000
G1 X95.225 Y97.275 F10800
;TYPE:External perimeter
G1 F900
G1 X95.225 Y82.725 E.4925
G1 X99.775 Y82.725 E.15401
G1 X99.775 Y97.275 E.4925
G1 X95.285 Y97.275 E.15198
G1 X95.226 Y96.879 F10800
G1 E-2.5 F4200
G1 Z19.2 F720
G1 X99.022 Y94.998 F10800
G1 Z19 F720
G1 E2.5 F2400
M204 P4000
;TYPE:Internal infill
;WIDTH:0.45
G1 F900
G1 X99.022 Y96.522 E.05159
G1 X98.825 Y96.522 E.00667
G1 X95.978 Y93.675 E.13628
G1 X95.978 Y93.233 E.01496
G1 X99.022 Y90.189 E.14571
G1 X99.022 Y89.811 E.01279
M73 P37 R32
G1 X95.978 Y86.767 E.14571
G1 X95.978 Y86.325 E.01496
G1 X98.825 Y83.478 E.13628
G1 X97.295 Y83.478 E.05179
G1 X99.022 Y85.205 E.08267
G1 X99.022 Y85.584 E.01283
G1 X95.978 Y88.627 E.14569
G1 X95.978 Y89.07 E.015
G1 X99.022 Y92.114 E.14571
G1 X99.022 Y92.492 E.01279
G1 X95.978 Y95.536 E.14571
G1 X95.978 Y95.978 E.01496
G1 X96.522 Y96.522 E.02604
G1 X97.295 Y96.522 E.02617
G1 X99.022 Y94.795 E.08267
G1 X99.022 Y94.416 E.01283
G1 X95.978 Y91.373 E.14569
G1 X95.978 Y90.93 E.015
G1 X99.022 Y87.886 E.14571
G1 X99.022 Y87.508 E.01279
G1 X95.978 Y84.464 E.14571
G1 X95.978 Y84.022 E.01496
G1 X96.522 Y83.478 E.02604
G1 X95.978 Y83.478 E.01841
G1 X95.978 Y83.818 E.01151
M204 P2000
;LAYER_CHANGE
;Z:19.2
;HEIGHT:0.200001
;BEFORE_LAYER_CHANGE
G92 E0.0
;19.2
M201 X3994.5 Y3994.5

G1 E-2.5 F4200
G1 Z19.2 F720
;AFTER_LAYER_CHANGE
;19.2
M74 W2.39203

G1 Z19.4
G1 X95.632 Y96.868 F10800
G1 Z19.2 F720
G1 E2.5 F2400
M204 P2500
;TYPE:Perimeter
;WIDTH:0.449999
G1 F900
G1 X95.632 Y83.132 E.46495
G1 X99.368 Y83.132 E.12646
G1 X99.368 Y96.868 E.46495
G1 X95.692 Y96.868 E.12443
M204 P2000
G1 X95.225 Y97.275 F10800
;TYPE:External perimeter
G1 F900
G1 X95.225 Y82.725 E.4925
G1 X99.775 Y82.725 E.15401
G1 X99.775 Y97.275 E.4925
G1 X95.285 Y97.275 E.15198
G1 X95.226 Y96.879 F10800
G1 E-2.5 F4200
G1 Z19.4 F720
G1 X99.022 Y94.998 F10800
G1 Z19.2 F720
G1 E2.5 F2400
M204 P4000
;TYPE:Internal infill
;WIDTH:0.45
G1 F900
G1 X99.022 Y96.522 E.05159
G1 X98.825 Y96.522 E.00667
G1 X95.978 Y93.675 E.13628
G1 X95.978 Y93.233 E.01496
G1 X99.022 Y90.189 E.14571
G1 X99.022 Y89.811 E.01279
G1 X95.978 Y86.767 E.14571
G1 X95.978 Y86.325 E.01496
G1 X98.825 Y83.478 E.13628
G1 X97.295 Y83.478 E.05179
G1 X99.022 Y85.205 E.08267
G1 X99.022 Y85.584 E.01283
G1 X95.978 Y88.627 E.14569
G1 X95.978 Y89.07 E.015
G1 X99.022 Y92.114 E.14571
G1 X99.022 Y92.492 E.01279
G1 X95.978 Y95.536 E.14571
G1 X95.978 Y95.978 E.01496
G1 X96.522 Y96.522 E.02604
G1 X97.295 Y96.522 E.02617
G1 X99.022 Y94.795 E.08267
G1 X99.022 Y94.416 E.01283
G1 X95.978 Y91.373 E.14569
G1 X95.978 Y90.93 E.015
G1 X99.022 Y87.886 E.14571
G1 X99.022 Y87.508 E.01279
G1 X95.978 Y84.464 E.14571
G1 X95.978 Y84.022 E.01496
G1 X96.522 Y83.478 E.02604
G1 X95.978 Y83.478 E.01841
G1 X95.978 Y83.818 E.01151
M204 P2000
;LAYER_CHANGE
;Z:19.4
;HEIGHT:0.199999
;BEFORE_LAYER_CHANGE
G92 E0.0
;19.4
M201 X3994.47 Y3994.47

G1 E-2.5 F4200
G1 Z19.4 F720
;AFTER_LAYER_CHANGE
;19.4
M74 W2.4053

G1 Z19.6
G1 X95.632 Y96.868 F10800
G1 Z19.4 F720
G1 E2.5 F2400
M204 P2500
;TYPE:Perimeter
;WIDTH:0.449999
G1 F900
G1 X95.632 Y83.132 E.46495
G1 X99.368 Y83.132 E.12646
G1 X99.368 Y96.868 E.46495
G1 X95.692 Y96.868 E.12443
M204 P2000
G1 X95.225 Y97.275 F10800
;TYPE:External perimeter
G1 F900
G1 X95.225 Y82.725 E.4925
G1 X99.775 Y82.725 E.15401
G1 X99.775 Y97.275 E.4925
G1 X95.285 Y97.275 E.15198
G1 X95.226 Y96.879 F10800
G1 E-2.5 F4200
G1 Z19.6 F720
G1 X99.022 Y94.998 F10800
G1 Z19.4 F720
G1 E2.5 F2400
M204 P4000
;TYPE:Internal infill
;WIDTH:0.45
G1 F900
G1 X99.022 Y96.522 E.05159
G1 X98.825 Y96.522 E.00667
G1 X95.978 Y93.675 E.13628
G1 X95.978 Y93.233 E.01496
G1 X99.022 Y90.189 E.14571
G1 X99.022 Y89.811 E.01279
G1 X95.978 Y86.767 E.14571
G1 X95.978 Y86.325 E.01496
G1 X98.825 Y83.478 E.13628
G1 X97.295 Y83.478 E.05179
G1 X99.022 Y85.205 E.08267
G1 X99.022 Y85.584 E.01283
G1 X95.978 Y88.627 E.14569
G1 X95.978 Y89.07 E.015
G1 X99.022 Y92.114 E.14571
G1 X99.022 Y92.492 E.01279
G1 X95.978 Y95.536 E.14571
G1 X95.978 Y95.978 E.01496
G1 X96.522 Y96.522 E.02604
G1 X97.295 Y96.522 E.02617
G1 X99.022 Y94.795 E.08267
G1 X99.022 Y94.416 E.01283
G1 X95.978 Y91.373 E.14569
G1 X95.978 Y90.93 E.015
G1 X99.022 Y87.886 E.14571
G1 X99.022 Y87.508 E.01279
G1 X95.978 Y84.464 E.14571
G1 X95.978 Y84.022 E.01496
G1 X96.522 Y83.478 E.02604
G1 X95.978 Y83.478 E.01841
G1 X95.978 Y83.818 E.01151
M204 P2000
;LAYER_CHANGE
;Z:19.6
;HEIGHT:0.200001
;BEFORE_LAYER_CHANGE
G92 E0.0
;19.6
M201 X3994.44 Y3994.44

G1 E-2.5 F4200
G1 Z19.6 F720
;AFTER_LAYER_CHANGE
;19.6
M74 W2.41856

G1 Z19.8
G1 X95.632 Y96.868 F10800
G1 Z19.6 F720
G1 E2.5 F2400
M204 P2500
;TYPE:Perimeter
;WIDTH:0.449999
G1 F900
G1 X95.632 Y83.132 E.46495
G1 X99.368 Y83.132 E.12646
G1 X99.368 Y96.868 E.46495
G1 X95.692 Y96.868 E.12443
M204 P2000
G1 X95.225 Y97.275 F10800
;TYPE:External perimeter
G1 F900
G1 X95.225 Y82.725 E.4925
G1 X99.775 Y82.725 E.15401
G1 X99.775 Y97.275 E.4925
G1 X95.285 Y97.275 E.15198
G1 X95.226 Y96.879 F10800
M73 Q38 S32
G1 E-2.5 F4200
G1 Z19.8 F720
G1 X99.022 Y94.998 F10800
G1 Z19.6 F720
G1 E2.5 F2400
M204 P4000
;TYPE:Internal infill
;WIDTH:0.45
G1 F900
G1 X99.022 Y96.522 E.05159
G1 X98.825 Y96.522 E.00667
G1 X95.978 Y93.675 E.13628
G1 X95.978 Y93.233 E.01496
G1 X99.022 Y90.189 E.14571
G1 X99.022 Y89.811 E.01279
G1 X95.978 Y86.767 E.14571
G1 X95.978 Y86.325 E.01496
G1 X98.825 Y83.478 E.13628
G1 X97.295 Y83.478 E.05179
G1 X99.022 Y85.205 E.08267
G1 X99.022 Y85.584 E.01283
G1 X95.978 Y88.627 E.14569
G1 X95.978 Y89.07 E.015
G1 X99.022 Y92.114 E.14571
G1 X99.022 Y92.492 E.01279
G1 X95.978 Y95.536 E.14571
G1 X95.978 Y95.978 E.01496
G1 X96.522 Y96.522 E.02604
G1 X97.295 Y96.522 E.02617
G1 X99.022 Y94.795 E.08267
G1 X99.022 Y94.416 E.01283
G1 X95.978 Y91.373 E.14569
G1 X95.978 Y90.93 E.015
G1 X99.022 Y87.886 E.14571
G1 X99.022 Y87.508 E.01279
M73 P38 R32
G1 X95.978 Y84.464 E.14571
G1 X95.978 Y84.022 E.01496
G1 X96.522 Y83.478 E.02604
G1 X95.978 Y83.478 E.01841
G1 X95.978 Y83.818 E.01151
M204 P2000
;LAYER_CHANGE
;Z:19.8
;HEIGHT:0.199999
;BEFORE_LAYER_CHANGE
G92 E0.0
;19.8
M201 X3994.41 Y3994.41

G1 E-2.5 F4200
G1 Z19.8 F720
;AFTER_LAYER_CHANGE
;19.8
M74 W2.43183

G1 Z20
G1 X95.632 Y96.868 F10800
G1 Z19.8 F720
G1 E2.5 F2400
M204 P2500
;TYPE:Perimeter
;WIDTH:0.449999
G1 F900
G1 X95.632 Y83.132 E.46495
G1 X99.368 Y83.132 E.12646
G1 X99.368 Y96.868 E.46495
G1 X95.692 Y96.868 E.12443
M204 P2000
G1 X95.225 Y97.275 F10800
;TYPE:External perimeter
G1 F900
G1 X95.225 Y82.725 E.4925
G1 X99.775 Y82.725 E.15401
G1 X99.775 Y97.275 E.4925
G1 X95.285 Y97.275 E.15198
G1 X95.226 Y96.879 F10800
G1 E-2.5 F4200
G1 Z20 F720
G1 X99.022 Y94.998 F10800
G1 Z19.8 F720
G1 E2.5 F2400
M204 P4000
;TYPE:Internal infill
;WIDTH:0.45
G1 F900
G1 X99.022 Y96.522 E.05159
G1 X98.825 Y96.522 E.00667
G1 X95.978 Y93.675 E.13628
G1 X95.978 Y93.233 E.01496
G1 X99.022 Y90.189 E.14571
G1 X99.022 Y89.811 E.01279
G1 X95.978 Y86.767 E.14571
G1 X95.978 Y86.325 E.01496
G1 X98.825 Y83.478 E.13628
G1 X97.295 Y83.478 E.05179
G1 X99.022 Y85.205 E.08267
G1 X99.022 Y85.584 E.01283
G1 X95.978 Y88.627 E.14569
G1 X95.978 Y89.07 E.015
G1 X99.022 Y92.114 E.14571
G1 X99.022 Y92.492 E.01279
G1 X95.978 Y95.536 E.14571
G1 X95.978 Y95.978 E.01496
G1 X96.522 Y96.522 E.02604
G1 X97.295 Y96.522 E.02617
G1 X99.022 Y94.795 E.08267
G1 X99.022 Y94.416 E.01283
G1 X95.978 Y91.373 E.14569
G1 X95.978 Y90.93 E.015
G1 X99.022 Y87.886 E.14571
G1 X99.022 Y87.508 E.01279
G1 X95.978 Y84.464 E.14571
G1 X95.978 Y84.022 E.01496
G1 X96.522 Y83.478 E.02604
G1 X95.978 Y83.478 E.01841
G1 X95.978 Y83.818 E.01151
M204 P2000
;LAYER_CHANGE
;Z:20
;HEIGHT:0.200001
;BEFORE_LAYER_CHANGE
G92 E0.0
;20
M201 X3994.38 Y3994.38

G1 E-2.5 F4200
G1 Z20 F720
;AFTER_LAYER_CHANGE
;20
M74 W2.44509

G1 Z20.2
G1 X95.632 Y96.868 F10800
G1 Z20 F720
G1 E2.5 F2400
M204 P2500
;TYPE:Perimeter
;WIDTH:0.449999
G1 F900
G1 X95.632 Y83.132 E.46495
G1 X99.368 Y83.132 E.12646
G1 X99.368 Y96.868 E.46495
G1 X95.692 Y96.868 E.12443
M204 P2000
G1 X95.225 Y97.275 F10800
;TYPE:External perimeter
G1 F900
G1 X95.225 Y82.725 E.4925
G1 X99.775 Y82.725 E.15401
M73 P38 R31
G1 X99.775 Y97.275 E.4925
G1 X95.285 Y97.275 E.15198
G1 X95.226 Y96.879 F10800
G1 E-2.5 F4200
G1 Z20.2 F720
G1 X99.022 Y94.998 F10800
G1 Z20 F720
G1 E2.5 F2400
M204 P4000
;TYPE:Internal infill
;WIDTH:0.45
G1 F900
G1 X99.022 Y96.522 E.05159
G1 X98.825 Y96.522 E.00667
G1 X95.978 Y93.675 E.13628
G1 X95.978 Y93.233 E.01496
G1 X99.022 Y90.189 E.14571
G1 X99.022 Y89.811 E.01279
G1 X95.978 Y86.767 E.14571
G1 X95.978 Y86.325 E.01496
G1 X98.825 Y83.478 E.13628
G1 X97.295 Y83.478 E.05179
G1 X99.022 Y85.205 E.08267
G1 X99.022 Y85.584 E.01283
G1 X95.978 Y88.627 E.14569
G1 X95.978 Y89.07 E.015
G1 X99.022 Y92.114 E.14571
G1 X99.022 Y92.492 E.01279
G1 X95.978 Y95.536 E.14571
G1 X95.978 Y95.978 E.01496
G1 X96.522 Y96.522 E.02604
G1 X97.295 Y96.522 E.02617
G1 X99.022 Y94.795 E.08267
G1 X99.022 Y94.416 E.01283
G1 X95.978 Y91.373 E.14569
G1 X95.978 Y90.93 E.015
G1 X99.022 Y87.886 E.14571
G1 X99.022 Y87.508 E.01279
G1 X95.978 Y84.464 E.14571
G1 X95.978 Y84.022 E.01496
G1 X96.522 Y83.478 E.02604
G1 X95.978 Y83.478 E.01841
G1 X95.978 Y83.818 E.01151
M204 P2000
;LAYER_CHANGE
;Z:20.2
;HEIGHT:0.200001
;BEFORE_LAYER_CHANGE
G92 E0.0
;20.2
M201 X3994.35 Y3994.35

G1 E-2.5 F4200
G1 Z20.2 F720
;AFTER_LAYER_CHANGE
;20.2
M74 W2.45836

G1 Z20.4
G1 X95.632 Y96.868 F10800
G1 Z20.2 F720
G1 E2.5 F2400
M204 P2500
;TYPE:Perimeter
;WIDTH:0.449999
G1 F900
G1 X95.632 Y83.132 E.46495
G1 X99.368 Y83.132 E.12646
G1 X99.368 Y96.868 E.46495
G1 X95.692 Y96.868 E.12443
M204 P2000
G1 X95.225 Y97.275 F10800
;TYPE:External perimeter
G1 F900
G1 X95.225 Y82.725 E.4925
G1 X99.775 Y82.725 E.15401
G1 X99.775 Y97.275 E.4925
G1 X95.285 Y97.275 E.15198
M73 Q38 S31
G1 X95.226 Y96.879 F10800
G1 E-2.5 F4200
G1 Z20.4 F720
G1 X99.022 Y94.998 F10800
G1 Z20.2 F720
G1 E2.5 F2400
M204 P4000
;TYPE:Internal infill
;WIDTH:0.45
G1 F900
G1 X99.022 Y96.522 E.05159
G1 X98.825 Y96.522 E.00667
G1 X95.978 Y93.675 E.13628
G1 X95.978 Y93.233 E.01496
G1 X99.022 Y90.189 E.14571
G1 X99.022 Y89.811 E.01279
G1 X95.978 Y86.767 E.14571
G1 X95.978 Y86.325 E.01496
G1 X98.825 Y83.478 E.13628
G1 X97.295 Y83.478 E.05179
G1 X99.022 Y85.205 E.08267
G1 X99.022 Y85.584 E.01283
G1 X95.978 Y88.627 E.14569
G1 X95.978 Y89.07 E.015
G1 X99.022 Y92.114 E.14571
G1 X99.022 Y92.492 E.01279
G1 X95.978 Y95.536 E.14571
G1 X95.978 Y95.978 E.01496
G1 X96.522 Y96.522 E.02604
G1 X97.295 Y96.522 E.02617
M73 Q39 S31
G1 X99.022 Y94.795 E.08267
G1 X99.022 Y94.416 E.01283
G1 X95.978 Y91.373 E.14569
G1 X95.978 Y90.93 E.015
G1 X99.022 Y87.886 E.14571
G1 X99.022 Y87.508 E.01279
G1 X95.978 Y84.464 E.14571
G1 X95.978 Y84.022 E.01496
G1 X96.522 Y83.478 E.02604
G1 X95.978 Y83.478 E.01841
G1 X95.978 Y83.818 E.01151
M204 P2000
;LAYER_CHANGE
;Z:20.4
;HEIGHT:0.199999
;BEFORE_LAYER_CHANGE
G92 E0.0
;20.4
M201 X3994.32 Y3994.32

G1 E-2.5 F4200
G1 Z20.4 F720
;AFTER_LAYER_CHANGE
;20.4
M74 W2.47162

G1 Z20.6
G1 X95.632 Y96.868 F10800
G1 Z20.4 F720
G1 E2.5 F2400
M204 P2500
;TYPE:Perimeter
;WIDTH:0.449999
G1 F900
G1 X95.632 Y83.132 E.46495
G1 X99.368 Y83.132 E.12646
G1 X99.368 Y96.868 E.46495
G1 X95.692 Y96.868 E.12443
M73 P39 R31
M204 P2000
G1 X95.225 Y97.275 F10800
;TYPE:External perimeter
G1 F900
G1 X95.225 Y82.725 E.4925
G1 X99.775 Y82.725 E.15401
G1 X99.775 Y97.275 E.4925
G1 X95.285 Y97.275 E.15198
G1 X95.226 Y96.879 F10800
G1 E-2.5 F4200
G1 Z20.6 F720
G1 X99.022 Y94.998 F10800
G1 Z20.4 F720
G1 E2.5 F2400
M204 P4000
;TYPE:Internal infill
;WIDTH:0.45
G1 F900
G1 X99.022 Y96.522 E.05159
G1 X98.825 Y96.522 E.00667
G1 X95.978 Y93.675 E.13628
G1 X95.978 Y93.233 E.01496
G1 X99.022 Y90.189 E.14571
G1 X99.022 Y89.811 E.01279
G1 X95.978 Y86.767 E.14571
G1 X95.978 Y86.325 E.01496
G1 X98.825 Y83.478 E.13628
G1 X97.295 Y83.478 E.05179
G1 X99.022 Y85.205 E.08267
G1 X99.022 Y85.584 E.01283
G1 X95.978 Y88.627 E.14569
G1 X95.978 Y89.07 E.015
G1 X99.022 Y92.114 E.14571
G1 X99.022 Y92.492 E.01279
G1 X95.978 Y95.536 E.14571
G1 X95.978 Y95.978 E.01496
G1 X96.522 Y96.522 E.02604
G1 X97.295 Y96.522 E.02617
G1 X99.022 Y94.795 E.08267
G1 X99.022 Y94.416 E.01283
G1 X95.978 Y91.373 E.14569
G1 X95.978 Y90.93 E.015
G1 X99.022 Y87.886 E.14571
G1 X99.022 Y87.508 E.01279
G1 X95.978 Y84.464 E.14571
G1 X95.978 Y84.022 E.01496
G1 X96.522 Y83.478 E.02604
G1 X95.978 Y83.478 E.01841
G1 X95.978 Y83.818 E.01151
M204 P2000
;LAYER_CHANGE
;Z:20.6
;HEIGHT:0.200001
;BEFORE_LAYER_CHANGE
G92 E0.0
;20.6
M201 X3994.28 Y3994.28

G1 E-2.5 F4200
G1 Z20.6 F720
;AFTER_LAYER_CHANGE
;20.6
M74 W2.48489

G1 Z20.8
G1 X95.632 Y96.868 F10800
G1 Z20.6 F720
G1 E2.5 F2400
M204 P2500
;TYPE:Perimeter
;WIDTH:0.449999
G1 F900
G1 X95.632 Y83.132 E.46495
G1 X99.368 Y83.132 E.12646
G1 X99.368 Y96.868 E.46495
G1 X95.692 Y96.868 E.12443
M204 P2000
G1 X95.225 Y97.275 F10800
;TYPE:External perimeter
G1 F900
G1 X95.225 Y82.725 E.4925
G1 X99.775 Y82.725 E.15401
G1 X99.775 Y97.275 E.4925
G1 X95.285 Y97.275 E.15198
G1 X95.226 Y96.879 F10800
G1 E-2.5 F4200
G1 Z20.8 F720
G1 X99.022 Y94.998 F10800
G1 Z20.6 F720
G1 E2.5 F2400
M204 P4000
;TYPE:Internal infill
;WIDTH:0.45
G1 F900
G1 X99.022 Y96.522 E.05159
G1 X98.825 Y96.522 E.00667
G1 X95.978 Y93.675 E.13628
G1 X95.978 Y93.233 E.01496
G1 X99.022 Y90.189 E.14571
G1 X99.022 Y89.811 E.01279
G1 X95.978 Y86.767 E.14571
G1 X95.978 Y86.325 E.01496
G1 X98.825 Y83.478 E.13628
G1 X97.295 Y83.478 E.05179
G1 X99.022 Y85.205 E.08267
G1 X99.022 Y85.584 E.01283
G1 X95.978 Y88.627 E.14569
G1 X95.978 Y89.07 E.015
G1 X99.022 Y92.114 E.14571
G1 X99.022 Y92.492 E.01279
G1 X95.978 Y95.536 E.14571
G1 X95.978 Y95.978 E.01496
G1 X96.522 Y96.522 E.02604
G1 X97.295 Y96.522 E.02617
G1 X99.022 Y94.795 E.08267
G1 X99.022 Y94.416 E.01283
G1 X95.978 Y91.373 E.14569
G1 X95.978 Y90.93 E.015
G1 X99.022 Y87.886 E.14571
G1 X99.022 Y87.508 E.01279
G1 X95.978 Y84.464 E.14571
G1 X95.978 Y84.022 E.01496
G1 X96.522 Y83.478 E.02604
G1 X95.978 Y83.478 E.01841
G1 X95.978 Y83.818 E.01151
M204 P2000
;LAYER_CHANGE
;Z:20.8
;HEIGHT:0.199999
;BEFORE_LAYER_CHANGE
G92 E0.0
;20.8
M201 X3994.25 Y3994.25

G1 E-2.5 F4200
G1 Z20.8 F720
;AFTER_LAYER_CHANGE
;20.8
M74 W2.49815

G1 Z21
G1 X95.632 Y96.868 F10800
G1 Z20.8 F720
G1 E2.5 F2400
M204 P2500
;TYPE:Perimeter
;WIDTH:0.449999
G1 F900
G1 X95.632 Y83.132 E.46495
G1 X99.368 Y83.132 E.12646
G1 X99.368 Y96.868 E.46495
G1 X95.692 Y96.868 E.12443
M204 P2000
G1 X95.225 Y97.275 F10800
;TYPE:External perimeter
G1 F900
G1 X95.225 Y82.725 E.4925
G1 X99.775 Y82.725 E.15401
G1 X99.775 Y97.275 E.4925
G1 X95.285 Y97.275 E.15198
G1 X95.226 Y96.879 F10800
G1 E-2.5 F4200
G1 Z21 F720
G1 X99.022 Y94.998 F10800
G1 Z20.8 F720
G1 E2.5 F2400
M204 P4000
;TYPE:Internal infill
;WIDTH:0.45
G1 F900
G1 X99.022 Y96.522 E.05159
G1 X98.825 Y96.522 E.00667
G1 X95.978 Y93.675 E.13628
G1 X95.978 Y93.233 E.01496
G1 X99.022 Y90.189 E.14571
G1 X99.022 Y89.811 E.01279
G1 X95.978 Y86.767 E.14571
G1 X95.978 Y86.325 E.01496
G1 X98.825 Y83.478 E.13628
G1 X97.295 Y83.478 E.05179
G1 X99.022 Y85.205 E.08267
G1 X99.022 Y85.584 E.01283
G1 X95.978 Y88.627 E.14569
G1 X95.978 Y89.07 E.015
G1 X99.022 Y92.114 E.14571
G1 X99.022 Y92.492 E.01279
G1 X95.978 Y95.536 E.14571
G1 X95.978 Y95.978 E.01496
G1 X96.522 Y96.522 E.02604
G1 X97.295 Y96.522 E.02617
G1 X99.022 Y94.795 E.08267
G1 X99.022 Y94.416 E.01283
G1 X95.978 Y91.373 E.14569
G1 X95.978 Y90.93 E.015
G1 X99.022 Y87.886 E.14571
G1 X99.022 Y87.508 E.01279
G1 X95.978 Y84.464 E.14571
G1 X95.978 Y84.022 E.01496
G1 X96.522 Y83.478 E.02604
G1 X95.978 Y83.478 E.01841
G1 X95.978 Y83.818 E.01151
M204 P2000
;LAYER_CHANGE
;Z:21
;HEIGHT:0.200001
;BEFORE_LAYER_CHANGE
G92 E0.0
;21
M201 X3994.22 Y3994.22

G1 E-2.5 F4200
G1 Z21 F720
;AFTER_LAYER_CHANGE
;21
M74 W2.51141

G1 Z21.2
G1 X95.632 Y96.868 F10800
G1 Z21 F720
G1 E2.5 F2400
M204 P2500
;TYPE:Perimeter
;WIDTH:0.449999
G1 F900
G1 X95.632 Y83.132 E.46495
G1 X99.368 Y83.132 E.12646
G1 X99.368 Y96.868 E.46495
M73 Q40 S31
G1 X95.692 Y96.868 E.12443
M204 P2000
G1 X95.225 Y97.275 F10800
;TYPE:External perimeter
G1 F900
G1 X95.225 Y82.725 E.4925
G1 X99.775 Y82.725 E.15401
G1 X99.775 Y97.275 E.4925
G1 X95.285 Y97.275 E.15198
G1 X95.226 Y96.879 F10800
M73 P40 R31
G1 E-2.5 F4200
G1 Z21.2 F720
G1 X99.022 Y94.998 F10800
G1 Z21 F720
G1 E2.5 F2400
M204 P4000
;TYPE:Internal infill
;WIDTH:0.45
G1 F900
G1 X99.022 Y96.522 E.05159
G1 X98.825 Y96.522 E.00667
G1 X95.978 Y93.675 E.13628
G1 X95.978 Y93.233 E.01496
G1 X99.022 Y90.189 E.14571
G1 X99.022 Y89.811 E.01279
G1 X95.978 Y86.767 E.14571
G1 X95.978 Y86.325 E.01496
G1 X98.825 Y83.478 E.13628
G1 X97.295 Y83.478 E.05179
G1 X99.022 Y85.205 E.08267
G1 X99.022 Y85.584 E.01283
G1 X95.978 Y88.627 E.14569
G1 X95.978 Y89.07 E.015
G1 X99.022 Y92.114 E.14571
G1 X99.022 Y92.492 E.01279
G1 X95.978 Y95.536 E.14571
G1 X95.978 Y95.978 E.01496
G1 X96.522 Y96.522 E.02604
G1 X97.295 Y96.522 E.02617
G1 X99.022 Y94.795 E.08267
G1 X99.022 Y94.416 E.01283
G1 X95.978 Y91.373 E.14569
G1 X95.978 Y90.93 E.015
G1 X99.022 Y87.886 E.14571
G1 X99.022 Y87.508 E.01279
G1 X95.978 Y84.464 E.14571
G1 X95.978 Y84.022 E.01496
G1 X96.522 Y83.478 E.02604
G1 X95.978 Y83.478 E.01841
G1 X95.978 Y83.818 E.01151
M204 P2000
;LAYER_CHANGE
;Z:21.2
;HEIGHT:0.200001
;BEFORE_LAYER_CHANGE
G92 E0.0
;21.2
M201 X3994.19 Y3994.19

G1 E-2.5 F4200
G1 Z21.2 F720
;AFTER_LAYER_CHANGE
;21.2
M74 W2.52468

G1 Z21.4
G1 X95.632 Y96.868 F10800
G1 Z21.2 F720
G1 E2.5 F2400
M204 P2500
;TYPE:Perimeter
;WIDTH:0.449999
G1 F900
G1 X95.632 Y83.132 E.46495
G1 X99.368 Y83.132 E.12646
G1 X99.368 Y96.868 E.46495
G1 X95.692 Y96.868 E.12443
M204 P2000
G1 X95.225 Y97.275 F10800
;TYPE:External perimeter
G1 F900
G1 X95.225 Y82.725 E.4925
G1 X99.775 Y82.725 E.15401
G1 X99.775 Y97.275 E.4925
G1 X95.285 Y97.275 E.15198
G1 X95.226 Y96.879 F10800
G1 E-2.5 F4200
G1 Z21.4 F720
G1 X99.022 Y94.998 F10800
G1 Z21.2 F720
G1 E2.5 F2400
M204 P4000
;TYPE:Internal infill
;WIDTH:0.45
G1 F900
G1 X99.022 Y96.522 E.05159
G1 X98.825 Y96.522 E.00667
G1 X95.978 Y93.675 E.13628
G1 X95.978 Y93.233 E.01496
G1 X99.022 Y90.189 E.14571
G1 X99.022 Y89.811 E.01279
M73 P40 R30
G1 X95.978 Y86.767 E.14571
G1 X95.978 Y86.325 E.01496
G1 X98.825 Y83.478 E.13628
G1 X97.295 Y83.478 E.05179
G1 X99.022 Y85.205 E.08267
G1 X99.022 Y85.584 E.01283
G1 X95.978 Y88.627 E.14569
G1 X95.978 Y89.07 E.015
G1 X99.022 Y92.114 E.14571
G1 X99.022 Y92.492 E.01279
G1 X95.978 Y95.536 E.14571
G1 X95.978 Y95.978 E.01496
G1 X96.522 Y96.522 E.02604
G1 X97.295 Y96.522 E.02617
G1 X99.022 Y94.795 E.08267
G1 X99.022 Y94.416 E.01283
G1 X95.978 Y91.373 E.14569
G1 X95.978 Y90.93 E.015
G1 X99.022 Y87.886 E.14571
G1 X99.022 Y87.508 E.01279
G1 X95.978 Y84.464 E.14571
G1 X95.978 Y84.022 E.01496
G1 X96.522 Y83.478 E.02604
G1 X95.978 Y83.478 E.01841
G1 X95.978 Y83.818 E.01151
M204 P2000
;LAYER_CHANGE
;Z:21.4
;HEIGHT:0.199999
;BEFORE_LAYER_CHANGE
G92 E0.0
;21.4
M201 X3994.16 Y3994.16

G1 E-2.5 F4200
G1 Z21.4 F720
;AFTER_LAYER_CHANGE
;21.4
M74 W2.53794

G1 Z21.6
G1 X95.632 Y96.868 F10800
G1 Z21.4 F720
G1 E2.5 F2400
M204 P2500
;TYPE:Perimeter
;WIDTH:0.449999
G1 F900
G1 X95.632 Y83.132 E.46495
G1 X99.368 Y83.132 E.12646
G1 X99.368 Y96.868 E.46495
G1 X95.692 Y96.868 E.12443
M204 P2000
G1 X95.225 Y97.275 F10800
;TYPE:External perimeter
G1 F900
G1 X95.225 Y82.725 E.4925
G1 X99.775 Y82.725 E.15401
G1 X99.775 Y97.275 E.4925
G1 X95.285 Y97.275 E.15198
G1 X95.226 Y96.879 F10800
G1 E-2.5 F4200
G1 Z21.6 F720
G1 X99.022 Y94.998 F10800
G1 Z21.4 F720
G1 E2.5 F2400
M204 P4000
;TYPE:Internal infill
;WIDTH:0.45
G1 F900
G1 X99.022 Y96.522 E.05159
G1 X98.825 Y96.522 E.00667
G1 X95.978 Y93.675 E.13628
G1 X95.978 Y93.233 E.01496
G1 X99.022 Y90.189 E.14571
G1 X99.022 Y89.811 E.01279
G1 X95.978 Y86.767 E.14571
G1 X95.978 Y86.325 E.01496
G1 X98.825 Y83.478 E.13628
G1 X97.295 Y83.478 E.05179
G1 X99.022 Y85.205 E.08267
G1 X99.022 Y85.584 E.01283
G1 X95.978 Y88.627 E.14569
G1 X95.978 Y89.07 E.015
G1 X99.022 Y92.114 E.14571
G1 X99.022 Y92.492 E.01279
M73 Q40 S30
G1 X95.978 Y95.536 E.14571
G1 X95.978 Y95.978 E.01496
G1 X96.522 Y96.522 E.02604
G1 X97.295 Y96.522 E.02617
G1 X99.022 Y94.795 E.08267
G1 X99.022 Y94.416 E.01283
G1 X95.978 Y91.373 E.14569
G1 X95.978 Y90.93 E.015
G1 X99.022 Y87.886 E.14571
G1 X99.022 Y87.508 E.01279
G1 X95.978 Y84.464 E.14571
G1 X95.978 Y84.022 E.01496
G1 X96.522 Y83.478 E.02604
G1 X95.978 Y83.478 E.01841
G1 X95.978 Y83.818 E.01151
M204 P2000
;LAYER_CHANGE
;Z:21.6
;HEIGHT:0.200001
;BEFORE_LAYER_CHANGE
G92 E0.0
;21.6
M201 X3994.13 Y3994.13

G1 E-2.5 F4200
G1 Z21.6 F720
;AFTER_LAYER_CHANGE
;21.6
M74 W2.55121

G1 Z21.8
G1 X95.632 Y96.868 F10800
G1 Z21.6 F720
G1 E2.5 F2400
M204 P2500
;TYPE:Perimeter
;WIDTH:0.449999
G1 F900
G1 X95.632 Y83.132 E.46495
G1 X99.368 Y83.132 E.12646
G1 X99.368 Y96.868 E.46495
G1 X95.692 Y96.868 E.12443
M204 P2000
G1 X95.225 Y97.275 F10800
;TYPE:External perimeter
G1 F900
G1 X95.225 Y82.725 E.4925
G1 X99.775 Y82.725 E.15401
G1 X99.775 Y97.275 E.4925
G1 X95.285 Y97.275 E.15198
M73 Q41 S30
G1 X95.226 Y96.879 F10800
G1 E-2.5 F4200
G1 Z21.8 F720
G1 X99.022 Y94.998 F10800
G1 Z21.6 F720
G1 E2.5 F2400
M204 P4000
;TYPE:Internal infill
;WIDTH:0.45
G1 F900
G1 X99.022 Y96.522 E.05159
G1 X98.825 Y96.522 E.00667
G1 X95.978 Y93.675 E.13628
G1 X95.978 Y93.233 E.01496
G1 X99.022 Y90.189 E.14571
G1 X99.022 Y89.811 E.01279
G1 X95.978 Y86.767 E.14571
G1 X95.978 Y86.325 E.01496
G1 X98.825 Y83.478 E.13628
G1 X97.295 Y83.478 E.05179
G1 X99.022 Y85.205 E.08267
G1 X99.022 Y85.584 E.01283
G1 X95.978 Y88.627 E.14569
G1 X95.978 Y89.07 E.015
G1 X99.022 Y92.114 E.14571
G1 X99.022 Y92.492 E.01279
G1 X95.978 Y95.536 E.14571
G1 X95.978 Y95.978 E.01496
M73 P41 R30
G1 X96.522 Y96.522 E.02604
G1 X97.295 Y96.522 E.02617
G1 X99.022 Y94.795 E.08267
G1 X99.022 Y94.416 E.01283
G1 X95.978 Y91.373 E.14569
G1 X95.978 Y90.93 E.015
G1 X99.022 Y87.886 E.14571
G1 X99.022 Y87.508 E.01279
G1 X95.978 Y84.464 E.14571
G1 X95.978 Y84.022 E.01496
G1 X96.522 Y83.478 E.02604
G1 X95.978 Y83.478 E.01841
G1 X95.978 Y83.818 E.01151
M204 P2000
;LAYER_CHANGE
;Z:21.8
;HEIGHT:0.199999
;BEFORE_LAYER_CHANGE
G92 E0.0
;21.8
M201 X3994.1 Y3994.1

G1 E-2.5 F4200
G1 Z21.8 F720
;AFTER_LAYER_CHANGE
;21.8
M74 W2.56447

G1 Z22
G1 X95.632 Y96.868 F10800
G1 Z21.8 F720
G1 E2.5 F2400
M204 P2500
;TYPE:Perimeter
;WIDTH:0.449999
G1 F900
G1 X95.632 Y83.132 E.46495
G1 X99.368 Y83.132 E.12646
G1 X99.368 Y96.868 E.46495
G1 X95.692 Y96.868 E.12443
M204 P2000
G1 X95.225 Y97.275 F10800
;TYPE:External perimeter
G1 F900
G1 X95.225 Y82.725 E.4925
G1 X99.775 Y82.725 E.15401
G1 X99.775 Y97.275 E.4925
G1 X95.285 Y97.275 E.15198
G1 X95.226 Y96.879 F10800
G1 E-2.5 F4200
G1 Z22 F720
G1 X99.022 Y94.998 F10800
G1 Z21.8 F720
G1 E2.5 F2400
M204 P4000
;TYPE:Internal infill
;WIDTH:0.45
G1 F900
G1 X99.022 Y96.522 E.05159
G1 X98.825 Y96.522 E.00667
G1 X95.978 Y93.675 E.13628
G1 X95.978 Y93.233 E.01496
G1 X99.022 Y90.189 E.14571
G1 X99.022 Y89.811 E.01279
G1 X95.978 Y86.767 E.14571
G1 X95.978 Y86.325 E.01496
G1 X98.825 Y83.478 E.13628
G1 X97.295 Y83.478 E.05179
G1 X99.022 Y85.205 E.08267
G1 X99.022 Y85.584 E.01283
G1 X95.978 Y88.627 E.14569
G1 X95.978 Y89.07 E.015
G1 X99.022 Y92.114 E.14571
G1 X99.022 Y92.492 E.01279
G1 X95.978 Y95.536 E.14571
G1 X95.978 Y95.978 E.01496
G1 X96.522 Y96.522 E.02604
G1 X97.295 Y96.522 E.02617
G1 X99.022 Y94.795 E.08267
G1 X99.022 Y94.416 E.01283
G1 X95.978 Y91.373 E.14569
G1 X95.978 Y90.93 E.015
G1 X99.022 Y87.886 E.14571
G1 X99.022 Y87.508 E.01279
G1 X95.978 Y84.464 E.14571
G1 X95.978 Y84.022 E.01496
G1 X96.522 Y83.478 E.02604
G1 X95.978 Y83.478 E.01841
G1 X95.978 Y83.818 E.01151
M204 P2000
;LAYER_CHANGE
;Z:22
;HEIGHT:0.200001
;BEFORE_LAYER_CHANGE
G92 E0.0
;22
M201 X3994.07 Y3994.07

G1 E-2.5 F4200
G1 Z22 F720
;AFTER_LAYER_CHANGE
;22
M74 W2.57774

G1 Z22.2
G1 X95.632 Y96.868 F10800
G1 Z22 F720
G1 E2.5 F2400
M204 P2500
;TYPE:Perimeter
;WIDTH:0.449999
G1 F900
G1 X95.632 Y83.132 E.46495
G1 X99.368 Y83.132 E.12646
G1 X99.368 Y96.868 E.46495
G1 X95.692 Y96.868 E.12443
M204 P2000
G1 X95.225 Y97.275 F10800
;TYPE:External perimeter
G1 F900
G1 X95.225 Y82.725 E.4925
G1 X99.775 Y82.725 E.15401
G1 X99.775 Y97.275 E.4925
G1 X95.285 Y97.275 E.15198
G1 X95.226 Y96.879 F10800
G1 E-2.5 F4200
G1 Z22.2 F720
G1 X99.022 Y94.998 F10800
G1 Z22 F720
G1 E2.5 F2400
M204 P4000
;TYPE:Internal infill
;WIDTH:0.45
G1 F900
G1 X99.022 Y96.522 E.05159
G1 X98.825 Y96.522 E.00667
G1 X95.978 Y93.675 E.13628
G1 X95.978 Y93.233 E.01496
G1 X99.022 Y90.189 E.14571
G1 X99.022 Y89.811 E.01279
G1 X95.978 Y86.767 E.14571
G1 X95.978 Y86.325 E.01496
G1 X98.825 Y83.478 E.13628
G1 X97.295 Y83.478 E.05179
G1 X99.022 Y85.205 E.08267
G1 X99.022 Y85.584 E.01283
G1 X95.978 Y88.627 E.14569
G1 X95.978 Y89.07 E.015
G1 X99.022 Y92.114 E.14571
G1 X99.022 Y92.492 E.01279
G1 X95.978 Y95.536 E.14571
G1 X95.978 Y95.978 E.01496
G1 X96.522 Y96.522 E.02604
G1 X97.295 Y96.522 E.02617
G1 X99.022 Y94.795 E.08267
G1 X99.022 Y94.416 E.01283
G1 X95.978 Y91.373 E.14569
G1 X95.978 Y90.93 E.015
G1 X99.022 Y87.886 E.14571
G1 X99.022 Y87.508 E.01279
G1 X95.978 Y84.464 E.14571
G1 X95.978 Y84.022 E.01496
G1 X96.522 Y83.478 E.02604
G1 X95.978 Y83.478 E.01841
G1 X95.978 Y83.818 E.01151
M204 P2000
;LAYER_CHANGE
;Z:22.2
;HEIGHT:0.200001
;BEFORE_LAYER_CHANGE
G92 E0.0
;22.2
M201 X3994.04 Y3994.04

G1 E-2.5 F4200
G1 Z22.2 F720
;AFTER_LAYER_CHANGE
;22.2
M74 W2.591

G1 Z22.4
G1 X95.632 Y96.868 F10800
G1 Z22.2 F720
G1 E2.5 F2400
M204 P2500
;TYPE:Perimeter
;WIDTH:0.449999
G1 F900
G1 X95.632 Y83.132 E.46495
G1 X99.368 Y83.132 E.12646
G1 X99.368 Y96.868 E.46495
G1 X95.692 Y96.868 E.12443
M204 P2000
G1 X95.225 Y97.275 F10800
;TYPE:External perimeter
G1 F900
G1 X95.225 Y82.725 E.4925
G1 X99.775 Y82.725 E.15401
G1 X99.775 Y97.275 E.4925
G1 X95.285 Y97.275 E.15198
G1 X95.226 Y96.879 F10800
G1 E-2.5 F4200
G1 Z22.4 F720
G1 X99.022 Y94.998 F10800
G1 Z22.2 F720
G1 E2.5 F2400
M204 P4000
;TYPE:Internal infill
;WIDTH:0.45
G1 F900
G1 X99.022 Y96.522 E.05159
G1 X98.825 Y96.522 E.00667
G1 X95.978 Y93.675 E.13628
G1 X95.978 Y93.233 E.01496
G1 X99.022 Y90.189 E.14571
G1 X99.022 Y89.811 E.01279
G1 X95.978 Y86.767 E.14571
G1 X95.978 Y86.325 E.01496
G1 X98.825 Y83.478 E.13628
G1 X97.295 Y83.478 E.05179
G1 X99.022 Y85.205 E.08267
G1 X99.022 Y85.584 E.01283
G1 X95.978 Y88.627 E.14569
G1 X95.978 Y89.07 E.015
M73 Q42 S30
G1 X99.022 Y92.114 E.14571
G1 X99.022 Y92.492 E.01279
G1 X95.978 Y95.536 E.14571
G1 X95.978 Y95.978 E.01496
G1 X96.522 Y96.522 E.02604
G1 X97.295 Y96.522 E.02617
G1 X99.022 Y94.795 E.08267
G1 X99.022 Y94.416 E.01283
G1 X95.978 Y91.373 E.14569
G1 X95.978 Y90.93 E.015
G1 X99.022 Y87.886 E.14571
G1 X99.022 Y87.508 E.01279
G1 X95.978 Y84.464 E.14571
G1 X95.978 Y84.022 E.01496
G1 X96.522 Y83.478 E.02604
G1 X95.978 Y83.478 E.01841
G1 X95.978 Y83.818 E.01151
M204 P2000
;LAYER_CHANGE
;Z:22.4
;HEIGHT:0.199999
;BEFORE_LAYER_CHANGE
G92 E0.0
;22.4
M201 X3994.01 Y3994.01

G1 E-2.5 F4200
G1 Z22.4 F720
;AFTER_LAYER_CHANGE
;22.4
M74 W2.60427

G1 Z22.6
G1 X95.632 Y96.868 F10800
G1 Z22.4 F720
G1 E2.5 F2400
M204 P2500
;TYPE:Perimeter
;WIDTH:0.449999
G1 F900
G1 X95.632 Y83.132 E.46495
G1 X99.368 Y83.132 E.12646
G1 X99.368 Y96.868 E.46495
M73 P42 R30
G1 X95.692 Y96.868 E.12443
M204 P2000
G1 X95.225 Y97.275 F10800
;TYPE:External perimeter
G1 F900
G1 X95.225 Y82.725 E.4925
G1 X99.775 Y82.725 E.15401
G1 X99.775 Y97.275 E.4925
G1 X95.285 Y97.275 E.15198
G1 X95.226 Y96.879 F10800
G1 E-2.5 F4200
G1 Z22.6 F720
G1 X99.022 Y94.998 F10800
G1 Z22.4 F720
G1 E2.5 F2400
M204 P4000
;TYPE:Internal infill
;WIDTH:0.45
G1 F900
G1 X99.022 Y96.522 E.05159
G1 X98.825 Y96.522 E.00667
G1 X95.978 Y93.675 E.13628
G1 X95.978 Y93.233 E.01496
G1 X99.022 Y90.189 E.14571
G1 X99.022 Y89.811 E.01279
G1 X95.978 Y86.767 E.14571
G1 X95.978 Y86.325 E.01496
G1 X98.825 Y83.478 E.13628
G1 X97.295 Y83.478 E.05179
G1 X99.022 Y85.205 E.08267
G1 X99.022 Y85.584 E.01283
G1 X95.978 Y88.627 E.14569
G1 X95.978 Y89.07 E.015
G1 X99.022 Y92.114 E.14571
G1 X99.022 Y92.492 E.01279
G1 X95.978 Y95.536 E.14571
G1 X95.978 Y95.978 E.01496
G1 X96.522 Y96.522 E.02604
G1 X97.295 Y96.522 E.02617
G1 X99.022 Y94.795 E.08267
G1 X99.022 Y94.416 E.01283
G1 X95.978 Y91.373 E.14569
G1 X95.978 Y90.93 E.015
G1 X99.022 Y87.886 E.14571
G1 X99.022 Y87.508 E.01279
G1 X95.978 Y84.464 E.14571
G1 X95.978 Y84.022 E.01496
G1 X96.522 Y83.478 E.02604
G1 X95.978 Y83.478 E.01841
G1 X95.978 Y83.818 E.01151
M204 P2000
;LAYER_CHANGE
;Z:22.6
;HEIGHT:0.200001
;BEFORE_LAYER_CHANGE
G92 E0.0
;22.6
M201 X3993.98 Y3993.98

G1 E-2.5 F4200
G1 Z22.6 F720
M73 P42 R29
;AFTER_LAYER_CHANGE
;22.6
M74 W2.61753

G1 Z22.8
G1 X95.632 Y96.868 F10800
G1 Z22.6 F720
G1 E2.5 F2400
M204 P2500
;TYPE:Perimeter
;WIDTH:0.449999
G1 F900
G1 X95.632 Y83.132 E.46495
G1 X99.368 Y83.132 E.12646
G1 X99.368 Y96.868 E.46495
G1 X95.692 Y96.868 E.12443
M204 P2000
G1 X95.225 Y97.275 F10800
;TYPE:External perimeter
G1 F900
G1 X95.225 Y82.725 E.4925
G1 X99.775 Y82.725 E.15401
G1 X99.775 Y97.275 E.4925
G1 X95.285 Y97.275 E.15198
G1 X95.226 Y96.879 F10800
G1 E-2.5 F4200
G1 Z22.8 F720
G1 X99.022 Y94.998 F10800
G1 Z22.6 F720
G1 E2.5 F2400
M204 P4000
;TYPE:Internal infill
;WIDTH:0.45
G1 F900
G1 X99.022 Y96.522 E.05159
G1 X98.825 Y96.522 E.00667
G1 X95.978 Y93.675 E.13628
G1 X95.978 Y93.233 E.01496
G1 X99.022 Y90.189 E.14571
G1 X99.022 Y89.811 E.01279
G1 X95.978 Y86.767 E.14571
G1 X95.978 Y86.325 E.01496
G1 X98.825 Y83.478 E.13628
G1 X97.295 Y83.478 E.05179
G1 X99.022 Y85.205 E.08267
G1 X99.022 Y85.584 E.01283
G1 X95.978 Y88.627 E.14569
G1 X95.978 Y89.07 E.015
G1 X99.022 Y92.114 E.14571
G1 X99.022 Y92.492 E.01279
G1 X95.978 Y95.536 E.14571
G1 X95.978 Y95.978 E.01496
G1 X96.522 Y96.522 E.02604
G1 X97.295 Y96.522 E.02617
G1 X99.022 Y94.795 E.08267
G1 X99.022 Y94.416 E.01283
G1 X95.978 Y91.373 E.14569
G1 X95.978 Y90.93 E.015
G1 X99.022 Y87.886 E.14571
G1 X99.022 Y87.508 E.01279
G1 X95.978 Y84.464 E.14571
G1 X95.978 Y84.022 E.01496
G1 X96.522 Y83.478 E.02604
G1 X95.978 Y83.478 E.01841
G1 X95.978 Y83.818 E.01151
M204 P2000
;LAYER_CHANGE
;Z:22.8
;HEIGHT:0.199999
;BEFORE_LAYER_CHANGE
G92 E0.0
;22.8
M201 X3993.95 Y3993.95

G1 E-2.5 F4200
G1 Z22.8 F720
;AFTER_LAYER_CHANGE
;22.8
M74 W2.6308

G1 Z23
G1 X95.632 Y96.868 F10800
G1 Z22.8 F720
G1 E2.5 F2400
M204 P2500
;TYPE:Perimeter
;WIDTH:0.449999
G1 F900
G1 X95.632 Y83.132 E.46495
G1 X99.368 Y83.132 E.12646
M73 Q42 S29
G1 X99.368 Y96.868 E.46495
G1 X95.692 Y96.868 E.12443
M204 P2000
G1 X95.225 Y97.275 F10800
;TYPE:External perimeter
G1 F900
G1 X95.225 Y82.725 E.4925
G1 X99.775 Y82.725 E.15401
G1 X99.775 Y97.275 E.4925
G1 X95.285 Y97.275 E.15198
G1 X95.226 Y96.879 F10800
G1 E-2.5 F4200
G1 Z23 F720
G1 X99.022 Y94.998 F10800
G1 Z22.8 F720
G1 E2.5 F2400
M204 P4000
;TYPE:Internal infill
;WIDTH:0.45
G1 F900
G1 X99.022 Y96.522 E.05159
G1 X98.825 Y96.522 E.00667
G1 X95.978 Y93.675 E.13628
G1 X95.978 Y93.233 E.01496
G1 X99.022 Y90.189 E.14571
G1 X99.022 Y89.811 E.01279
G1 X95.978 Y86.767 E.14571
G1 X95.978 Y86.325 E.01496
G1 X98.825 Y83.478 E.13628
G1 X97.295 Y83.478 E.05179
G1 X99.022 Y85.205 E.08267
G1 X99.022 Y85.584 E.01283
G1 X95.978 Y88.627 E.14569
G1 X95.978 Y89.07 E.015
G1 X99.022 Y92.114 E.14571
G1 X99.022 Y92.492 E.01279
G1 X95.978 Y95.536 E.14571
G1 X95.978 Y95.978 E.01496
G1 X96.522 Y96.522 E.02604
G1 X97.295 Y96.522 E.02617
G1 X99.022 Y94.795 E.08267
G1 X99.022 Y94.416 E.01283
G1 X95.978 Y91.373 E.14569
G1 X95.978 Y90.93 E.015
G1 X99.022 Y87.886 E.14571
G1 X99.022 Y87.508 E.01279
G1 X95.978 Y84.464 E.14571
G1 X95.978 Y84.022 E.01496
G1 X96.522 Y83.478 E.02604
G1 X95.978 Y83.478 E.01841
G1 X95.978 Y83.818 E.01151
M204 P2000
;LAYER_CHANGE
;Z:23
;HEIGHT:0.200001
;BEFORE_LAYER_CHANGE
G92 E0.0
;23
M201 X3993.92 Y3993.92

G1 E-2.5 F4200
G1 Z23 F720
;AFTER_LAYER_CHANGE
;23
M74 W2.64406

G1 Z23.2
G1 X95.632 Y96.868 F10800
G1 Z23 F720
G1 E2.5 F2400
M204 P2500
;TYPE:Perimeter
;WIDTH:0.449999
G1 F900
G1 X95.632 Y83.132 E.46495
G1 X99.368 Y83.132 E.12646
M73 Q43 S29
G1 X99.368 Y96.868 E.46495
G1 X95.692 Y96.868 E.12443
M204 P2000
G1 X95.225 Y97.275 F10800
;TYPE:External perimeter
G1 F900
G1 X95.225 Y82.725 E.4925
G1 X99.775 Y82.725 E.15401
G1 X99.775 Y97.275 E.4925
G1 X95.285 Y97.275 E.15198
M73 P43 R29
G1 X95.226 Y96.879 F10800
G1 E-2.5 F4200
G1 Z23.2 F720
G1 X99.022 Y94.998 F10800
G1 Z23 F720
G1 E2.5 F2400
M204 P4000
;TYPE:Internal infill
;WIDTH:0.45
G1 F900
G1 X99.022 Y96.522 E.05159
G1 X98.825 Y96.522 E.00667
G1 X95.978 Y93.675 E.13628
G1 X95.978 Y93.233 E.01496
G1 X99.022 Y90.189 E.14571
G1 X99.022 Y89.811 E.01279
G1 X95.978 Y86.767 E.14571
G1 X95.978 Y86.325 E.01496
G1 X98.825 Y83.478 E.13628
G1 X97.295 Y83.478 E.05179
G1 X99.022 Y85.205 E.08267
G1 X99.022 Y85.584 E.01283
G1 X95.978 Y88.627 E.14569
G1 X95.978 Y89.07 E.015
G1 X99.022 Y92.114 E.14571
G1 X99.022 Y92.492 E.01279
G1 X95.978 Y95.536 E.14571
G1 X95.978 Y95.978 E.01496
G1 X96.522 Y96.522 E.02604
G1 X97.295 Y96.522 E.02617
G1 X99.022 Y94.795 E.08267
G1 X99.022 Y94.416 E.01283
G1 X95.978 Y91.373 E.14569
G1 X95.978 Y90.93 E.015
G1 X99.022 Y87.886 E.14571
G1 X99.022 Y87.508 E.01279
G1 X95.978 Y84.464 E.14571
G1 X95.978 Y84.022 E.01496
G1 X96.522 Y83.478 E.02604
G1 X95.978 Y83.478 E.01841
G1 X95.978 Y83.818 E.01151
M204 P2000
;LAYER_CHANGE
;Z:23.2
;HEIGHT:0.200001
;BEFORE_LAYER_CHANGE
G92 E0.0
;23.2
M201 X3993.89 Y3993.89

G1 E-2.5 F4200
G1 Z23.2 F720
;AFTER_LAYER_CHANGE
;23.2
M74 W2.65733

G1 Z23.4
G1 X95.632 Y96.868 F10800
G1 Z23.2 F720
G1 E2.5 F2400
M204 P2500
;TYPE:Perimeter
;WIDTH:0.449999
G1 F900
G1 X95.632 Y83.132 E.46495
G1 X99.368 Y83.132 E.12646
G1 X99.368 Y96.868 E.46495
G1 X95.692 Y96.868 E.12443
M204 P2000
G1 X95.225 Y97.275 F10800
;TYPE:External perimeter
G1 F900
G1 X95.225 Y82.725 E.4925
G1 X99.775 Y82.725 E.15401
G1 X99.775 Y97.275 E.4925
G1 X95.285 Y97.275 E.15198
G1 X95.226 Y96.879 F10800
G1 E-2.5 F4200
G1 Z23.4 F720
G1 X99.022 Y94.998 F10800
G1 Z23.2 F720
G1 E2.5 F2400
M204 P4000
;TYPE:Internal infill
;WIDTH:0.45
G1 F900
G1 X99.022 Y96.522 E.05159
G1 X98.825 Y96.522 E.00667
G1 X95.978 Y93.675 E.13628
G1 X95.978 Y93.233 E.01496
G1 X99.022 Y90.189 E.14571
G1 X99.022 Y89.811 E.01279
G1 X95.978 Y86.767 E.14571
G1 X95.978 Y86.325 E.01496
G1 X98.825 Y83.478 E.13628
G1 X97.295 Y83.478 E.05179
G1 X99.022 Y85.205 E.08267
G1 X99.022 Y85.584 E.01283
G1 X95.978 Y88.627 E.14569
G1 X95.978 Y89.07 E.015
G1 X99.022 Y92.114 E.14571
G1 X99.022 Y92.492 E.01279
G1 X95.978 Y95.536 E.14571
G1 X95.978 Y95.978 E.01496
G1 X96.522 Y96.522 E.02604
G1 X97.295 Y96.522 E.02617
G1 X99.022 Y94.795 E.08267
G1 X99.022 Y94.416 E.01283
G1 X95.978 Y91.373 E.14569
G1 X95.978 Y90.93 E.015
G1 X99.022 Y87.886 E.14571
G1 X99.022 Y87.508 E.01279
G1 X95.978 Y84.464 E.14571
G1 X95.978 Y84.022 E.01496
G1 X96.522 Y83.478 E.02604
G1 X95.978 Y83.478 E.01841
G1 X95.978 Y83.818 E.01151
M204 P2000
;LAYER_CHANGE
;Z:23.4
;HEIGHT:0.199999
;BEFORE_LAYER_CHANGE
G92 E0.0
;23.4
M201 X3993.86 Y3993.86

G1 E-2.5 F4200
G1 Z23.4 F720
;AFTER_LAYER_CHANGE
;23.4
M74 W2.67059

G1 Z23.6
G1 X95.632 Y96.868 F10800
G1 Z23.4 F720
G1 E2.5 F2400
M204 P2500
;TYPE:Perimeter
;WIDTH:0.449999
G1 F900
G1 X95.632 Y83.132 E.46495
G1 X99.368 Y83.132 E.12646
G1 X99.368 Y96.868 E.46495
G1 X95.692 Y96.868 E.12443
M204 P2000
G1 X95.225 Y97.275 F10800
;TYPE:External perimeter
G1 F900
G1 X95.225 Y82.725 E.4925
G1 X99.775 Y82.725 E.15401
G1 X99.775 Y97.275 E.4925
G1 X95.285 Y97.275 E.15198
G1 X95.226 Y96.879 F10800
G1 E-2.5 F4200
G1 Z23.6 F720
G1 X99.022 Y94.998 F10800
G1 Z23.4 F720
G1 E2.5 F2400
M204 P4000
;TYPE:Internal infill
;WIDTH:0.45
G1 F900
G1 X99.022 Y96.522 E.05159
G1 X98.825 Y96.522 E.00667
G1 X95.978 Y93.675 E.13628
G1 X95.978 Y93.233 E.01496
G1 X99.022 Y90.189 E.14571
G1 X99.022 Y89.811 E.01279
G1 X95.978 Y86.767 E.14571
G1 X95.978 Y86.325 E.01496
G1 X98.825 Y83.478 E.13628
G1 X97.295 Y83.478 E.05179
G1 X99.022 Y85.205 E.08267
G1 X99.022 Y85.584 E.01283
G1 X95.978 Y88.627 E.14569
G1 X95.978 Y89.07 E.015
G1 X99.022 Y92.114 E.14571
G1 X99.022 Y92.492 E.01279
G1 X95.978 Y95.536 E.14571
G1 X95.978 Y95.978 E.01496
G1 X96.522 Y96.522 E.02604
G1 X97.295 Y96.522 E.02617
G1 X99.022 Y94.795 E.08267
G1 X99.022 Y94.416 E.01283
G1 X95.978 Y91.373 E.14569
G1 X95.978 Y90.93 E.015
G1 X99.022 Y87.886 E.14571
G1 X99.022 Y87.508 E.01279
G1 X95.978 Y84.464 E.14571
G1 X95.978 Y84.022 E.01496
G1 X96.522 Y83.478 E.02604
G1 X95.978 Y83.478 E.01841
G1 X95.978 Y83.818 E.01151
M204 P2000
;LAYER_CHANGE
;Z:23.6
;HEIGHT:0.200001
;BEFORE_LAYER_CHANGE
G92 E0.0
;23.6
M201 X3993.83 Y3993.83

G1 E-2.5 F4200
G1 Z23.6 F720
;AFTER_LAYER_CHANGE
;23.6
M74 W2.68385

G1 Z23.8
G1 X95.632 Y96.868 F10800
G1 Z23.6 F720
G1 E2.5 F2400
M204 P2500
;TYPE:Perimeter
;WIDTH:0.449999
G1 F900
G1 X95.632 Y83.132 E.46495
G1 X99.368 Y83.132 E.12646
G1 X99.368 Y96.868 E.46495
G1 X95.692 Y96.868 E.12443
M204 P2000
G1 X95.225 Y97.275 F10800
;TYPE:External perimeter
G1 F900
G1 X95.225 Y82.725 E.4925
G1 X99.775 Y82.725 E.15401
M73 Q44 S29
G1 X99.775 Y97.275 E.4925
G1 X95.285 Y97.275 E.15198
G1 X95.226 Y96.879 F10800
G1 E-2.5 F4200
G1 Z23.8 F720
G1 X99.022 Y94.998 F10800
G1 Z23.6 F720
G1 E2.5 F2400
M204 P4000
;TYPE:Internal infill
;WIDTH:0.45
G1 F900
G1 X99.022 Y96.522 E.05159
G1 X98.825 Y96.522 E.00667
G1 X95.978 Y93.675 E.13628
G1 X95.978 Y93.233 E.01496
G1 X99.022 Y90.189 E.14571
G1 X99.022 Y89.811 E.01279
G1 X95.978 Y86.767 E.14571
G1 X95.978 Y86.325 E.01496
G1 X98.825 Y83.478 E.13628
G1 X97.295 Y83.478 E.05179
G1 X99.022 Y85.205 E.08267
M73 P44 R29
G1 X99.022 Y85.584 E.01283
G1 X95.978 Y88.627 E.14569
G1 X95.978 Y89.07 E.015
G1 X99.022 Y92.114 E.14571
G1 X99.022 Y92.492 E.01279
G1 X95.978 Y95.536 E.14571
G1 X95.978 Y95.978 E.01496
G1 X96.522 Y96.522 E.02604
G1 X97.295 Y96.522 E.02617
G1 X99.022 Y94.795 E.08267
G1 X99.022 Y94.416 E.01283
G1 X95.978 Y91.373 E.14569
G1 X95.978 Y90.93 E.015
G1 X99.022 Y87.886 E.14571
G1 X99.022 Y87.508 E.01279
G1 X95.978 Y84.464 E.14571
G1 X95.978 Y84.022 E.01496
G1 X96.522 Y83.478 E.02604
G1 X95.978 Y83.478 E.01841
G1 X95.978 Y83.818 E.01151
M204 P2000
;LAYER_CHANGE
;Z:23.8
;HEIGHT:0.199999
;BEFORE_LAYER_CHANGE
G92 E0.0
;23.8
M201 X3993.8 Y3993.8

G1 E-2.5 F4200
G1 Z23.8 F720
;AFTER_LAYER_CHANGE
;23.8
M74 W2.69712

G1 Z24
G1 X95.632 Y96.868 F10800
G1 Z23.8 F720
G1 E2.5 F2400
M204 P2500
;TYPE:Perimeter
;WIDTH:0.449999
G1 F900
G1 X95.632 Y83.132 E.46495
G1 X99.368 Y83.132 E.12646
G1 X99.368 Y96.868 E.46495
G1 X95.692 Y96.868 E.12443
M204 P2000
G1 X95.225 Y97.275 F10800
;TYPE:External perimeter
G1 F900
G1 X95.225 Y82.725 E.4925
G1 X99.775 Y82.725 E.15401
M73 P44 R28
G1 X99.775 Y97.275 E.4925
G1 X95.285 Y97.275 E.15198
G1 X95.226 Y96.879 F10800
G1 E-2.5 F4200
G1 Z24 F720
G1 X99.022 Y94.998 F10800
G1 Z23.8 F720
G1 E2.5 F2400
M204 P4000
;TYPE:Internal infill
;WIDTH:0.45
G1 F900
G1 X99.022 Y96.522 E.05159
G1 X98.825 Y96.522 E.00667
G1 X95.978 Y93.675 E.13628
G1 X95.978 Y93.233 E.01496
G1 X99.022 Y90.189 E.14571
G1 X99.022 Y89.811 E.01279
G1 X95.978 Y86.767 E.14571
G1 X95.978 Y86.325 E.01496
G1 X98.825 Y83.478 E.13628
G1 X97.295 Y83.478 E.05179
G1 X99.022 Y85.205 E.08267
G1 X99.022 Y85.584 E.01283
G1 X95.978 Y88.627 E.14569
G1 X95.978 Y89.07 E.015
G1 X99.022 Y92.114 E.14571
G1 X99.022 Y92.492 E.01279
G1 X95.978 Y95.536 E.14571
G1 X95.978 Y95.978 E.01496
G1 X96.522 Y96.522 E.02604
G1 X97.295 Y96.522 E.02617
G1 X99.022 Y94.795 E.08267
G1 X99.022 Y94.416 E.01283
G1 X95.978 Y91.373 E.14569
G1 X95.978 Y90.93 E.015
G1 X99.022 Y87.886 E.14571
G1 X99.022 Y87.508 E.01279
G1 X95.978 Y84.464 E.14571
G1 X95.978 Y84.022 E.01496
G1 X96.522 Y83.478 E.02604
G1 X95.978 Y83.478 E.01841
G1 X95.978 Y83.818 E.01151
M204 P2000
;LAYER_CHANGE
;Z:24
;HEIGHT:0.200001
;BEFORE_LAYER_CHANGE
G92 E0.0
;24
M201 X3993.77 Y3993.77

G1 E-2.5 F4200
G1 Z24 F720
;AFTER_LAYER_CHANGE
;24
M74 W2.71038

G1 Z24.2
G1 X95.632 Y96.868 F10800
G1 Z24 F720
G1 E2.5 F2400
M204 P2500
;TYPE:Perimeter
;WIDTH:0.449999
G1 F900
G1 X95.632 Y83.132 E.46495
G1 X99.368 Y83.132 E.12646
G1 X99.368 Y96.868 E.46495
G1 X95.692 Y96.868 E.12443
M204 P2000
G1 X95.225 Y97.275 F10800
;TYPE:External perimeter
G1 F900
G1 X95.225 Y82.725 E.4925
G1 X99.775 Y82.725 E.15401
G1 X99.775 Y97.275 E.4925
G1 X95.285 Y97.275 E.15198
M73 Q44 S28
G1 X95.226 Y96.879 F10800
G1 E-2.5 F4200
G1 Z24.2 F720
G1 X99.022 Y94.998 F10800
G1 Z24 F720
G1 E2.5 F2400
M204 P4000
;TYPE:Internal infill
;WIDTH:0.45
G1 F900
G1 X99.022 Y96.522 E.05159
G1 X98.825 Y96.522 E.00667
G1 X95.978 Y93.675 E.13628
G1 X95.978 Y93.233 E.01496
G1 X99.022 Y90.189 E.14571
G1 X99.022 Y89.811 E.01279
G1 X95.978 Y86.767 E.14571
G1 X95.978 Y86.325 E.01496
G1 X98.825 Y83.478 E.13628
G1 X97.295 Y83.478 E.05179
G1 X99.022 Y85.205 E.08267
G1 X99.022 Y85.584 E.01283
G1 X95.978 Y88.627 E.14569
G1 X95.978 Y89.07 E.015
G1 X99.022 Y92.114 E.14571
G1 X99.022 Y92.492 E.01279
G1 X95.978 Y95.536 E.14571
G1 X95.978 Y95.978 E.01496
G1 X96.522 Y96.522 E.02604
G1 X97.295 Y96.522 E.02617
G1 X99.022 Y94.795 E.08267
G1 X99.022 Y94.416 E.01283
G1 X95.978 Y91.373 E.14569
G1 X95.978 Y90.93 E.015
G1 X99.022 Y87.886 E.14571
G1 X99.022 Y87.508 E.01279
G1 X95.978 Y84.464 E.14571
G1 X95.978 Y84.022 E.01496
G1 X96.522 Y83.478 E.02604
G1 X95.978 Y83.478 E.01841
G1 X95.978 Y83.818 E.01151
M204 P2000
;LAYER_CHANGE
;Z:24.2
;HEIGHT:0.200001
;BEFORE_LAYER_CHANGE
G92 E0.0
;24.2
M201 X3993.74 Y3993.74

G1 E-2.5 F4200
G1 Z24.2 F720
;AFTER_LAYER_CHANGE
;24.2
M74 W2.72365

G1 Z24.4
G1 X95.632 Y96.868 F10800
G1 Z24.2 F720
G1 E2.5 F2400
M204 P2500
;TYPE:Perimeter
;WIDTH:0.449999
G1 F900
G1 X95.632 Y83.132 E.46495
G1 X99.368 Y83.132 E.12646
G1 X99.368 Y96.868 E.46495
G1 X95.692 Y96.868 E.12443
M204 P2000
G1 X95.225 Y97.275 F10800
;TYPE:External perimeter
G1 F900
G1 X95.225 Y82.725 E.4925
G1 X99.775 Y82.725 E.15401
G1 X99.775 Y97.275 E.4925
G1 X95.285 Y97.275 E.15198
G1 X95.226 Y96.879 F10800
G1 E-2.5 F4200
G1 Z24.4 F720
G1 X99.022 Y94.998 F10800
G1 Z24.2 F720
G1 E2.5 F2400
M204 P4000
;TYPE:Internal infill
;WIDTH:0.45
G1 F900
G1 X99.022 Y96.522 E.05159
G1 X98.825 Y96.522 E.00667
G1 X95.978 Y93.675 E.13628
G1 X95.978 Y93.233 E.01496
G1 X99.022 Y90.189 E.14571
G1 X99.022 Y89.811 E.01279
G1 X95.978 Y86.767 E.14571
G1 X95.978 Y86.325 E.01496
M73 Q45 S28
G1 X98.825 Y83.478 E.13628
G1 X97.295 Y83.478 E.05179
G1 X99.022 Y85.205 E.08267
G1 X99.022 Y85.584 E.01283
G1 X95.978 Y88.627 E.14569
G1 X95.978 Y89.07 E.015
G1 X99.022 Y92.114 E.14571
G1 X99.022 Y92.492 E.01279
G1 X95.978 Y95.536 E.14571
G1 X95.978 Y95.978 E.01496
G1 X96.522 Y96.522 E.02604
G1 X97.295 Y96.522 E.02617
G1 X99.022 Y94.795 E.08267
G1 X99.022 Y94.416 E.01283
G1 X95.978 Y91.373 E.14569
G1 X95.978 Y90.93 E.015
G1 X99.022 Y87.886 E.14571
G1 X99.022 Y87.508 E.01279
G1 X95.978 Y84.464 E.14571
G1 X95.978 Y84.022 E.01496
G1 X96.522 Y83.478 E.02604
G1 X95.978 Y83.478 E.01841
G1 X95.978 Y83.818 E.01151
M204 P2000
;LAYER_CHANGE
;Z:24.4
;HEIGHT:0.199999
;BEFORE_LAYER_CHANGE
G92 E0.0
;24.4
M201 X3993.71 Y3993.71

G1 E-2.5 F4200
G1 Z24.4 F720
;AFTER_LAYER_CHANGE
;24.4
M74 W2.73691

G1 Z24.6
G1 X95.632 Y96.868 F10800
G1 Z24.4 F720
G1 E2.5 F2400
M204 P2500
;TYPE:Perimeter
;WIDTH:0.449999
G1 F900
M73 P45 R28
G1 X95.632 Y83.132 E.46495
G1 X99.368 Y83.132 E.12646
G1 X99.368 Y96.868 E.46495
G1 X95.692 Y96.868 E.12443
M204 P2000
G1 X95.225 Y97.275 F10800
;TYPE:External perimeter
G1 F900
G1 X95.225 Y82.725 E.4925
G1 X99.775 Y82.725 E.15401
G1 X99.775 Y97.275 E.4925
G1 X95.285 Y97.275 E.15198
G1 X95.226 Y96.879 F10800
G1 E-2.5 F4200
G1 Z24.6 F720
G1 X99.022 Y94.998 F10800
G1 Z24.4 F720
G1 E2.5 F2400
M204 P4000
;TYPE:Internal infill
;WIDTH:0.45
G1 F900
G1 X99.022 Y96.522 E.05159
G1 X98.825 Y96.522 E.00667
G1 X95.978 Y93.675 E.13628
G1 X95.978 Y93.233 E.01496
G1 X99.022 Y90.189 E.14571
G1 X99.022 Y89.811 E.01279
G1 X95.978 Y86.767 E.14571
G1 X95.978 Y86.325 E.01496
G1 X98.825 Y83.478 E.13628
G1 X97.295 Y83.478 E.05179
G1 X99.022 Y85.205 E.08267
G1 X99.022 Y85.584 E.01283
G1 X95.978 Y88.627 E.14569
G1 X95.978 Y89.07 E.015
G1 X99.022 Y92.114 E.14571
G1 X99.022 Y92.492 E.01279
G1 X95.978 Y95.536 E.14571
G1 X95.978 Y95.978 E.01496
G1 X96.522 Y96.522 E.02604
G1 X97.295 Y96.522 E.02617
G1 X99.022 Y94.795 E.08267
G1 X99.022 Y94.416 E.01283
G1 X95.978 Y91.373 E.14569
G1 X95.978 Y90.93 E.015
G1 X99.022 Y87.886 E.14571
G1 X99.022 Y87.508 E.01279
G1 X95.978 Y84.464 E.14571
G1 X95.978 Y84.022 E.01496
G1 X96.522 Y83.478 E.02604
G1 X95.978 Y83.478 E.01841
G1 X95.978 Y83.818 E.01151
M204 P2000
;LAYER_CHANGE
;Z:24.6
;HEIGHT:0.200001
;BEFORE_LAYER_CHANGE
G92 E0.0
;24.6
M201 X3993.67 Y3993.67

G1 E-2.5 F4200
G1 Z24.6 F720
;AFTER_LAYER_CHANGE
;24.6
M74 W2.75018

G1 Z24.8
G1 X95.632 Y96.868 F10800
G1 Z24.6 F720
G1 E2.5 F2400
M204 P2500
;TYPE:Perimeter
;WIDTH:0.449999
G1 F900
G1 X95.632 Y83.132 E.46495
G1 X99.368 Y83.132 E.12646
G1 X99.368 Y96.868 E.46495
G1 X95.692 Y96.868 E.12443
M204 P2000
G1 X95.225 Y97.275 F10800
;TYPE:External perimeter
G1 F900
G1 X95.225 Y82.725 E.4925
G1 X99.775 Y82.725 E.15401
G1 X99.775 Y97.275 E.4925
G1 X95.285 Y97.275 E.15198
G1 X95.226 Y96.879 F10800
G1 E-2.5 F4200
G1 Z24.8 F720
G1 X99.022 Y94.998 F10800
G1 Z24.6 F720
G1 E2.5 F2400
M204 P4000
;TYPE:Internal infill
;WIDTH:0.45
G1 F900
G1 X99.022 Y96.522 E.05159
G1 X98.825 Y96.522 E.00667
G1 X95.978 Y93.675 E.13628
G1 X95.978 Y93.233 E.01496
G1 X99.022 Y90.189 E.14571
G1 X99.022 Y89.811 E.01279
G1 X95.978 Y86.767 E.14571
G1 X95.978 Y86.325 E.01496
G1 X98.825 Y83.478 E.13628
G1 X97.295 Y83.478 E.05179
G1 X99.022 Y85.205 E.08267
G1 X99.022 Y85.584 E.01283
G1 X95.978 Y88.627 E.14569
G1 X95.978 Y89.07 E.015
G1 X99.022 Y92.114 E.14571
G1 X99.022 Y92.492 E.01279
G1 X95.978 Y95.536 E.14571
G1 X95.978 Y95.978 E.01496
G1 X96.522 Y96.522 E.02604
G1 X97.295 Y96.522 E.02617
G1 X99.022 Y94.795 E.08267
G1 X99.022 Y94.416 E.01283
G1 X95.978 Y91.373 E.14569
G1 X95.978 Y90.93 E.015
G1 X99.022 Y87.886 E.14571
G1 X99.022 Y87.508 E.01279
G1 X95.978 Y84.464 E.14571
G1 X95.978 Y84.022 E.01496
G1 X96.522 Y83.478 E.02604
G1 X95.978 Y83.478 E.01841
G1 X95.978 Y83.818 E.01151
M204 P2000
;LAYER_CHANGE
;Z:24.8
;HEIGHT:0.199999
;BEFORE_LAYER_CHANGE
G92 E0.0
;24.8
M201 X3993.64 Y3993.64

G1 E-2.5 F4200
G1 Z24.8 F720
;AFTER_LAYER_CHANGE
;24.8
M74 W2.76344

G1 Z25
G1 X95.632 Y96.868 F10800
G1 Z24.8 F720
G1 E2.5 F2400
M204 P2500
;TYPE:Perimeter
;WIDTH:0.449999
G1 F900
G1 X95.632 Y83.132 E.46495
G1 X99.368 Y83.132 E.12646
G1 X99.368 Y96.868 E.46495
G1 X95.692 Y96.868 E.12443
M204 P2000
G1 X95.225 Y97.275 F10800
;TYPE:External perimeter
G1 F900
G1 X95.225 Y82.725 E.4925
G1 X99.775 Y82.725 E.15401
G1 X99.775 Y97.275 E.4925
G1 X95.285 Y97.275 E.15198
G1 X95.226 Y96.879 F10800
G1 E-2.5 F4200
G1 Z25 F720
G1 X99.022 Y94.998 F10800
G1 Z24.8 F720
G1 E2.5 F2400
M204 P4000
;TYPE:Internal infill
;WIDTH:0.45
G1 F900
G1 X99.022 Y96.522 E.05159
G1 X98.825 Y96.522 E.00667
G1 X95.978 Y93.675 E.13628
G1 X95.978 Y93.233 E.01496
G1 X99.022 Y90.189 E.14571
G1 X99.022 Y89.811 E.01279
G1 X95.978 Y86.767 E.14571
G1 X95.978 Y86.325 E.01496
G1 X98.825 Y83.478 E.13628
G1 X97.295 Y83.478 E.05179
G1 X99.022 Y85.205 E.08267
G1 X99.022 Y85.584 E.01283
G1 X95.978 Y88.627 E.14569
G1 X95.978 Y89.07 E.015
G1 X99.022 Y92.114 E.14571
G1 X99.022 Y92.492 E.01279
G1 X95.978 Y95.536 E.14571
G1 X95.978 Y95.978 E.01496
G1 X96.522 Y96.522 E.02604
G1 X97.295 Y96.522 E.02617
G1 X99.022 Y94.795 E.08267
G1 X99.022 Y94.416 E.01283
G1 X95.978 Y91.373 E.14569
G1 X95.978 Y90.93 E.015
G1 X99.022 Y87.886 E.14571
G1 X99.022 Y87.508 E.01279
G1 X95.978 Y84.464 E.14571
G1 X95.978 Y84.022 E.01496
G1 X96.522 Y83.478 E.02604
M73 Q46 S28
G1 X95.978 Y83.478 E.01841
G1 X95.978 Y83.818 E.01151
M204 P2000
;LAYER_CHANGE
;Z:25
;HEIGHT:0.200001
;BEFORE_LAYER_CHANGE
G92 E0.0
;25
M201 X3993.61 Y3993.61

G1 E-2.5 F4200
G1 Z25 F720
;AFTER_LAYER_CHANGE
;25
M74 W2.77671

G1 Z25.2
G1 X95.632 Y96.868 F10800
G1 Z25 F720
G1 E2.5 F2400
M204 P2500
;TYPE:Perimeter
;WIDTH:0.449999
G1 F900
G1 X95.632 Y83.132 E.46495
G1 X99.368 Y83.132 E.12646
G1 X99.368 Y96.868 E.46495
G1 X95.692 Y96.868 E.12443
M204 P2000
G1 X95.225 Y97.275 F10800
;TYPE:External perimeter
G1 F900
G1 X95.225 Y82.725 E.4925
G1 X99.775 Y82.725 E.15401
M73 P46 R28
G1 X99.775 Y97.275 E.4925
G1 X95.285 Y97.275 E.15198
G1 X95.226 Y96.879 F10800
G1 E-2.5 F4200
G1 Z25.2 F720
G1 X99.022 Y94.998 F10800
G1 Z25 F720
G1 E2.5 F2400
M204 P4000
;TYPE:Internal infill
;WIDTH:0.45
G1 F900
G1 X99.022 Y96.522 E.05159
G1 X98.825 Y96.522 E.00667
G1 X95.978 Y93.675 E.13628
G1 X95.978 Y93.233 E.01496
G1 X99.022 Y90.189 E.14571
G1 X99.022 Y89.811 E.01279
G1 X95.978 Y86.767 E.14571
G1 X95.978 Y86.325 E.01496
G1 X98.825 Y83.478 E.13628
G1 X97.295 Y83.478 E.05179
M73 P46 R27
G1 X99.022 Y85.205 E.08267
G1 X99.022 Y85.584 E.01283
G1 X95.978 Y88.627 E.14569
G1 X95.978 Y89.07 E.015
G1 X99.022 Y92.114 E.14571
G1 X99.022 Y92.492 E.01279
G1 X95.978 Y95.536 E.14571
G1 X95.978 Y95.978 E.01496
G1 X96.522 Y96.522 E.02604
G1 X97.295 Y96.522 E.02617
G1 X99.022 Y94.795 E.08267
G1 X99.022 Y94.416 E.01283
G1 X95.978 Y91.373 E.14569
G1 X95.978 Y90.93 E.015
G1 X99.022 Y87.886 E.14571
G1 X99.022 Y87.508 E.01279
G1 X95.978 Y84.464 E.14571
G1 X95.978 Y84.022 E.01496
G1 X96.522 Y83.478 E.02604
G1 X95.978 Y83.478 E.01841
G1 X95.978 Y83.818 E.01151
M204 P2000
;LAYER_CHANGE
;Z:25.2
;HEIGHT:0.200001
;BEFORE_LAYER_CHANGE
G92 E0.0
;25.2
M201 X3993.58 Y3993.58

G1 E-2.5 F4200
G1 Z25.2 F720
;AFTER_LAYER_CHANGE
;25.2
M74 W2.78997

G1 Z25.4
G1 X95.632 Y96.868 F10800
G1 Z25.2 F720
G1 E2.5 F2400
M204 P2500
;TYPE:Perimeter
;WIDTH:0.449999
G1 F900
G1 X95.632 Y83.132 E.46495
G1 X99.368 Y83.132 E.12646
G1 X99.368 Y96.868 E.46495
G1 X95.692 Y96.868 E.12443
M204 P2000
G1 X95.225 Y97.275 F10800
;TYPE:External perimeter
G1 F900
G1 X95.225 Y82.725 E.4925
G1 X99.775 Y82.725 E.15401
G1 X99.775 Y97.275 E.4925
G1 X95.285 Y97.275 E.15198
G1 X95.226 Y96.879 F10800
G1 E-2.5 F4200
G1 Z25.4 F720
G1 X99.022 Y94.998 F10800
G1 Z25.2 F720
G1 E2.5 F2400
M204 P4000
;TYPE:Internal infill
;WIDTH:0.45
G1 F900
G1 X99.022 Y96.522 E.05159
G1 X98.825 Y96.522 E.00667
G1 X95.978 Y93.675 E.13628
G1 X95.978 Y93.233 E.01496
G1 X99.022 Y90.189 E.14571
G1 X99.022 Y89.811 E.01279
G1 X95.978 Y86.767 E.14571
G1 X95.978 Y86.325 E.01496
G1 X98.825 Y83.478 E.13628
G1 X97.295 Y83.478 E.05179
G1 X99.022 Y85.205 E.08267
G1 X99.022 Y85.584 E.01283
M73 Q46 S27
G1 X95.978 Y88.627 E.14569
G1 X95.978 Y89.07 E.015
G1 X99.022 Y92.114 E.14571
G1 X99.022 Y92.492 E.01279
G1 X95.978 Y95.536 E.14571
G1 X95.978 Y95.978 E.01496
G1 X96.522 Y96.522 E.02604
G1 X97.295 Y96.522 E.02617
G1 X99.022 Y94.795 E.08267
G1 X99.022 Y94.416 E.01283
G1 X95.978 Y91.373 E.14569
G1 X95.978 Y90.93 E.015
G1 X99.022 Y87.886 E.14571
G1 X99.022 Y87.508 E.01279
G1 X95.978 Y84.464 E.14571
G1 X95.978 Y84.022 E.01496
G1 X96.522 Y83.478 E.02604
G1 X95.978 Y83.478 E.01841
G1 X95.978 Y83.818 E.01151
M204 P2000
;LAYER_CHANGE
;Z:25.4
;HEIGHT:0.199999
;BEFORE_LAYER_CHANGE
G92 E0.0
;25.4
M201 X3993.55 Y3993.55

G1 E-2.5 F4200
G1 Z25.4 F720
;AFTER_LAYER_CHANGE
;25.4
M74 W2.80324

G1 Z25.6
G1 X95.632 Y96.868 F10800
G1 Z25.4 F720
G1 E2.5 F2400
M204 P2500
;TYPE:Perimeter
;WIDTH:0.449999
G1 F900
G1 X95.632 Y83.132 E.46495
G1 X99.368 Y83.132 E.12646
G1 X99.368 Y96.868 E.46495
G1 X95.692 Y96.868 E.12443
M204 P2000
G1 X95.225 Y97.275 F10800
;TYPE:External perimeter
G1 F900
G1 X95.225 Y82.725 E.4925
G1 X99.775 Y82.725 E.15401
G1 X99.775 Y97.275 E.4925
G1 X95.285 Y97.275 E.15198
G1 X95.226 Y96.879 F10800
G1 E-2.5 F4200
G1 Z25.6 F720
G1 X99.022 Y94.998 F10800
G1 Z25.4 F720
G1 E2.5 F2400
M204 P4000
;TYPE:Internal infill
;WIDTH:0.45
G1 F900
G1 X99.022 Y96.522 E.05159
G1 X98.825 Y96.522 E.00667
G1 X95.978 Y93.675 E.13628
G1 X95.978 Y93.233 E.01496
G1 X99.022 Y90.189 E.14571
G1 X99.022 Y89.811 E.01279
G1 X95.978 Y86.767 E.14571
G1 X95.978 Y86.325 E.01496
G1 X98.825 Y83.478 E.13628
G1 X97.295 Y83.478 E.05179
G1 X99.022 Y85.205 E.08267
G1 X99.022 Y85.584 E.01283
G1 X95.978 Y88.627 E.14569
G1 X95.978 Y89.07 E.015
G1 X99.022 Y92.114 E.14571
G1 X99.022 Y92.492 E.01279
G1 X95.978 Y95.536 E.14571
G1 X95.978 Y95.978 E.01496
G1 X96.522 Y96.522 E.02604
G1 X97.295 Y96.522 E.02617
G1 X99.022 Y94.795 E.08267
G1 X99.022 Y94.416 E.01283
G1 X95.978 Y91.373 E.14569
G1 X95.978 Y90.93 E.015
G1 X99.022 Y87.886 E.14571
G1 X99.022 Y87.508 E.01279
G1 X95.978 Y84.464 E.14571
G1 X95.978 Y84.022 E.01496
G1 X96.522 Y83.478 E.02604
G1 X95.978 Y83.478 E.01841
G1 X95.978 Y83.818 E.01151
M204 P2000
;LAYER_CHANGE
;Z:25.6
;HEIGHT:0.200001
;BEFORE_LAYER_CHANGE
G92 E0.0
;25.6
M201 X3993.52 Y3993.52

G1 E-2.5 F4200
G1 Z25.6 F720
;AFTER_LAYER_CHANGE
;25.6
M74 W2.8165

G1 Z25.8
G1 X95.632 Y96.868 F10800
G1 Z25.6 F720
G1 E2.5 F2400
M204 P2500
;TYPE:Perimeter
;WIDTH:0.449999
G1 F900
G1 X95.632 Y83.132 E.46495
G1 X99.368 Y83.132 E.12646
G1 X99.368 Y96.868 E.46495
G1 X95.692 Y96.868 E.12443
M204 P2000
G1 X95.225 Y97.275 F10800
;TYPE:External perimeter
G1 F900
G1 X95.225 Y82.725 E.4925
G1 X99.775 Y82.725 E.15401
M73 Q47 S27
G1 X99.775 Y97.275 E.4925
G1 X95.285 Y97.275 E.15198
G1 X95.226 Y96.879 F10800
G1 E-2.5 F4200
G1 Z25.8 F720
G1 X99.022 Y94.998 F10800
G1 Z25.6 F720
G1 E2.5 F2400
M204 P4000
;TYPE:Internal infill
;WIDTH:0.45
G1 F900
G1 X99.022 Y96.522 E.05159
G1 X98.825 Y96.522 E.00667
G1 X95.978 Y93.675 E.13628
G1 X95.978 Y93.233 E.01496
G1 X99.022 Y90.189 E.14571
M73 P47 R27
G1 X99.022 Y89.811 E.01279
G1 X95.978 Y86.767 E.14571
G1 X95.978 Y86.325 E.01496
G1 X98.825 Y83.478 E.13628
G1 X97.295 Y83.478 E.05179
G1 X99.022 Y85.205 E.08267
G1 X99.022 Y85.584 E.01283
G1 X95.978 Y88.627 E.14569
G1 X95.978 Y89.07 E.015
G1 X99.022 Y92.114 E.14571
G1 X99.022 Y92.492 E.01279
G1 X95.978 Y95.536 E.14571
G1 X95.978 Y95.978 E.01496
G1 X96.522 Y96.522 E.02604
G1 X97.295 Y96.522 E.02617
G1 X99.022 Y94.795 E.08267
G1 X99.022 Y94.416 E.01283
G1 X95.978 Y91.373 E.14569
G1 X95.978 Y90.93 E.015
G1 X99.022 Y87.886 E.14571
G1 X99.022 Y87.508 E.01279
G1 X95.978 Y84.464 E.14571
G1 X95.978 Y84.022 E.01496
G1 X96.522 Y83.478 E.02604
G1 X95.978 Y83.478 E.01841
G1 X95.978 Y83.818 E.01151
M204 P2000
;LAYER_CHANGE
;Z:25.8
;HEIGHT:0.199999
;BEFORE_LAYER_CHANGE
G92 E0.0
;25.8
M201 X3993.49 Y3993.49

G1 E-2.5 F4200
G1 Z25.8 F720
;AFTER_LAYER_CHANGE
;25.8
M74 W2.82977

G1 Z26
G1 X95.632 Y96.868 F10800
G1 Z25.8 F720
G1 E2.5 F2400
M204 P2500
;TYPE:Perimeter
;WIDTH:0.449999
G1 F900
G1 X95.632 Y83.132 E.46495
G1 X99.368 Y83.132 E.12646
G1 X99.368 Y96.868 E.46495
G1 X95.692 Y96.868 E.12443
M204 P2000
G1 X95.225 Y97.275 F10800
;TYPE:External perimeter
G1 F900
G1 X95.225 Y82.725 E.4925
G1 X99.775 Y82.725 E.15401
G1 X99.775 Y97.275 E.4925
G1 X95.285 Y97.275 E.15198
G1 X95.226 Y96.879 F10800
G1 E-2.5 F4200
G1 Z26 F720
G1 X99.022 Y94.998 F10800
G1 Z25.8 F720
G1 E2.5 F2400
M204 P4000
;TYPE:Internal infill
;WIDTH:0.45
G1 F900
G1 X99.022 Y96.522 E.05159
G1 X98.825 Y96.522 E.00667
G1 X95.978 Y93.675 E.13628
G1 X95.978 Y93.233 E.01496
G1 X99.022 Y90.189 E.14571
G1 X99.022 Y89.811 E.01279
G1 X95.978 Y86.767 E.14571
G1 X95.978 Y86.325 E.01496
G1 X98.825 Y83.478 E.13628
G1 X97.295 Y83.478 E.05179
G1 X99.022 Y85.205 E.08267
G1 X99.022 Y85.584 E.01283
G1 X95.978 Y88.627 E.14569
G1 X95.978 Y89.07 E.015
G1 X99.022 Y92.114 E.14571
G1 X99.022 Y92.492 E.01279
G1 X95.978 Y95.536 E.14571
G1 X95.978 Y95.978 E.01496
G1 X96.522 Y96.522 E.02604
G1 X97.295 Y96.522 E.02617
G1 X99.022 Y94.795 E.08267
G1 X99.022 Y94.416 E.01283
G1 X95.978 Y91.373 E.14569
G1 X95.978 Y90.93 E.015
G1 X99.022 Y87.886 E.14571
G1 X99.022 Y87.508 E.01279
G1 X95.978 Y84.464 E.14571
G1 X95.978 Y84.022 E.01496
G1 X96.522 Y83.478 E.02604
G1 X95.978 Y83.478 E.01841
G1 X95.978 Y83.818 E.01151
M204 P2000
;LAYER_CHANGE
;Z:26
;HEIGHT:0.200001
;BEFORE_LAYER_CHANGE
G92 E0.0
;26
M201 X3993.46 Y3993.46

G1 E-2.5 F4200
G1 Z26 F720
;AFTER_LAYER_CHANGE
;26
M74 W2.84303

G1 Z26.2
G1 X95.632 Y96.868 F10800
G1 Z26 F720
G1 E2.5 F2400
M204 P2500
;TYPE:Perimeter
;WIDTH:0.449999
G1 F900
G1 X95.632 Y83.132 E.46495
G1 X99.368 Y83.132 E.12646
G1 X99.368 Y96.868 E.46495
G1 X95.692 Y96.868 E.12443
M204 P2000
G1 X95.225 Y97.275 F10800
;TYPE:External perimeter
G1 F900
G1 X95.225 Y82.725 E.4925
G1 X99.775 Y82.725 E.15401
G1 X99.775 Y97.275 E.4925
G1 X95.285 Y97.275 E.15198
G1 X95.226 Y96.879 F10800
G1 E-2.5 F4200
G1 Z26.2 F720
G1 X99.022 Y94.998 F10800
G1 Z26 F720
G1 E2.5 F2400
M204 P4000
;TYPE:Internal infill
;WIDTH:0.45
G1 F900
G1 X99.022 Y96.522 E.05159
G1 X98.825 Y96.522 E.00667
G1 X95.978 Y93.675 E.13628
G1 X95.978 Y93.233 E.01496
G1 X99.022 Y90.189 E.14571
G1 X99.022 Y89.811 E.01279
G1 X95.978 Y86.767 E.14571
G1 X95.978 Y86.325 E.01496
G1 X98.825 Y83.478 E.13628
G1 X97.295 Y83.478 E.05179
G1 X99.022 Y85.205 E.08267
G1 X99.022 Y85.584 E.01283
G1 X95.978 Y88.627 E.14569
G1 X95.978 Y89.07 E.015
G1 X99.022 Y92.114 E.14571
G1 X99.022 Y92.492 E.01279
G1 X95.978 Y95.536 E.14571
G1 X95.978 Y95.978 E.01496
G1 X96.522 Y96.522 E.02604
G1 X97.295 Y96.522 E.02617
G1 X99.022 Y94.795 E.08267
G1 X99.022 Y94.416 E.01283
G1 X95.978 Y91.373 E.14569
G1 X95.978 Y90.93 E.015
G1 X99.022 Y87.886 E.14571
G1 X99.022 Y87.508 E.01279
G1 X95.978 Y84.464 E.14571
G1 X95.978 Y84.022 E.01496
G1 X96.522 Y83.478 E.02604
G1 X95.978 Y83.478 E.01841
G1 X95.978 Y83.818 E.01151
M204 P2000
;LAYER_CHANGE
;Z:26.2
;HEIGHT:0.200001
;BEFORE_LAYER_CHANGE
G92 E0.0
;26.2
M201 X3993.43 Y3993.43

G1 E-2.5 F4200
G1 Z26.2 F720
;AFTER_LAYER_CHANGE
;26.2
M74 W2.85629

G1 Z26.4
G1 X95.632 Y96.868 F10800
G1 Z26.2 F720
G1 E2.5 F2400
M204 P2500
;TYPE:Perimeter
;WIDTH:0.449999
G1 F900
G1 X95.632 Y83.132 E.46495
G1 X99.368 Y83.132 E.12646
G1 X99.368 Y96.868 E.46495
G1 X95.692 Y96.868 E.12443
M204 P2000
G1 X95.225 Y97.275 F10800
;TYPE:External perimeter
G1 F900
G1 X95.225 Y82.725 E.4925
G1 X99.775 Y82.725 E.15401
G1 X99.775 Y97.275 E.4925
G1 X95.285 Y97.275 E.15198
G1 X95.226 Y96.879 F10800
G1 E-2.5 F4200
G1 Z26.4 F720
G1 X99.022 Y94.998 F10800
G1 Z26.2 F720
G1 E2.5 F2400
M204 P4000
;TYPE:Internal infill
;WIDTH:0.45
G1 F900
G1 X99.022 Y96.522 E.05159
G1 X98.825 Y96.522 E.00667
M73 Q48 S27
G1 X95.978 Y93.675 E.13628
G1 X95.978 Y93.233 E.01496
G1 X99.022 Y90.189 E.14571
G1 X99.022 Y89.811 E.01279
G1 X95.978 Y86.767 E.14571
G1 X95.978 Y86.325 E.01496
G1 X98.825 Y83.478 E.13628
G1 X97.295 Y83.478 E.05179
G1 X99.022 Y85.205 E.08267
G1 X99.022 Y85.584 E.01283
G1 X95.978 Y88.627 E.14569
G1 X95.978 Y89.07 E.015
G1 X99.022 Y92.114 E.14571
G1 X99.022 Y92.492 E.01279
G1 X95.978 Y95.536 E.14571
G1 X95.978 Y95.978 E.01496
G1 X96.522 Y96.522 E.02604
G1 X97.295 Y96.522 E.02617
G1 X99.022 Y94.795 E.08267
G1 X99.022 Y94.416 E.01283
G1 X95.978 Y91.373 E.14569
G1 X95.978 Y90.93 E.015
G1 X99.022 Y87.886 E.14571
G1 X99.022 Y87.508 E.01279
M73 P48 R27
G1 X95.978 Y84.464 E.14571
G1 X95.978 Y84.022 E.01496
G1 X96.522 Y83.478 E.02604
G1 X95.978 Y83.478 E.01841
G1 X95.978 Y83.818 E.01151
M204 P2000
;LAYER_CHANGE
;Z:26.4
;HEIGHT:0.199999
;BEFORE_LAYER_CHANGE
G92 E0.0
;26.4
M201 X3993.4 Y3993.4

G1 E-2.5 F4200
G1 Z26.4 F720
;AFTER_LAYER_CHANGE
;26.4
M74 W2.86956

G1 Z26.6
G1 X95.632 Y96.868 F10800
G1 Z26.4 F720
G1 E2.5 F2400
M204 P2500
;TYPE:Perimeter
;WIDTH:0.449999
G1 F900
G1 X95.632 Y83.132 E.46495
G1 X99.368 Y83.132 E.12646
M73 P48 R26
G1 X99.368 Y96.868 E.46495
G1 X95.692 Y96.868 E.12443
M204 P2000
G1 X95.225 Y97.275 F10800
;TYPE:External perimeter
G1 F900
G1 X95.225 Y82.725 E.4925
G1 X99.775 Y82.725 E.15401
G1 X99.775 Y97.275 E.4925
G1 X95.285 Y97.275 E.15198
G1 X95.226 Y96.879 F10800
G1 E-2.5 F4200
G1 Z26.6 F720
G1 X99.022 Y94.998 F10800
G1 Z26.4 F720
G1 E2.5 F2400
M204 P4000
;TYPE:Internal infill
;WIDTH:0.45
G1 F900
G1 X99.022 Y96.522 E.05159
G1 X98.825 Y96.522 E.00667
G1 X95.978 Y93.675 E.13628
G1 X95.978 Y93.233 E.01496
G1 X99.022 Y90.189 E.14571
G1 X99.022 Y89.811 E.01279
G1 X95.978 Y86.767 E.14571
G1 X95.978 Y86.325 E.01496
G1 X98.825 Y83.478 E.13628
G1 X97.295 Y83.478 E.05179
G1 X99.022 Y85.205 E.08267
G1 X99.022 Y85.584 E.01283
G1 X95.978 Y88.627 E.14569
G1 X95.978 Y89.07 E.015
G1 X99.022 Y92.114 E.14571
G1 X99.022 Y92.492 E.01279
G1 X95.978 Y95.536 E.14571
G1 X95.978 Y95.978 E.01496
G1 X96.522 Y96.522 E.02604
G1 X97.295 Y96.522 E.02617
G1 X99.022 Y94.795 E.08267
G1 X99.022 Y94.416 E.01283
G1 X95.978 Y91.373 E.14569
G1 X95.978 Y90.93 E.015
G1 X99.022 Y87.886 E.14571
G1 X99.022 Y87.508 E.01279
G1 X95.978 Y84.464 E.14571
G1 X95.978 Y84.022 E.01496
G1 X96.522 Y83.478 E.02604
G1 X95.978 Y83.478 E.01841
G1 X95.978 Y83.818 E.01151
M204 P2000
;LAYER_CHANGE
;Z:26.6
;HEIGHT:0.200001
;BEFORE_LAYER_CHANGE
G92 E0.0
;26.6
M201 X3993.37 Y3993.37

G1 E-2.5 F4200
G1 Z26.6 F720
;AFTER_LAYER_CHANGE
;26.6
M74 W2.88282

G1 Z26.8
G1 X95.632 Y96.868 F10800
G1 Z26.6 F720
G1 E2.5 F2400
M204 P2500
;TYPE:Perimeter
;WIDTH:0.449999
G1 F900
G1 X95.632 Y83.132 E.46495
G1 X99.368 Y83.132 E.12646
M73 Q48 S26
G1 X99.368 Y96.868 E.46495
G1 X95.692 Y96.868 E.12443
M204 P2000
G1 X95.225 Y97.275 F10800
;TYPE:External perimeter
G1 F900
G1 X95.225 Y82.725 E.4925
G1 X99.775 Y82.725 E.15401
G1 X99.775 Y97.275 E.4925
G1 X95.285 Y97.275 E.15198
G1 X95.226 Y96.879 F10800
G1 E-2.5 F4200
G1 Z26.8 F720
G1 X99.022 Y94.998 F10800
G1 Z26.6 F720
G1 E2.5 F2400
M204 P4000
;TYPE:Internal infill
;WIDTH:0.45
G1 F900
G1 X99.022 Y96.522 E.05159
G1 X98.825 Y96.522 E.00667
G1 X95.978 Y93.675 E.13628
G1 X95.978 Y93.233 E.01496
G1 X99.022 Y90.189 E.14571
G1 X99.022 Y89.811 E.01279
G1 X95.978 Y86.767 E.14571
G1 X95.978 Y86.325 E.01496
G1 X98.825 Y83.478 E.13628
G1 X97.295 Y83.478 E.05179
G1 X99.022 Y85.205 E.08267
G1 X99.022 Y85.584 E.01283
G1 X95.978 Y88.627 E.14569
G1 X95.978 Y89.07 E.015
G1 X99.022 Y92.114 E.14571
G1 X99.022 Y92.492 E.01279
G1 X95.978 Y95.536 E.14571
G1 X95.978 Y95.978 E.01496
G1 X96.522 Y96.522 E.02604
G1 X97.295 Y96.522 E.02617
G1 X99.022 Y94.795 E.08267
G1 X99.022 Y94.416 E.01283
G1 X95.978 Y91.373 E.14569
G1 X95.978 Y90.93 E.015
G1 X99.022 Y87.886 E.14571
G1 X99.022 Y87.508 E.01279
G1 X95.978 Y84.464 E.14571
G1 X95.978 Y84.022 E.01496
G1 X96.522 Y83.478 E.02604
G1 X95.978 Y83.478 E.01841
G1 X95.978 Y83.818 E.01151
M204 P2000
;LAYER_CHANGE
;Z:26.8
;HEIGHT:0.199999
;BEFORE_LAYER_CHANGE
G92 E0.0
;26.8
M201 X3993.34 Y3993.34

G1 E-2.5 F4200
G1 Z26.8 F720
;AFTER_LAYER_CHANGE
;26.8
M74 W2.89609

G1 Z27
G1 X95.632 Y96.868 F10800
G1 Z26.8 F720
G1 E2.5 F2400
M204 P2500
;TYPE:Perimeter
;WIDTH:0.449999
G1 F900
G1 X95.632 Y83.132 E.46495
G1 X99.368 Y83.132 E.12646
G1 X99.368 Y96.868 E.46495
G1 X95.692 Y96.868 E.12443
M204 P2000
G1 X95.225 Y97.275 F10800
;TYPE:External perimeter
G1 F900
G1 X95.225 Y82.725 E.4925
G1 X99.775 Y82.725 E.15401
G1 X99.775 Y97.275 E.4925
G1 X95.285 Y97.275 E.15198
G1 X95.226 Y96.879 F10800
G1 E-2.5 F4200
G1 Z27 F720
G1 X99.022 Y94.998 F10800
G1 Z26.8 F720
G1 E2.5 F2400
M204 P4000
;TYPE:Internal infill
;WIDTH:0.45
G1 F900
G1 X99.022 Y96.522 E.05159
G1 X98.825 Y96.522 E.00667
G1 X95.978 Y93.675 E.13628
G1 X95.978 Y93.233 E.01496
G1 X99.022 Y90.189 E.14571
G1 X99.022 Y89.811 E.01279
G1 X95.978 Y86.767 E.14571
G1 X95.978 Y86.325 E.01496
G1 X98.825 Y83.478 E.13628
G1 X97.295 Y83.478 E.05179
G1 X99.022 Y85.205 E.08267
G1 X99.022 Y85.584 E.01283
G1 X95.978 Y88.627 E.14569
G1 X95.978 Y89.07 E.015
G1 X99.022 Y92.114 E.14571
G1 X99.022 Y92.492 E.01279
G1 X95.978 Y95.536 E.14571
G1 X95.978 Y95.978 E.01496
G1 X96.522 Y96.522 E.02604
G1 X97.295 Y96.522 E.02617
G1 X99.022 Y94.795 E.08267
G1 X99.022 Y94.416 E.01283
G1 X95.978 Y91.373 E.14569
G1 X95.978 Y90.93 E.015
M73 Q49 S26
G1 X99.022 Y87.886 E.14571
G1 X99.022 Y87.508 E.01279
G1 X95.978 Y84.464 E.14571
G1 X95.978 Y84.022 E.01496
G1 X96.522 Y83.478 E.02604
G1 X95.978 Y83.478 E.01841
G1 X95.978 Y83.818 E.01151
M204 P2000
;LAYER_CHANGE
;Z:27
;HEIGHT:0.200001
;BEFORE_LAYER_CHANGE
G92 E0.0
;27
M201 X3993.31 Y3993.31

G1 E-2.5 F4200
G1 Z27 F720
;AFTER_LAYER_CHANGE
;27
M74 W2.90935

G1 Z27.2
G1 X95.632 Y96.868 F10800
G1 Z27 F720
G1 E2.5 F2400
M204 P2500
;TYPE:Perimeter
;WIDTH:0.449999
G1 F900
G1 X95.632 Y83.132 E.46495
G1 X99.368 Y83.132 E.12646
G1 X99.368 Y96.868 E.46495
G1 X95.692 Y96.868 E.12443
M73 P49 R26
M204 P2000
G1 X95.225 Y97.275 F10800
;TYPE:External perimeter
G1 F900
G1 X95.225 Y82.725 E.4925
G1 X99.775 Y82.725 E.15401
G1 X99.775 Y97.275 E.4925
G1 X95.285 Y97.275 E.15198
G1 X95.226 Y96.879 F10800
G1 E-2.5 F4200
G1 Z27.2 F720
G1 X99.022 Y94.998 F10800
G1 Z27 F720
G1 E2.5 F2400
M204 P4000
;TYPE:Internal infill
;WIDTH:0.45
G1 F900
G1 X99.022 Y96.522 E.05159
G1 X98.825 Y96.522 E.00667
G1 X95.978 Y93.675 E.13628
G1 X95.978 Y93.233 E.01496
G1 X99.022 Y90.189 E.14571
G1 X99.022 Y89.811 E.01279
G1 X95.978 Y86.767 E.14571
G1 X95.978 Y86.325 E.01496
G1 X98.825 Y83.478 E.13628
G1 X97.295 Y83.478 E.05179
G1 X99.022 Y85.205 E.08267
G1 X99.022 Y85.584 E.01283
G1 X95.978 Y88.627 E.14569
G1 X95.978 Y89.07 E.015
G1 X99.022 Y92.114 E.14571
G1 X99.022 Y92.492 E.01279
G1 X95.978 Y95.536 E.14571
G1 X95.978 Y95.978 E.01496
G1 X96.522 Y96.522 E.02604
G1 X97.295 Y96.522 E.02617
G1 X99.022 Y94.795 E.08267
G1 X99.022 Y94.416 E.01283
G1 X95.978 Y91.373 E.14569
G1 X95.978 Y90.93 E.015
G1 X99.022 Y87.886 E.14571
G1 X99.022 Y87.508 E.01279
G1 X95.978 Y84.464 E.14571
G1 X95.978 Y84.022 E.01496
G1 X96.522 Y83.478 E.02604
G1 X95.978 Y83.478 E.01841
G1 X95.978 Y83.818 E.01151
M204 P2000
;LAYER_CHANGE
;Z:27.2
;HEIGHT:0.200001
;BEFORE_LAYER_CHANGE
G92 E0.0
;27.2
M201 X3993.28 Y3993.28

G1 E-2.5 F4200
G1 Z27.2 F720
;AFTER_LAYER_CHANGE
;27.2
M74 W2.92262

G1 Z27.4
G1 X95.632 Y96.868 F10800
G1 Z27.2 F720
G1 E2.5 F2400
M204 P2500
;TYPE:Perimeter
;WIDTH:0.449999
G1 F900
G1 X95.632 Y83.132 E.46495
G1 X99.368 Y83.132 E.12646
G1 X99.368 Y96.868 E.46495
G1 X95.692 Y96.868 E.12443
M204 P2000
G1 X95.225 Y97.275 F10800
;TYPE:External perimeter
G1 F900
G1 X95.225 Y82.725 E.4925
G1 X99.775 Y82.725 E.15401
G1 X99.775 Y97.275 E.4925
G1 X95.285 Y97.275 E.15198
G1 X95.226 Y96.879 F10800
G1 E-2.5 F4200
G1 Z27.4 F720
G1 X99.022 Y94.998 F10800
G1 Z27.2 F720
G1 E2.5 F2400
M204 P4000
;TYPE:Internal infill
;WIDTH:0.45
G1 F900
G1 X99.022 Y96.522 E.05159
G1 X98.825 Y96.522 E.00667
G1 X95.978 Y93.675 E.13628
G1 X95.978 Y93.233 E.01496
G1 X99.022 Y90.189 E.14571
G1 X99.022 Y89.811 E.01279
G1 X95.978 Y86.767 E.14571
G1 X95.978 Y86.325 E.01496
G1 X98.825 Y83.478 E.13628
G1 X97.295 Y83.478 E.05179
G1 X99.022 Y85.205 E.08267
G1 X99.022 Y85.584 E.01283
G1 X95.978 Y88.627 E.14569
G1 X95.978 Y89.07 E.015
G1 X99.022 Y92.114 E.14571
G1 X99.022 Y92.492 E.01279
G1 X95.978 Y95.536 E.14571
G1 X95.978 Y95.978 E.01496
G1 X96.522 Y96.522 E.02604
G1 X97.295 Y96.522 E.02617
G1 X99.022 Y94.795 E.08267
G1 X99.022 Y94.416 E.01283
G1 X95.978 Y91.373 E.14569
G1 X95.978 Y90.93 E.015
G1 X99.022 Y87.886 E.14571
G1 X99.022 Y87.508 E.01279
G1 X95.978 Y84.464 E.14571
G1 X95.978 Y84.022 E.01496
G1 X96.522 Y83.478 E.02604
G1 X95.978 Y83.478 E.01841
G1 X95.978 Y83.818 E.01151
M204 P2000
;LAYER_CHANGE
;Z:27.4
;HEIGHT:0.199999
;BEFORE_LAYER_CHANGE
G92 E0.0
;27.4
M201 X3993.25 Y3993.25

G1 E-2.5 F4200
G1 Z27.4 F720
;AFTER_LAYER_CHANGE
;27.4
M74 W2.93588

G1 Z27.6
G1 X95.632 Y96.868 F10800
G1 Z27.4 F720
G1 E2.5 F2400
M204 P2500
;TYPE:Perimeter
;WIDTH:0.449999
G1 F900
G1 X95.632 Y83.132 E.46495
G1 X99.368 Y83.132 E.12646
G1 X99.368 Y96.868 E.46495
G1 X95.692 Y96.868 E.12443
M204 P2000
G1 X95.225 Y97.275 F10800
;TYPE:External perimeter
G1 F900
G1 X95.225 Y82.725 E.4925
G1 X99.775 Y82.725 E.15401
G1 X99.775 Y97.275 E.4925
G1 X95.285 Y97.275 E.15198
G1 X95.226 Y96.879 F10800
G1 E-2.5 F4200
G1 Z27.6 F720
G1 X99.022 Y94.998 F10800
G1 Z27.4 F720
G1 E2.5 F2400
M204 P4000
;TYPE:Internal infill
;WIDTH:0.45
G1 F900
G1 X99.022 Y96.522 E.05159
G1 X98.825 Y96.522 E.00667
G1 X95.978 Y93.675 E.13628
G1 X95.978 Y93.233 E.01496
G1 X99.022 Y90.189 E.14571
G1 X99.022 Y89.811 E.01279
G1 X95.978 Y86.767 E.14571
G1 X95.978 Y86.325 E.01496
G1 X98.825 Y83.478 E.13628
G1 X97.295 Y83.478 E.05179
G1 X99.022 Y85.205 E.08267
G1 X99.022 Y85.584 E.01283
G1 X95.978 Y88.627 E.14569
G1 X95.978 Y89.07 E.015
G1 X99.022 Y92.114 E.14571
G1 X99.022 Y92.492 E.01279
G1 X95.978 Y95.536 E.14571
G1 X95.978 Y95.978 E.01496
G1 X96.522 Y96.522 E.02604
G1 X97.295 Y96.522 E.02617
G1 X99.022 Y94.795 E.08267
G1 X99.022 Y94.416 E.01283
G1 X95.978 Y91.373 E.14569
G1 X95.978 Y90.93 E.015
G1 X99.022 Y87.886 E.14571
G1 X99.022 Y87.508 E.01279
G1 X95.978 Y84.464 E.14571
G1 X95.978 Y84.022 E.01496
G1 X96.522 Y83.478 E.02604
G1 X95.978 Y83.478 E.01841
G1 X95.978 Y83.818 E.01151
M204 P2000
;LAYER_CHANGE
;Z:27.6
;HEIGHT:0.200001
;BEFORE_LAYER_CHANGE
G92 E0.0
;27.6
M201 X3993.22 Y3993.22

G1 E-2.5 F4200
G1 Z27.6 F720
;AFTER_LAYER_CHANGE
;27.6
M74 W2.94915

G1 Z27.8
G1 X95.632 Y96.868 F10800
G1 Z27.6 F720
G1 E2.5 F2400
M204 P2500
;TYPE:Perimeter
;WIDTH:0.449999
G1 F900
G1 X95.632 Y83.132 E.46495
G1 X99.368 Y83.132 E.12646
G1 X99.368 Y96.868 E.46495
G1 X95.692 Y96.868 E.12443
M73 Q50 S26
M204 P2000
G1 X95.225 Y97.275 F10800
;TYPE:External perimeter
G1 F900
G1 X95.225 Y82.725 E.4925
G1 X99.775 Y82.725 E.15401
G1 X99.775 Y97.275 E.4925
M73 P49 R25
G1 X95.285 Y97.275 E.15198
M73 P50 R25
G1 X95.226 Y96.879 F10800
G1 E-2.5 F4200
G1 Z27.8 F720
G1 X99.022 Y94.998 F10800
G1 Z27.6 F720
G1 E2.5 F2400
M204 P4000
;TYPE:Internal infill
;WIDTH:0.45
G1 F900
G1 X99.022 Y96.522 E.05159
G1 X98.825 Y96.522 E.00667
G1 X95.978 Y93.675 E.13628
G1 X95.978 Y93.233 E.01496
G1 X99.022 Y90.189 E.14571
G1 X99.022 Y89.811 E.01279
G1 X95.978 Y86.767 E.14571
G1 X95.978 Y86.325 E.01496
G1 X98.825 Y83.478 E.13628
G1 X97.295 Y83.478 E.05179
G1 X99.022 Y85.205 E.08267
G1 X99.022 Y85.584 E.01283
G1 X95.978 Y88.627 E.14569
G1 X95.978 Y89.07 E.015
G1 X99.022 Y92.114 E.14571
G1 X99.022 Y92.492 E.01279
G1 X95.978 Y95.536 E.14571
G1 X95.978 Y95.978 E.01496
G1 X96.522 Y96.522 E.02604
G1 X97.295 Y96.522 E.02617
G1 X99.022 Y94.795 E.08267
G1 X99.022 Y94.416 E.01283
G1 X95.978 Y91.373 E.14569
G1 X95.978 Y90.93 E.015
G1 X99.022 Y87.886 E.14571
G1 X99.022 Y87.508 E.01279
G1 X95.978 Y84.464 E.14571
G1 X95.978 Y84.022 E.01496
G1 X96.522 Y83.478 E.02604
G1 X95.978 Y83.478 E.01841
G1 X95.978 Y83.818 E.01151
M204 P2000
;LAYER_CHANGE
;Z:27.8
;HEIGHT:0.199999
;BEFORE_LAYER_CHANGE
G92 E0.0
;27.8
M201 X3993.19 Y3993.19

G1 E-2.5 F4200
G1 Z27.8 F720
;AFTER_LAYER_CHANGE
;27.8
M74 W2.96241

G1 Z28
G1 X95.632 Y96.868 F10800
G1 Z27.8 F720
G1 E2.5 F2400
M204 P2500
;TYPE:Perimeter
;WIDTH:0.449999
G1 F900
G1 X95.632 Y83.132 E.46495
G1 X99.368 Y83.132 E.12646
G1 X99.368 Y96.868 E.46495
G1 X95.692 Y96.868 E.12443
M204 P2000
G1 X95.225 Y97.275 F10800
;TYPE:External perimeter
G1 F900
G1 X95.225 Y82.725 E.4925
G1 X99.775 Y82.725 E.15401
M73 Q50 S25
G1 X99.775 Y97.275 E.4925
G1 X95.285 Y97.275 E.15198
G1 X95.226 Y96.879 F10800
G1 E-2.5 F4200
G1 Z28 F720
G1 X99.022 Y94.998 F10800
G1 Z27.8 F720
G1 E2.5 F2400
M204 P4000
;TYPE:Internal infill
;WIDTH:0.45
G1 F900
G1 X99.022 Y96.522 E.05159
G1 X98.825 Y96.522 E.00667
G1 X95.978 Y93.675 E.13628
G1 X95.978 Y93.233 E.01496
G1 X99.022 Y90.189 E.14571
G1 X99.022 Y89.811 E.01279
G1 X95.978 Y86.767 E.14571
G1 X95.978 Y86.325 E.01496
G1 X98.825 Y83.478 E.13628
G1 X97.295 Y83.478 E.05179
G1 X99.022 Y85.205 E.08267
G1 X99.022 Y85.584 E.01283
G1 X95.978 Y88.627 E.14569
G1 X95.978 Y89.07 E.015
G1 X99.022 Y92.114 E.14571
G1 X99.022 Y92.492 E.01279
G1 X95.978 Y95.536 E.14571
G1 X95.978 Y95.978 E.01496
G1 X96.522 Y96.522 E.02604
G1 X97.295 Y96.522 E.02617
G1 X99.022 Y94.795 E.08267
G1 X99.022 Y94.416 E.01283
G1 X95.978 Y91.373 E.14569
G1 X95.978 Y90.93 E.015
G1 X99.022 Y87.886 E.14571
G1 X99.022 Y87.508 E.01279
G1 X95.978 Y84.464 E.14571
G1 X95.978 Y84.022 E.01496
G1 X96.522 Y83.478 E.02604
G1 X95.978 Y83.478 E.01841
G1 X95.978 Y83.818 E.01151
M204 P2000
;LAYER_CHANGE
;Z:28
;HEIGHT:0.200001
;BEFORE_LAYER_CHANGE
G92 E0.0
;28
M201 X3993.16 Y3993.16

G1 E-2.5 F4200
G1 Z28 F720
;AFTER_LAYER_CHANGE
;28
M74 W2.97568

G1 Z28.2
G1 X95.632 Y96.868 F10800
G1 Z28 F720
G1 E2.5 F2400
M204 P2500
;TYPE:Perimeter
;WIDTH:0.449999
G1 F900
G1 X95.632 Y83.132 E.46495
G1 X99.368 Y83.132 E.12646
G1 X99.368 Y96.868 E.46495
G1 X95.692 Y96.868 E.12443
M204 P2000
G1 X95.225 Y97.275 F10800
;TYPE:External perimeter
G1 F900
G1 X95.225 Y82.725 E.4925
G1 X99.775 Y82.725 E.15401
G1 X99.775 Y97.275 E.4925
G1 X95.285 Y97.275 E.15198
G1 X95.226 Y96.879 F10800
G1 E-2.5 F4200
G1 Z28.2 F720
G1 X99.022 Y94.998 F10800
G1 Z28 F720
G1 E2.5 F2400
M204 P4000
;TYPE:Internal infill
;WIDTH:0.45
G1 F900
G1 X99.022 Y96.522 E.05159
G1 X98.825 Y96.522 E.00667
G1 X95.978 Y93.675 E.13628
G1 X95.978 Y93.233 E.01496
G1 X99.022 Y90.189 E.14571
G1 X99.022 Y89.811 E.01279
G1 X95.978 Y86.767 E.14571
G1 X95.978 Y86.325 E.01496
G1 X98.825 Y83.478 E.13628
G1 X97.295 Y83.478 E.05179
G1 X99.022 Y85.205 E.08267
G1 X99.022 Y85.584 E.01283
G1 X95.978 Y88.627 E.14569
G1 X95.978 Y89.07 E.015
G1 X99.022 Y92.114 E.14571
G1 X99.022 Y92.492 E.01279
G1 X95.978 Y95.536 E.14571
G1 X95.978 Y95.978 E.01496
G1 X96.522 Y96.522 E.02604
G1 X97.295 Y96.522 E.02617
G1 X99.022 Y94.795 E.08267
G1 X99.022 Y94.416 E.01283
G1 X95.978 Y91.373 E.14569
G1 X95.978 Y90.93 E.015
G1 X99.022 Y87.886 E.14571
G1 X99.022 Y87.508 E.01279
G1 X95.978 Y84.464 E.14571
G1 X95.978 Y84.022 E.01496
G1 X96.522 Y83.478 E.02604
G1 X95.978 Y83.478 E.01841
G1 X95.978 Y83.818 E.01151
M204 P2000
;LAYER_CHANGE
;Z:28.2
;HEIGHT:0.200001
;BEFORE_LAYER_CHANGE
G92 E0.0
;28.2
M201 X3993.13 Y3993.13

G1 E-2.5 F4200
G1 Z28.2 F720
;AFTER_LAYER_CHANGE
;28.2
M74 W2.98894

G1 Z28.4
G1 X95.632 Y96.868 F10800
G1 Z28.2 F720
G1 E2.5 F2400
M204 P2500
;TYPE:Perimeter
;WIDTH:0.449999
G1 F900
G1 X95.632 Y83.132 E.46495
G1 X99.368 Y83.132 E.12646
G1 X99.368 Y96.868 E.46495
G1 X95.692 Y96.868 E.12443
M204 P2000
G1 X95.225 Y97.275 F10800
;TYPE:External perimeter
G1 F900
G1 X95.225 Y82.725 E.4925
G1 X99.775 Y82.725 E.15401
G1 X99.775 Y97.275 E.4925
G1 X95.285 Y97.275 E.15198
M73 Q51 S25
G1 X95.226 Y96.879 F10800
G1 E-2.5 F4200
G1 Z28.4 F720
G1 X99.022 Y94.998 F10800
G1 Z28.2 F720
G1 E2.5 F2400
M204 P4000
;TYPE:Internal infill
;WIDTH:0.45
G1 F900
G1 X99.022 Y96.522 E.05159
G1 X98.825 Y96.522 E.00667
G1 X95.978 Y93.675 E.13628
G1 X95.978 Y93.233 E.01496
G1 X99.022 Y90.189 E.14571
G1 X99.022 Y89.811 E.01279
G1 X95.978 Y86.767 E.14571
G1 X95.978 Y86.325 E.01496
G1 X98.825 Y83.478 E.13628
G1 X97.295 Y83.478 E.05179
G1 X99.022 Y85.205 E.08267
G1 X99.022 Y85.584 E.01283
G1 X95.978 Y88.627 E.14569
G1 X95.978 Y89.07 E.015
G1 X99.022 Y92.114 E.14571
G1 X99.022 Y92.492 E.01279
M73 P51 R25
G1 X95.978 Y95.536 E.14571
G1 X95.978 Y95.978 E.01496
G1 X96.522 Y96.522 E.02604
G1 X97.295 Y96.522 E.02617
G1 X99.022 Y94.795 E.08267
G1 X99.022 Y94.416 E.01283
G1 X95.978 Y91.373 E.14569
G1 X95.978 Y90.93 E.015
G1 X99.022 Y87.886 E.14571
G1 X99.022 Y87.508 E.01279
G1 X95.978 Y84.464 E.14571
G1 X95.978 Y84.022 E.01496
G1 X96.522 Y83.478 E.02604
G1 X95.978 Y83.478 E.01841
G1 X95.978 Y83.818 E.01151
M204 P2000
;LAYER_CHANGE
;Z:28.4
;HEIGHT:0.199999
;BEFORE_LAYER_CHANGE
G92 E0.0
;28.4
M201 X3993.09 Y3993.09

G1 E-2.5 F4200
G1 Z28.4 F720
;AFTER_LAYER_CHANGE
;28.4
M74 W3.00221

G1 Z28.6
G1 X95.632 Y96.868 F10800
G1 Z28.4 F720
G1 E2.5 F2400
M204 P2500
;TYPE:Perimeter
;WIDTH:0.449999
G1 F900
G1 X95.632 Y83.132 E.46495
G1 X99.368 Y83.132 E.12646
G1 X99.368 Y96.868 E.46495
G1 X95.692 Y96.868 E.12443
M204 P2000
G1 X95.225 Y97.275 F10800
;TYPE:External perimeter
G1 F900
G1 X95.225 Y82.725 E.4925
G1 X99.775 Y82.725 E.15401
G1 X99.775 Y97.275 E.4925
G1 X95.285 Y97.275 E.15198
G1 X95.226 Y96.879 F10800
G1 E-2.5 F4200
G1 Z28.6 F720
G1 X99.022 Y94.998 F10800
G1 Z28.4 F720
G1 E2.5 F2400
M204 P4000
;TYPE:Internal infill
;WIDTH:0.45
G1 F900
G1 X99.022 Y96.522 E.05159
G1 X98.825 Y96.522 E.00667
G1 X95.978 Y93.675 E.13628
G1 X95.978 Y93.233 E.01496
G1 X99.022 Y90.189 E.14571
G1 X99.022 Y89.811 E.01279
G1 X95.978 Y86.767 E.14571
G1 X95.978 Y86.325 E.01496
G1 X98.825 Y83.478 E.13628
G1 X97.295 Y83.478 E.05179
G1 X99.022 Y85.205 E.08267
G1 X99.022 Y85.584 E.01283
G1 X95.978 Y88.627 E.14569
G1 X95.978 Y89.07 E.015
G1 X99.022 Y92.114 E.14571
G1 X99.022 Y92.492 E.01279
G1 X95.978 Y95.536 E.14571
G1 X95.978 Y95.978 E.01496
G1 X96.522 Y96.522 E.02604
G1 X97.295 Y96.522 E.02617
G1 X99.022 Y94.795 E.08267
G1 X99.022 Y94.416 E.01283
G1 X95.978 Y91.373 E.14569
G1 X95.978 Y90.93 E.015
G1 X99.022 Y87.886 E.14571
G1 X99.022 Y87.508 E.01279
G1 X95.978 Y84.464 E.14571
G1 X95.978 Y84.022 E.01496
G1 X96.522 Y83.478 E.02604
G1 X95.978 Y83.478 E.01841
G1 X95.978 Y83.818 E.01151
M204 P2000
;LAYER_CHANGE
;Z:28.6
;HEIGHT:0.200001
;BEFORE_LAYER_CHANGE
G92 E0.0
;28.6
M201 X3993.06 Y3993.06

G1 E-2.5 F4200
G1 Z28.6 F720
;AFTER_LAYER_CHANGE
;28.6
M74 W3.01547

G1 Z28.8
G1 X95.632 Y96.868 F10800
G1 Z28.6 F720
G1 E2.5 F2400
M204 P2500
;TYPE:Perimeter
;WIDTH:0.449999
G1 F900
G1 X95.632 Y83.132 E.46495
G1 X99.368 Y83.132 E.12646
G1 X99.368 Y96.868 E.46495
G1 X95.692 Y96.868 E.12443
M204 P2000
G1 X95.225 Y97.275 F10800
;TYPE:External perimeter
G1 F900
G1 X95.225 Y82.725 E.4925
G1 X99.775 Y82.725 E.15401
G1 X99.775 Y97.275 E.4925
G1 X95.285 Y97.275 E.15198
G1 X95.226 Y96.879 F10800
G1 E-2.5 F4200
G1 Z28.8 F720
G1 X99.022 Y94.998 F10800
G1 Z28.6 F720
G1 E2.5 F2400
M204 P4000
;TYPE:Internal infill
;WIDTH:0.45
G1 F900
G1 X99.022 Y96.522 E.05159
G1 X98.825 Y96.522 E.00667
G1 X95.978 Y93.675 E.13628
G1 X95.978 Y93.233 E.01496
G1 X99.022 Y90.189 E.14571
G1 X99.022 Y89.811 E.01279
G1 X95.978 Y86.767 E.14571
G1 X95.978 Y86.325 E.01496
G1 X98.825 Y83.478 E.13628
G1 X97.295 Y83.478 E.05179
G1 X99.022 Y85.205 E.08267
G1 X99.022 Y85.584 E.01283
G1 X95.978 Y88.627 E.14569
G1 X95.978 Y89.07 E.015
G1 X99.022 Y92.114 E.14571
G1 X99.022 Y92.492 E.01279
G1 X95.978 Y95.536 E.14571
G1 X95.978 Y95.978 E.01496
G1 X96.522 Y96.522 E.02604
G1 X97.295 Y96.522 E.02617
G1 X99.022 Y94.795 E.08267
G1 X99.022 Y94.416 E.01283
G1 X95.978 Y91.373 E.14569
G1 X95.978 Y90.93 E.015
G1 X99.022 Y87.886 E.14571
G1 X99.022 Y87.508 E.01279
G1 X95.978 Y84.464 E.14571
G1 X95.978 Y84.022 E.01496
G1 X96.522 Y83.478 E.02604
G1 X95.978 Y83.478 E.01841
G1 X95.978 Y83.818 E.01151
M204 P2000
;LAYER_CHANGE
;Z:28.8
;HEIGHT:0.199999
;BEFORE_LAYER_CHANGE
G92 E0.0
;28.8
M201 X3993.03 Y3993.03

G1 E-2.5 F4200
G1 Z28.8 F720
;AFTER_LAYER_CHANGE
;28.8
M74 W3.02873

G1 Z29
G1 X95.632 Y96.868 F10800
G1 Z28.8 F720
G1 E2.5 F2400
M204 P2500
;TYPE:Perimeter
;WIDTH:0.449999
G1 F900
G1 X95.632 Y83.132 E.46495
G1 X99.368 Y83.132 E.12646
G1 X99.368 Y96.868 E.46495
G1 X95.692 Y96.868 E.12443
M204 P2000
G1 X95.225 Y97.275 F10800
;TYPE:External perimeter
G1 F900
G1 X95.225 Y82.725 E.4925
G1 X99.775 Y82.725 E.15401
G1 X99.775 Y97.275 E.4925
G1 X95.285 Y97.275 E.15198
G1 X95.226 Y96.879 F10800
G1 E-2.5 F4200
G1 Z29 F720
G1 X99.022 Y94.998 F10800
G1 Z28.8 F720
G1 E2.5 F2400
M204 P4000
;TYPE:Internal infill
;WIDTH:0.45
G1 F900
G1 X99.022 Y96.522 E.05159
G1 X98.825 Y96.522 E.00667
G1 X95.978 Y93.675 E.13628
G1 X95.978 Y93.233 E.01496
G1 X99.022 Y90.189 E.14571
G1 X99.022 Y89.811 E.01279
G1 X95.978 Y86.767 E.14571
G1 X95.978 Y86.325 E.01496
G1 X98.825 Y83.478 E.13628
G1 X97.295 Y83.478 E.05179
G1 X99.022 Y85.205 E.08267
G1 X99.022 Y85.584 E.01283
M73 P51 R24
G1 X95.978 Y88.627 E.14569
G1 X95.978 Y89.07 E.015
G1 X99.022 Y92.114 E.14571
G1 X99.022 Y92.492 E.01279
M73 Q52 S25
G1 X95.978 Y95.536 E.14571
G1 X95.978 Y95.978 E.01496
G1 X96.522 Y96.522 E.02604
G1 X97.295 Y96.522 E.02617
G1 X99.022 Y94.795 E.08267
G1 X99.022 Y94.416 E.01283
G1 X95.978 Y91.373 E.14569
G1 X95.978 Y90.93 E.015
G1 X99.022 Y87.886 E.14571
G1 X99.022 Y87.508 E.01279
G1 X95.978 Y84.464 E.14571
G1 X95.978 Y84.022 E.01496
G1 X96.522 Y83.478 E.02604
G1 X95.978 Y83.478 E.01841
G1 X95.978 Y83.818 E.01151
M204 P2000
;LAYER_CHANGE
;Z:29
;HEIGHT:0.200001
;BEFORE_LAYER_CHANGE
G92 E0.0
;29
M201 X3993 Y3993

G1 E-2.5 F4200
G1 Z29 F720
;AFTER_LAYER_CHANGE
;29
M74 W3.042

G1 Z29.2
G1 X95.632 Y96.868 F10800
G1 Z29 F720
G1 E2.5 F2400
M204 P2500
;TYPE:Perimeter
;WIDTH:0.449999
G1 F900
G1 X95.632 Y83.132 E.46495
G1 X99.368 Y83.132 E.12646
M73 P52 R24
G1 X99.368 Y96.868 E.46495
G1 X95.692 Y96.868 E.12443
M204 P2000
G1 X95.225 Y97.275 F10800
;TYPE:External perimeter
G1 F900
G1 X95.225 Y82.725 E.4925
G1 X99.775 Y82.725 E.15401
G1 X99.775 Y97.275 E.4925
G1 X95.285 Y97.275 E.15198
G1 X95.226 Y96.879 F10800
G1 E-2.5 F4200
G1 Z29.2 F720
G1 X99.022 Y94.998 F10800
G1 Z29 F720
G1 E2.5 F2400
M204 P4000
;TYPE:Internal infill
;WIDTH:0.45
G1 F900
G1 X99.022 Y96.522 E.05159
G1 X98.825 Y96.522 E.00667
G1 X95.978 Y93.675 E.13628
G1 X95.978 Y93.233 E.01496
G1 X99.022 Y90.189 E.14571
G1 X99.022 Y89.811 E.01279
G1 X95.978 Y86.767 E.14571
G1 X95.978 Y86.325 E.01496
M73 Q52 S24
G1 X98.825 Y83.478 E.13628
G1 X97.295 Y83.478 E.05179
G1 X99.022 Y85.205 E.08267
G1 X99.022 Y85.584 E.01283
G1 X95.978 Y88.627 E.14569
G1 X95.978 Y89.07 E.015
G1 X99.022 Y92.114 E.14571
G1 X99.022 Y92.492 E.01279
G1 X95.978 Y95.536 E.14571
G1 X95.978 Y95.978 E.01496
G1 X96.522 Y96.522 E.02604
G1 X97.295 Y96.522 E.02617
G1 X99.022 Y94.795 E.08267
G1 X99.022 Y94.416 E.01283
G1 X95.978 Y91.373 E.14569
G1 X95.978 Y90.93 E.015
G1 X99.022 Y87.886 E.14571
G1 X99.022 Y87.508 E.01279
G1 X95.978 Y84.464 E.14571
G1 X95.978 Y84.022 E.01496
G1 X96.522 Y83.478 E.02604
G1 X95.978 Y83.478 E.01841
G1 X95.978 Y83.818 E.01151
M204 P2000
;LAYER_CHANGE
;Z:29.2
;HEIGHT:0.200001
;BEFORE_LAYER_CHANGE
G92 E0.0
;29.2
M201 X3992.97 Y3992.97

G1 E-2.5 F4200
G1 Z29.2 F720
;AFTER_LAYER_CHANGE
;29.2
M74 W3.05526

G1 Z29.4
G1 X95.632 Y96.868 F10800
G1 Z29.2 F720
G1 E2.5 F2400
M204 P2500
;TYPE:Perimeter
;WIDTH:0.449999
G1 F900
G1 X95.632 Y83.132 E.46495
G1 X99.368 Y83.132 E.12646
G1 X99.368 Y96.868 E.46495
G1 X95.692 Y96.868 E.12443
M204 P2000
G1 X95.225 Y97.275 F10800
;TYPE:External perimeter
G1 F900
G1 X95.225 Y82.725 E.4925
G1 X99.775 Y82.725 E.15401
G1 X99.775 Y97.275 E.4925
G1 X95.285 Y97.275 E.15198
G1 X95.226 Y96.879 F10800
G1 E-2.5 F4200
G1 Z29.4 F720
G1 X99.022 Y94.998 F10800
G1 Z29.2 F720
G1 E2.5 F2400
M204 P4000
;TYPE:Internal infill
;WIDTH:0.45
G1 F900
G1 X99.022 Y96.522 E.05159
G1 X98.825 Y96.522 E.00667
G1 X95.978 Y93.675 E.13628
G1 X95.978 Y93.233 E.01496
G1 X99.022 Y90.189 E.14571
G1 X99.022 Y89.811 E.01279
G1 X95.978 Y86.767 E.14571
G1 X95.978 Y86.325 E.01496
G1 X98.825 Y83.478 E.13628
G1 X97.295 Y83.478 E.05179
G1 X99.022 Y85.205 E.08267
G1 X99.022 Y85.584 E.01283
G1 X95.978 Y88.627 E.14569
G1 X95.978 Y89.07 E.015
G1 X99.022 Y92.114 E.14571
G1 X99.022 Y92.492 E.01279
G1 X95.978 Y95.536 E.14571
G1 X95.978 Y95.978 E.01496
G1 X96.522 Y96.522 E.02604
G1 X97.295 Y96.522 E.02617
G1 X99.022 Y94.795 E.08267
G1 X99.022 Y94.416 E.01283
G1 X95.978 Y91.373 E.14569
G1 X95.978 Y90.93 E.015
G1 X99.022 Y87.886 E.14571
G1 X99.022 Y87.508 E.01279
G1 X95.978 Y84.464 E.14571
G1 X95.978 Y84.022 E.01496
G1 X96.522 Y83.478 E.02604
G1 X95.978 Y83.478 E.01841
G1 X95.978 Y83.818 E.01151
M204 P2000
;LAYER_CHANGE
;Z:29.4
;HEIGHT:0.199999
;BEFORE_LAYER_CHANGE
G92 E0.0
;29.4
M201 X3992.94 Y3992.94

G1 E-2.5 F4200
G1 Z29.4 F720
;AFTER_LAYER_CHANGE
;29.4
M74 W3.06853

G1 Z29.6
G1 X95.632 Y96.868 F10800
G1 Z29.4 F720
G1 E2.5 F2400
M204 P2500
;TYPE:Perimeter
;WIDTH:0.449999
G1 F900
G1 X95.632 Y83.132 E.46495
G1 X99.368 Y83.132 E.12646
G1 X99.368 Y96.868 E.46495
G1 X95.692 Y96.868 E.12443
M204 P2000
G1 X95.225 Y97.275 F10800
;TYPE:External perimeter
G1 F900
G1 X95.225 Y82.725 E.4925
G1 X99.775 Y82.725 E.15401
G1 X99.775 Y97.275 E.4925
G1 X95.285 Y97.275 E.15198
G1 X95.226 Y96.879 F10800
G1 E-2.5 F4200
G1 Z29.6 F720
G1 X99.022 Y94.998 F10800
G1 Z29.4 F720
G1 E2.5 F2400
M204 P4000
;TYPE:Internal infill
;WIDTH:0.45
G1 F900
G1 X99.022 Y96.522 E.05159
G1 X98.825 Y96.522 E.00667
G1 X95.978 Y93.675 E.13628
G1 X95.978 Y93.233 E.01496
G1 X99.022 Y90.189 E.14571
G1 X99.022 Y89.811 E.01279
G1 X95.978 Y86.767 E.14571
G1 X95.978 Y86.325 E.01496
G1 X98.825 Y83.478 E.13628
G1 X97.295 Y83.478 E.05179
G1 X99.022 Y85.205 E.08267
G1 X99.022 Y85.584 E.01283
G1 X95.978 Y88.627 E.14569
G1 X95.978 Y89.07 E.015
G1 X99.022 Y92.114 E.14571
G1 X99.022 Y92.492 E.01279
G1 X95.978 Y95.536 E.14571
G1 X95.978 Y95.978 E.01496
G1 X96.522 Y96.522 E.02604
G1 X97.295 Y96.522 E.02617
G1 X99.022 Y94.795 E.08267
G1 X99.022 Y94.416 E.01283
G1 X95.978 Y91.373 E.14569
G1 X95.978 Y90.93 E.015
G1 X99.022 Y87.886 E.14571
G1 X99.022 Y87.508 E.01279
G1 X95.978 Y84.464 E.14571
G1 X95.978 Y84.022 E.01496
G1 X96.522 Y83.478 E.02604
G1 X95.978 Y83.478 E.01841
G1 X95.978 Y83.818 E.01151
M204 P2000
;LAYER_CHANGE
;Z:29.6
;HEIGHT:0.200001
;BEFORE_LAYER_CHANGE
G92 E0.0
;29.6
M201 X3992.91 Y3992.91

G1 E-2.5 F4200
G1 Z29.6 F720
;AFTER_LAYER_CHANGE
;29.6
M74 W3.08179

G1 Z29.8
G1 X95.632 Y96.868 F10800
G1 Z29.6 F720
G1 E2.5 F2400
M204 P2500
;TYPE:Perimeter
;WIDTH:0.449999
G1 F900
G1 X95.632 Y83.132 E.46495
G1 X99.368 Y83.132 E.12646
M73 Q53 S24
G1 X99.368 Y96.868 E.46495
G1 X95.692 Y96.868 E.12443
M204 P2000
G1 X95.225 Y97.275 F10800
;TYPE:External perimeter
G1 F900
G1 X95.225 Y82.725 E.4925
G1 X99.775 Y82.725 E.15401
G1 X99.775 Y97.275 E.4925
M73 P53 R24
G1 X95.285 Y97.275 E.15198
G1 X95.226 Y96.879 F10800
G1 E-2.5 F4200
G1 Z29.8 F720
G1 X99.022 Y94.998 F10800
G1 Z29.6 F720
G1 E2.5 F2400
M204 P4000
;TYPE:Internal infill
;WIDTH:0.45
G1 F900
G1 X99.022 Y96.522 E.05159
G1 X98.825 Y96.522 E.00667
G1 X95.978 Y93.675 E.13628
G1 X95.978 Y93.233 E.01496
G1 X99.022 Y90.189 E.14571
G1 X99.022 Y89.811 E.01279
G1 X95.978 Y86.767 E.14571
G1 X95.978 Y86.325 E.01496
G1 X98.825 Y83.478 E.13628
G1 X97.295 Y83.478 E.05179
G1 X99.022 Y85.205 E.08267
G1 X99.022 Y85.584 E.01283
G1 X95.978 Y88.627 E.14569
G1 X95.978 Y89.07 E.015
G1 X99.022 Y92.114 E.14571
G1 X99.022 Y92.492 E.01279
G1 X95.978 Y95.536 E.14571
G1 X95.978 Y95.978 E.01496
G1 X96.522 Y96.522 E.02604
G1 X97.295 Y96.522 E.02617
G1 X99.022 Y94.795 E.08267
G1 X99.022 Y94.416 E.01283
G1 X95.978 Y91.373 E.14569
G1 X95.978 Y90.93 E.015
G1 X99.022 Y87.886 E.14571
G1 X99.022 Y87.508 E.01279
G1 X95.978 Y84.464 E.14571
G1 X95.978 Y84.022 E.01496
G1 X96.522 Y83.478 E.02604
G1 X95.978 Y83.478 E.01841
G1 X95.978 Y83.818 E.01151
M204 P2000
;LAYER_CHANGE
;Z:29.8
;HEIGHT:0.199999
;BEFORE_LAYER_CHANGE
G92 E0.0
;29.8
M201 X3992.88 Y3992.88

G1 E-2.5 F4200
G1 Z29.8 F720
;AFTER_LAYER_CHANGE
;29.8
M74 W3.09506

G1 Z30
G1 X95.632 Y96.868 F10800
G1 Z29.8 F720
G1 E2.5 F2400
M204 P2500
;TYPE:Perimeter
;WIDTH:0.449999
G1 F900
G1 X95.632 Y83.132 E.46495
G1 X99.368 Y83.132 E.12646
G1 X99.368 Y96.868 E.46495
G1 X95.692 Y96.868 E.12443
M204 P2000
G1 X95.225 Y97.275 F10800
;TYPE:External perimeter
G1 F900
G1 X95.225 Y82.725 E.4925
G1 X99.775 Y82.725 E.15401
G1 X99.775 Y97.275 E.4925
G1 X95.285 Y97.275 E.15198
G1 X95.226 Y96.879 F10800
G1 E-2.5 F4200
G1 Z30 F720
G1 X99.022 Y94.998 F10800
G1 Z29.8 F720
G1 E2.5 F2400
M204 P4000
;TYPE:Internal infill
;WIDTH:0.45
G1 F900
G1 X99.022 Y96.522 E.05159
G1 X98.825 Y96.522 E.00667
G1 X95.978 Y93.675 E.13628
G1 X95.978 Y93.233 E.01496
G1 X99.022 Y90.189 E.14571
G1 X99.022 Y89.811 E.01279
G1 X95.978 Y86.767 E.14571
G1 X95.978 Y86.325 E.01496
G1 X98.825 Y83.478 E.13628
G1 X97.295 Y83.478 E.05179
G1 X99.022 Y85.205 E.08267
G1 X99.022 Y85.584 E.01283
G1 X95.978 Y88.627 E.14569
G1 X95.978 Y89.07 E.015
G1 X99.022 Y92.114 E.14571
G1 X99.022 Y92.492 E.01279
G1 X95.978 Y95.536 E.14571
G1 X95.978 Y95.978 E.01496
G1 X96.522 Y96.522 E.02604
G1 X97.295 Y96.522 E.02617
G1 X99.022 Y94.795 E.08267
G1 X99.022 Y94.416 E.01283
G1 X95.978 Y91.373 E.14569
G1 X95.978 Y90.93 E.015
G1 X99.022 Y87.886 E.14571
G1 X99.022 Y87.508 E.01279
G1 X95.978 Y84.464 E.14571
G1 X95.978 Y84.022 E.01496
G1 X96.522 Y83.478 E.02604
G1 X95.978 Y83.478 E.01841
G1 X95.978 Y83.818 E.01151
M204 P2000
;LAYER_CHANGE
;Z:30
;HEIGHT:0.200001
;BEFORE_LAYER_CHANGE
G92 E0.0
;30
M201 X3992.85 Y3992.85

G1 E-2.5 F4200
G1 Z30 F720
;AFTER_LAYER_CHANGE
;30
M74 W3.10832

G1 Z30.2
G1 X95.632 Y96.868 F10800
G1 Z30 F720
G1 E2.5 F2400
M204 P2500
;TYPE:Perimeter
;WIDTH:0.449999
G1 F900
G1 X95.632 Y83.132 E.46495
G1 X99.368 Y83.132 E.12646
G1 X99.368 Y96.868 E.46495
G1 X95.692 Y96.868 E.12443
M204 P2000
G1 X95.225 Y97.275 F10800
;TYPE:External perimeter
G1 F900
G1 X95.225 Y82.725 E.4925
G1 X99.775 Y82.725 E.15401
G1 X99.775 Y97.275 E.4925
G1 X95.285 Y97.275 E.15198
G1 X95.226 Y96.879 F10800
G1 E-2.5 F4200
G1 Z30.2 F720
G1 X99.022 Y94.998 F10800
G1 Z30 F720
G1 E2.5 F2400
M204 P4000
;TYPE:Internal infill
;WIDTH:0.45
G1 F900
G1 X99.022 Y96.522 E.05159
G1 X98.825 Y96.522 E.00667
G1 X95.978 Y93.675 E.13628
G1 X95.978 Y93.233 E.01496
G1 X99.022 Y90.189 E.14571
G1 X99.022 Y89.811 E.01279
G1 X95.978 Y86.767 E.14571
G1 X95.978 Y86.325 E.01496
G1 X98.825 Y83.478 E.13628
G1 X97.295 Y83.478 E.05179
G1 X99.022 Y85.205 E.08267
G1 X99.022 Y85.584 E.01283
G1 X95.978 Y88.627 E.14569
G1 X95.978 Y89.07 E.015
G1 X99.022 Y92.114 E.14571
G1 X99.022 Y92.492 E.01279
G1 X95.978 Y95.536 E.14571
G1 X95.978 Y95.978 E.01496
G1 X96.522 Y96.522 E.02604
G1 X97.295 Y96.522 E.02617
G1 X99.022 Y94.795 E.08267
G1 X99.022 Y94.416 E.01283
G1 X95.978 Y91.373 E.14569
G1 X95.978 Y90.93 E.015
G1 X99.022 Y87.886 E.14571
G1 X99.022 Y87.508 E.01279
G1 X95.978 Y84.464 E.14571
G1 X95.978 Y84.022 E.01496
G1 X96.522 Y83.478 E.02604
G1 X95.978 Y83.478 E.01841
G1 X95.978 Y83.818 E.01151
M204 P2000
;LAYER_CHANGE
;Z:30.2
;HEIGHT:0.200001
;BEFORE_LAYER_CHANGE
G92 E0.0
;30.2
M201 X3992.82 Y3992.82

G1 E-2.5 F4200
G1 Z30.2 F720
;AFTER_LAYER_CHANGE
;30.2
M74 W3.12159

G1 Z30.4
G1 X95.632 Y96.868 F10800
G1 Z30.2 F720
G1 E2.5 F2400
M204 P2500
;TYPE:Perimeter
;WIDTH:0.449999
G1 F900
G1 X95.632 Y83.132 E.46495
G1 X99.368 Y83.132 E.12646
M73 P53 R23
G1 X99.368 Y96.868 E.46495
G1 X95.692 Y96.868 E.12443
M204 P2000
G1 X95.225 Y97.275 F10800
;TYPE:External perimeter
G1 F900
G1 X95.225 Y82.725 E.4925
G1 X99.775 Y82.725 E.15401
G1 X99.775 Y97.275 E.4925
M73 Q54 S24
G1 X95.285 Y97.275 E.15198
G1 X95.226 Y96.879 F10800
G1 E-2.5 F4200
G1 Z30.4 F720
G1 X99.022 Y94.998 F10800
G1 Z30.2 F720
G1 E2.5 F2400
M204 P4000
;TYPE:Internal infill
;WIDTH:0.45
G1 F900
G1 X99.022 Y96.522 E.05159
G1 X98.825 Y96.522 E.00667
G1 X95.978 Y93.675 E.13628
G1 X95.978 Y93.233 E.01496
G1 X99.022 Y90.189 E.14571
G1 X99.022 Y89.811 E.01279
G1 X95.978 Y86.767 E.14571
G1 X95.978 Y86.325 E.01496
G1 X98.825 Y83.478 E.13628
G1 X97.295 Y83.478 E.05179
M73 P54 R23
G1 X99.022 Y85.205 E.08267
G1 X99.022 Y85.584 E.01283
G1 X95.978 Y88.627 E.14569
G1 X95.978 Y89.07 E.015
G1 X99.022 Y92.114 E.14571
G1 X99.022 Y92.492 E.01279
G1 X95.978 Y95.536 E.14571
G1 X95.978 Y95.978 E.01496
G1 X96.522 Y96.522 E.02604
G1 X97.295 Y96.522 E.02617
G1 X99.022 Y94.795 E.08267
G1 X99.022 Y94.416 E.01283
G1 X95.978 Y91.373 E.14569
G1 X95.978 Y90.93 E.015
G1 X99.022 Y87.886 E.14571
G1 X99.022 Y87.508 E.01279
G1 X95.978 Y84.464 E.14571
G1 X95.978 Y84.022 E.01496
G1 X96.522 Y83.478 E.02604
G1 X95.978 Y83.478 E.01841
G1 X95.978 Y83.818 E.01151
M73 Q54 S23
M204 P2000
;LAYER_CHANGE
;Z:30.4
;HEIGHT:0.199999
;BEFORE_LAYER_CHANGE
G92 E0.0
;30.4
M201 X3992.79 Y3992.79

G1 E-2.5 F4200
G1 Z30.4 F720
;AFTER_LAYER_CHANGE
;30.4
M74 W3.13485

G1 Z30.6
G1 X95.632 Y96.868 F10800
G1 Z30.4 F720
G1 E2.5 F2400
M204 P2500
;TYPE:Perimeter
;WIDTH:0.449999
G1 F900
G1 X95.632 Y83.132 E.46495
G1 X99.368 Y83.132 E.12646
G1 X99.368 Y96.868 E.46495
G1 X95.692 Y96.868 E.12443
M204 P2000
G1 X95.225 Y97.275 F10800
;TYPE:External perimeter
G1 F900
G1 X95.225 Y82.725 E.4925
G1 X99.775 Y82.725 E.15401
G1 X99.775 Y97.275 E.4925
G1 X95.285 Y97.275 E.15198
G1 X95.226 Y96.879 F10800
G1 E-2.5 F4200
G1 Z30.6 F720
G1 X99.022 Y94.998 F10800
G1 Z30.4 F720
G1 E2.5 F2400
M204 P4000
;TYPE:Internal infill
;WIDTH:0.45
G1 F900
G1 X99.022 Y96.522 E.05159
G1 X98.825 Y96.522 E.00667
G1 X95.978 Y93.675 E.13628
G1 X95.978 Y93.233 E.01496
G1 X99.022 Y90.189 E.14571
G1 X99.022 Y89.811 E.01279
G1 X95.978 Y86.767 E.14571
G1 X95.978 Y86.325 E.01496
G1 X98.825 Y83.478 E.13628
G1 X97.295 Y83.478 E.05179
G1 X99.022 Y85.205 E.08267
G1 X99.022 Y85.584 E.01283
G1 X95.978 Y88.627 E.14569
G1 X95.978 Y89.07 E.015
G1 X99.022 Y92.114 E.14571
G1 X99.022 Y92.492 E.01279
G1 X95.978 Y95.536 E.14571
G1 X95.978 Y95.978 E.01496
G1 X96.522 Y96.522 E.02604
G1 X97.295 Y96.522 E.02617
G1 X99.022 Y94.795 E.08267
G1 X99.022 Y94.416 E.01283
G1 X95.978 Y91.373 E.14569
G1 X95.978 Y90.93 E.015
G1 X99.022 Y87.886 E.14571
G1 X99.022 Y87.508 E.01279
G1 X95.978 Y84.464 E.14571
G1 X95.978 Y84.022 E.01496
G1 X96.522 Y83.478 E.02604
G1 X95.978 Y83.478 E.01841
G1 X95.978 Y83.818 E.01151
M204 P2000
;LAYER_CHANGE
;Z:30.6
;HEIGHT:0.200001
;BEFORE_LAYER_CHANGE
G92 E0.0
;30.6
M201 X3992.76 Y3992.76

G1 E-2.5 F4200
G1 Z30.6 F720
;AFTER_LAYER_CHANGE
;30.6
M74 W3.14812

G1 Z30.8
G1 X95.632 Y96.868 F10800
G1 Z30.6 F720
G1 E2.5 F2400
M204 P2500
;TYPE:Perimeter
;WIDTH:0.449999
G1 F900
G1 X95.632 Y83.132 E.46495
G1 X99.368 Y83.132 E.12646
G1 X99.368 Y96.868 E.46495
G1 X95.692 Y96.868 E.12443
M204 P2000
G1 X95.225 Y97.275 F10800
;TYPE:External perimeter
G1 F900
G1 X95.225 Y82.725 E.4925
G1 X99.775 Y82.725 E.15401
G1 X99.775 Y97.275 E.4925
G1 X95.285 Y97.275 E.15198
G1 X95.226 Y96.879 F10800
G1 E-2.5 F4200
G1 Z30.8 F720
G1 X99.022 Y94.998 F10800
G1 Z30.6 F720
G1 E2.5 F2400
M204 P4000
;TYPE:Internal infill
;WIDTH:0.45
G1 F900
G1 X99.022 Y96.522 E.05159
G1 X98.825 Y96.522 E.00667
G1 X95.978 Y93.675 E.13628
G1 X95.978 Y93.233 E.01496
G1 X99.022 Y90.189 E.14571
G1 X99.022 Y89.811 E.01279
G1 X95.978 Y86.767 E.14571
G1 X95.978 Y86.325 E.01496
G1 X98.825 Y83.478 E.13628
G1 X97.295 Y83.478 E.05179
G1 X99.022 Y85.205 E.08267
G1 X99.022 Y85.584 E.01283
G1 X95.978 Y88.627 E.14569
G1 X95.978 Y89.07 E.015
G1 X99.022 Y92.114 E.14571
G1 X99.022 Y92.492 E.01279
G1 X95.978 Y95.536 E.14571
G1 X95.978 Y95.978 E.01496
G1 X96.522 Y96.522 E.02604
G1 X97.295 Y96.522 E.02617
G1 X99.022 Y94.795 E.08267
G1 X99.022 Y94.416 E.01283
G1 X95.978 Y91.373 E.14569
G1 X95.978 Y90.93 E.015
G1 X99.022 Y87.886 E.14571
G1 X99.022 Y87.508 E.01279
G1 X95.978 Y84.464 E.14571
G1 X95.978 Y84.022 E.01496
G1 X96.522 Y83.478 E.02604
G1 X95.978 Y83.478 E.01841
G1 X95.978 Y83.818 E.01151
M204 P2000
;LAYER_CHANGE
;Z:30.8
;HEIGHT:0.199999
;BEFORE_LAYER_CHANGE
G92 E0.0
;30.8
M201 X3992.73 Y3992.73

G1 E-2.5 F4200
G1 Z30.8 F720
;AFTER_LAYER_CHANGE
;30.8
M74 W3.16138

G1 Z31
G1 X95.632 Y96.868 F10800
G1 Z30.8 F720
G1 E2.5 F2400
M204 P2500
;TYPE:Perimeter
;WIDTH:0.449999
G1 F900
G1 X95.632 Y83.132 E.46495
G1 X99.368 Y83.132 E.12646
G1 X99.368 Y96.868 E.46495
G1 X95.692 Y96.868 E.12443
M204 P2000
G1 X95.225 Y97.275 F10800
;TYPE:External perimeter
G1 F900
G1 X95.225 Y82.725 E.4925
G1 X99.775 Y82.725 E.15401
G1 X99.775 Y97.275 E.4925
G1 X95.285 Y97.275 E.15198
G1 X95.226 Y96.879 F10800
G1 E-2.5 F4200
G1 Z31 F720
G1 X99.022 Y94.998 F10800
G1 Z30.8 F720
G1 E2.5 F2400
M204 P4000
;TYPE:Internal infill
;WIDTH:0.45
G1 F900
G1 X99.022 Y96.522 E.05159
G1 X98.825 Y96.522 E.00667
G1 X95.978 Y93.675 E.13628
G1 X95.978 Y93.233 E.01496
G1 X99.022 Y90.189 E.14571
G1 X99.022 Y89.811 E.01279
G1 X95.978 Y86.767 E.14571
G1 X95.978 Y86.325 E.01496
G1 X98.825 Y83.478 E.13628
G1 X97.295 Y83.478 E.05179
M73 Q55 S23
G1 X99.022 Y85.205 E.08267
G1 X99.022 Y85.584 E.01283
G1 X95.978 Y88.627 E.14569
G1 X95.978 Y89.07 E.015
G1 X99.022 Y92.114 E.14571
G1 X99.022 Y92.492 E.01279
G1 X95.978 Y95.536 E.14571
G1 X95.978 Y95.978 E.01496
G1 X96.522 Y96.522 E.02604
G1 X97.295 Y96.522 E.02617
G1 X99.022 Y94.795 E.08267
G1 X99.022 Y94.416 E.01283
G1 X95.978 Y91.373 E.14569
G1 X95.978 Y90.93 E.015
G1 X99.022 Y87.886 E.14571
G1 X99.022 Y87.508 E.01279
G1 X95.978 Y84.464 E.14571
G1 X95.978 Y84.022 E.01496
G1 X96.522 Y83.478 E.02604
G1 X95.978 Y83.478 E.01841
G1 X95.978 Y83.818 E.01151
M204 P2000
;LAYER_CHANGE
;Z:31
;HEIGHT:0.200001
;BEFORE_LAYER_CHANGE
G92 E0.0
;31
M201 X3992.7 Y3992.7

G1 E-2.5 F4200
G1 Z31 F720
;AFTER_LAYER_CHANGE
;31
M74 W3.17465

G1 Z31.2
M73 P55 R23
G1 X95.632 Y96.868 F10800
G1 Z31 F720
G1 E2.5 F2400
M204 P2500
;TYPE:Perimeter
;WIDTH:0.449999
G1 F900
G1 X95.632 Y83.132 E.46495
G1 X99.368 Y83.132 E.12646
G1 X99.368 Y96.868 E.46495
G1 X95.692 Y96.868 E.12443
M204 P2000
G1 X95.225 Y97.275 F10800
;TYPE:External perimeter
G1 F900
G1 X95.225 Y82.725 E.4925
G1 X99.775 Y82.725 E.15401
G1 X99.775 Y97.275 E.4925
G1 X95.285 Y97.275 E.15198
G1 X95.226 Y96.879 F10800
G1 E-2.5 F4200
G1 Z31.2 F720
G1 X99.022 Y94.998 F10800
G1 Z31 F720
G1 E2.5 F2400
M204 P4000
;TYPE:Internal infill
;WIDTH:0.45
G1 F900
G1 X99.022 Y96.522 E.05159
G1 X98.825 Y96.522 E.00667
G1 X95.978 Y93.675 E.13628
G1 X95.978 Y93.233 E.01496
G1 X99.022 Y90.189 E.14571
G1 X99.022 Y89.811 E.01279
G1 X95.978 Y86.767 E.14571
G1 X95.978 Y86.325 E.01496
G1 X98.825 Y83.478 E.13628
G1 X97.295 Y83.478 E.05179
G1 X99.022 Y85.205 E.08267
G1 X99.022 Y85.584 E.01283
G1 X95.978 Y88.627 E.14569
G1 X95.978 Y89.07 E.015
G1 X99.022 Y92.114 E.14571
G1 X99.022 Y92.492 E.01279
G1 X95.978 Y95.536 E.14571
G1 X95.978 Y95.978 E.01496
G1 X96.522 Y96.522 E.02604
G1 X97.295 Y96.522 E.02617
G1 X99.022 Y94.795 E.08267
G1 X99.022 Y94.416 E.01283
G1 X95.978 Y91.373 E.14569
G1 X95.978 Y90.93 E.015
G1 X99.022 Y87.886 E.14571
G1 X99.022 Y87.508 E.01279
G1 X95.978 Y84.464 E.14571
G1 X95.978 Y84.022 E.01496
G1 X96.522 Y83.478 E.02604
G1 X95.978 Y83.478 E.01841
G1 X95.978 Y83.818 E.01151
M204 P2000
;LAYER_CHANGE
;Z:31.2
;HEIGHT:0.200001
;BEFORE_LAYER_CHANGE
G92 E0.0
;31.2
M201 X3992.67 Y3992.67

G1 E-2.5 F4200
G1 Z31.2 F720
;AFTER_LAYER_CHANGE
;31.2
M74 W3.18791

G1 Z31.4
G1 X95.632 Y96.868 F10800
G1 Z31.2 F720
G1 E2.5 F2400
M204 P2500
;TYPE:Perimeter
;WIDTH:0.449999
G1 F900
G1 X95.632 Y83.132 E.46495
G1 X99.368 Y83.132 E.12646
G1 X99.368 Y96.868 E.46495
G1 X95.692 Y96.868 E.12443
M204 P2000
G1 X95.225 Y97.275 F10800
;TYPE:External perimeter
G1 F900
G1 X95.225 Y82.725 E.4925
G1 X99.775 Y82.725 E.15401
G1 X99.775 Y97.275 E.4925
G1 X95.285 Y97.275 E.15198
G1 X95.226 Y96.879 F10800
G1 E-2.5 F4200
G1 Z31.4 F720
G1 X99.022 Y94.998 F10800
G1 Z31.2 F720
G1 E2.5 F2400
M204 P4000
;TYPE:Internal infill
;WIDTH:0.45
G1 F900
G1 X99.022 Y96.522 E.05159
G1 X98.825 Y96.522 E.00667
G1 X95.978 Y93.675 E.13628
G1 X95.978 Y93.233 E.01496
G1 X99.022 Y90.189 E.14571
G1 X99.022 Y89.811 E.01279
G1 X95.978 Y86.767 E.14571
G1 X95.978 Y86.325 E.01496
G1 X98.825 Y83.478 E.13628
G1 X97.295 Y83.478 E.05179
G1 X99.022 Y85.205 E.08267
G1 X99.022 Y85.584 E.01283
G1 X95.978 Y88.627 E.14569
G1 X95.978 Y89.07 E.015
G1 X99.022 Y92.114 E.14571
G1 X99.022 Y92.492 E.01279
G1 X95.978 Y95.536 E.14571
G1 X95.978 Y95.978 E.01496
G1 X96.522 Y96.522 E.02604
G1 X97.295 Y96.522 E.02617
G1 X99.022 Y94.795 E.08267
G1 X99.022 Y94.416 E.01283
G1 X95.978 Y91.373 E.14569
G1 X95.978 Y90.93 E.015
G1 X99.022 Y87.886 E.14571
G1 X99.022 Y87.508 E.01279
G1 X95.978 Y84.464 E.14571
G1 X95.978 Y84.022 E.01496
G1 X96.522 Y83.478 E.02604
G1 X95.978 Y83.478 E.01841
G1 X95.978 Y83.818 E.01151
M204 P2000
;LAYER_CHANGE
;Z:31.4
;HEIGHT:0.199999
;BEFORE_LAYER_CHANGE
G92 E0.0
;31.4
M201 X3992.64 Y3992.64

G1 E-2.5 F4200
G1 Z31.4 F720
;AFTER_LAYER_CHANGE
;31.4
M74 W3.20117

G1 Z31.6
G1 X95.632 Y96.868 F10800
G1 Z31.4 F720
G1 E2.5 F2400
M204 P2500
;TYPE:Perimeter
;WIDTH:0.449999
G1 F900
G1 X95.632 Y83.132 E.46495
G1 X99.368 Y83.132 E.12646
G1 X99.368 Y96.868 E.46495
G1 X95.692 Y96.868 E.12443
M204 P2000
G1 X95.225 Y97.275 F10800
;TYPE:External perimeter
G1 F900
G1 X95.225 Y82.725 E.4925
G1 X99.775 Y82.725 E.15401
G1 X99.775 Y97.275 E.4925
G1 X95.285 Y97.275 E.15198
M73 P55 R22
G1 X95.226 Y96.879 F10800
G1 E-2.5 F4200
G1 Z31.6 F720
G1 X99.022 Y94.998 F10800
G1 Z31.4 F720
G1 E2.5 F2400
M204 P4000
;TYPE:Internal infill
;WIDTH:0.45
G1 F900
G1 X99.022 Y96.522 E.05159
G1 X98.825 Y96.522 E.00667
G1 X95.978 Y93.675 E.13628
G1 X95.978 Y93.233 E.01496
G1 X99.022 Y90.189 E.14571
G1 X99.022 Y89.811 E.01279
G1 X95.978 Y86.767 E.14571
G1 X95.978 Y86.325 E.01496
G1 X98.825 Y83.478 E.13628
G1 X97.295 Y83.478 E.05179
G1 X99.022 Y85.205 E.08267
G1 X99.022 Y85.584 E.01283
G1 X95.978 Y88.627 E.14569
G1 X95.978 Y89.07 E.015
G1 X99.022 Y92.114 E.14571
G1 X99.022 Y92.492 E.01279
G1 X95.978 Y95.536 E.14571
G1 X95.978 Y95.978 E.01496
G1 X96.522 Y96.522 E.02604
G1 X97.295 Y96.522 E.02617
G1 X99.022 Y94.795 E.08267
G1 X99.022 Y94.416 E.01283
G1 X95.978 Y91.373 E.14569
G1 X95.978 Y90.93 E.015
G1 X99.022 Y87.886 E.14571
G1 X99.022 Y87.508 E.01279
G1 X95.978 Y84.464 E.14571
G1 X95.978 Y84.022 E.01496
G1 X96.522 Y83.478 E.02604
G1 X95.978 Y83.478 E.01841
G1 X95.978 Y83.818 E.01151
M204 P2000
;LAYER_CHANGE
;Z:31.6
;HEIGHT:0.200001
;BEFORE_LAYER_CHANGE
G92 E0.0
;31.6
M201 X3992.61 Y3992.61

G1 E-2.5 F4200
G1 Z31.6 F720
;AFTER_LAYER_CHANGE
;31.6
M74 W3.21444

G1 Z31.8
G1 X95.632 Y96.868 F10800
G1 Z31.6 F720
G1 E2.5 F2400
M73 Q56 S23
M204 P2500
;TYPE:Perimeter
;WIDTH:0.449999
G1 F900
G1 X95.632 Y83.132 E.46495
G1 X99.368 Y83.132 E.12646
G1 X99.368 Y96.868 E.46495
G1 X95.692 Y96.868 E.12443
M204 P2000
G1 X95.225 Y97.275 F10800
;TYPE:External perimeter
G1 F900
G1 X95.225 Y82.725 E.4925
G1 X99.775 Y82.725 E.15401
M73 P56 R22
M73 Q56 S22
G1 X99.775 Y97.275 E.4925
G1 X95.285 Y97.275 E.15198
G1 X95.226 Y96.879 F10800
G1 E-2.5 F4200
G1 Z31.8 F720
G1 X99.022 Y94.998 F10800
G1 Z31.6 F720
G1 E2.5 F2400
M204 P4000
;TYPE:Internal infill
;WIDTH:0.45
G1 F900
G1 X99.022 Y96.522 E.05159
G1 X98.825 Y96.522 E.00667
G1 X95.978 Y93.675 E.13628
G1 X95.978 Y93.233 E.01496
G1 X99.022 Y90.189 E.14571
G1 X99.022 Y89.811 E.01279
G1 X95.978 Y86.767 E.14571
G1 X95.978 Y86.325 E.01496
G1 X98.825 Y83.478 E.13628
G1 X97.295 Y83.478 E.05179
G1 X99.022 Y85.205 E.08267
G1 X99.022 Y85.584 E.01283
G1 X95.978 Y88.627 E.14569
G1 X95.978 Y89.07 E.015
G1 X99.022 Y92.114 E.14571
G1 X99.022 Y92.492 E.01279
G1 X95.978 Y95.536 E.14571
G1 X95.978 Y95.978 E.01496
G1 X96.522 Y96.522 E.02604
G1 X97.295 Y96.522 E.02617
G1 X99.022 Y94.795 E.08267
G1 X99.022 Y94.416 E.01283
G1 X95.978 Y91.373 E.14569
G1 X95.978 Y90.93 E.015
G1 X99.022 Y87.886 E.14571
G1 X99.022 Y87.508 E.01279
G1 X95.978 Y84.464 E.14571
G1 X95.978 Y84.022 E.01496
G1 X96.522 Y83.478 E.02604
G1 X95.978 Y83.478 E.01841
G1 X95.978 Y83.818 E.01151
M204 P2000
;LAYER_CHANGE
;Z:31.8
;HEIGHT:0.199999
;BEFORE_LAYER_CHANGE
G92 E0.0
;31.8
M201 X3992.58 Y3992.58

G1 E-2.5 F4200
G1 Z31.8 F720
;AFTER_LAYER_CHANGE
;31.8
M74 W3.2277

G1 Z32
G1 X95.632 Y96.868 F10800
G1 Z31.8 F720
G1 E2.5 F2400
M204 P2500
;TYPE:Perimeter
;WIDTH:0.449999
G1 F900
G1 X95.632 Y83.132 E.46495
G1 X99.368 Y83.132 E.12646
G1 X99.368 Y96.868 E.46495
G1 X95.692 Y96.868 E.12443
M204 P2000
G1 X95.225 Y97.275 F10800
;TYPE:External perimeter
G1 F900
G1 X95.225 Y82.725 E.4925
G1 X99.775 Y82.725 E.15401
G1 X99.775 Y97.275 E.4925
G1 X95.285 Y97.275 E.15198
G1 X95.226 Y96.879 F10800
G1 E-2.5 F4200
G1 Z32 F720
G1 X99.022 Y94.998 F10800
G1 Z31.8 F720
G1 E2.5 F2400
M204 P4000
;TYPE:Internal infill
;WIDTH:0.45
G1 F900
G1 X99.022 Y96.522 E.05159
G1 X98.825 Y96.522 E.00667
G1 X95.978 Y93.675 E.13628
G1 X95.978 Y93.233 E.01496
G1 X99.022 Y90.189 E.14571
G1 X99.022 Y89.811 E.01279
G1 X95.978 Y86.767 E.14571
G1 X95.978 Y86.325 E.01496
G1 X98.825 Y83.478 E.13628
G1 X97.295 Y83.478 E.05179
G1 X99.022 Y85.205 E.08267
G1 X99.022 Y85.584 E.01283
G1 X95.978 Y88.627 E.14569
G1 X95.978 Y89.07 E.015
G1 X99.022 Y92.114 E.14571
G1 X99.022 Y92.492 E.01279
G1 X95.978 Y95.536 E.14571
G1 X95.978 Y95.978 E.01496
G1 X96.522 Y96.522 E.02604
G1 X97.295 Y96.522 E.02617
G1 X99.022 Y94.795 E.08267
G1 X99.022 Y94.416 E.01283
G1 X95.978 Y91.373 E.14569
G1 X95.978 Y90.93 E.015
G1 X99.022 Y87.886 E.14571
G1 X99.022 Y87.508 E.01279
G1 X95.978 Y84.464 E.14571
G1 X95.978 Y84.022 E.01496
G1 X96.522 Y83.478 E.02604
G1 X95.978 Y83.478 E.01841
G1 X95.978 Y83.818 E.01151
M204 P2000
;LAYER_CHANGE
;Z:32
;HEIGHT:0.200001
;BEFORE_LAYER_CHANGE
G92 E0.0
;32
M201 X3992.55 Y3992.55

G1 E-2.5 F4200
G1 Z32 F720
;AFTER_LAYER_CHANGE
;32
M74 W3.24097

G1 Z32.2
G1 X95.632 Y96.868 F10800
G1 Z32 F720
G1 E2.5 F2400
M204 P2500
;TYPE:Perimeter
;WIDTH:0.449999
G1 F900
G1 X95.632 Y83.132 E.46495
G1 X99.368 Y83.132 E.12646
G1 X99.368 Y96.868 E.46495
G1 X95.692 Y96.868 E.12443
M204 P2000
G1 X95.225 Y97.275 F10800
;TYPE:External perimeter
G1 F900
G1 X95.225 Y82.725 E.4925
G1 X99.775 Y82.725 E.15401
G1 X99.775 Y97.275 E.4925
G1 X95.285 Y97.275 E.15198
G1 X95.226 Y96.879 F10800
G1 E-2.5 F4200
G1 Z32.2 F720
G1 X99.022 Y94.998 F10800
G1 Z32 F720
G1 E2.5 F2400
M204 P4000
;TYPE:Internal infill
;WIDTH:0.45
G1 F900
G1 X99.022 Y96.522 E.05159
G1 X98.825 Y96.522 E.00667
G1 X95.978 Y93.675 E.13628
G1 X95.978 Y93.233 E.01496
G1 X99.022 Y90.189 E.14571
G1 X99.022 Y89.811 E.01279
G1 X95.978 Y86.767 E.14571
G1 X95.978 Y86.325 E.01496
G1 X98.825 Y83.478 E.13628
G1 X97.295 Y83.478 E.05179
G1 X99.022 Y85.205 E.08267
G1 X99.022 Y85.584 E.01283
G1 X95.978 Y88.627 E.14569
G1 X95.978 Y89.07 E.015
G1 X99.022 Y92.114 E.14571
G1 X99.022 Y92.492 E.01279
G1 X95.978 Y95.536 E.14571
G1 X95.978 Y95.978 E.01496
G1 X96.522 Y96.522 E.02604
G1 X97.295 Y96.522 E.02617
G1 X99.022 Y94.795 E.08267
G1 X99.022 Y94.416 E.01283
G1 X95.978 Y91.373 E.14569
G1 X95.978 Y90.93 E.015
G1 X99.022 Y87.886 E.14571
G1 X99.022 Y87.508 E.01279
G1 X95.978 Y84.464 E.14571
G1 X95.978 Y84.022 E.01496
G1 X96.522 Y83.478 E.02604
G1 X95.978 Y83.478 E.01841
G1 X95.978 Y83.818 E.01151
M204 P2000
;LAYER_CHANGE
;Z:32.2
;HEIGHT:0.200001
;BEFORE_LAYER_CHANGE
G92 E0.0
;32.2
M201 X3992.52 Y3992.52

G1 E-2.5 F4200
G1 Z32.2 F720
;AFTER_LAYER_CHANGE
;32.2
M74 W3.25423

G1 Z32.4
G1 X95.632 Y96.868 F10800
G1 Z32.2 F720
G1 E2.5 F2400
M204 P2500
;TYPE:Perimeter
;WIDTH:0.449999
G1 F900
G1 X95.632 Y83.132 E.46495
G1 X99.368 Y83.132 E.12646
G1 X99.368 Y96.868 E.46495
G1 X95.692 Y96.868 E.12443
M204 P2000
G1 X95.225 Y97.275 F10800
;TYPE:External perimeter
G1 F900
G1 X95.225 Y82.725 E.4925
G1 X99.775 Y82.725 E.15401
M73 Q57 S22
G1 X99.775 Y97.275 E.4925
G1 X95.285 Y97.275 E.15198
G1 X95.226 Y96.879 F10800
G1 E-2.5 F4200
G1 Z32.4 F720
G1 X99.022 Y94.998 F10800
G1 Z32.2 F720
G1 E2.5 F2400
M204 P4000
;TYPE:Internal infill
;WIDTH:0.45
G1 F900
G1 X99.022 Y96.522 E.05159
G1 X98.825 Y96.522 E.00667
G1 X95.978 Y93.675 E.13628
G1 X95.978 Y93.233 E.01496
M73 P57 R22
G1 X99.022 Y90.189 E.14571
G1 X99.022 Y89.811 E.01279
G1 X95.978 Y86.767 E.14571
G1 X95.978 Y86.325 E.01496
G1 X98.825 Y83.478 E.13628
G1 X97.295 Y83.478 E.05179
G1 X99.022 Y85.205 E.08267
G1 X99.022 Y85.584 E.01283
G1 X95.978 Y88.627 E.14569
G1 X95.978 Y89.07 E.015
G1 X99.022 Y92.114 E.14571
G1 X99.022 Y92.492 E.01279
G1 X95.978 Y95.536 E.14571
G1 X95.978 Y95.978 E.01496
G1 X96.522 Y96.522 E.02604
G1 X97.295 Y96.522 E.02617
G1 X99.022 Y94.795 E.08267
G1 X99.022 Y94.416 E.01283
G1 X95.978 Y91.373 E.14569
G1 X95.978 Y90.93 E.015
G1 X99.022 Y87.886 E.14571
G1 X99.022 Y87.508 E.01279
G1 X95.978 Y84.464 E.14571
G1 X95.978 Y84.022 E.01496
G1 X96.522 Y83.478 E.02604
G1 X95.978 Y83.478 E.01841
G1 X95.978 Y83.818 E.01151
M204 P2000
;LAYER_CHANGE
;Z:32.4
;HEIGHT:0.200001
;BEFORE_LAYER_CHANGE
G92 E0.0
;32.4
M201 X3992.48 Y3992.48

G1 E-2.5 F4200
G1 Z32.4 F720
;AFTER_LAYER_CHANGE
;32.4
M74 W3.2675

G1 Z32.6
G1 X95.632 Y96.868 F10800
G1 Z32.4 F720
G1 E2.5 F2400
M204 P2500
;TYPE:Perimeter
;WIDTH:0.449999
G1 F900
G1 X95.632 Y83.132 E.46495
G1 X99.368 Y83.132 E.12646
G1 X99.368 Y96.868 E.46495
G1 X95.692 Y96.868 E.12443
M204 P2000
G1 X95.225 Y97.275 F10800
;TYPE:External perimeter
G1 F900
G1 X95.225 Y82.725 E.4925
G1 X99.775 Y82.725 E.15401
G1 X99.775 Y97.275 E.4925
G1 X95.285 Y97.275 E.15198
G1 X95.226 Y96.879 F10800
G1 E-2.5 F4200
G1 Z32.6 F720
G1 X99.022 Y94.998 F10800
G1 Z32.4 F720
G1 E2.5 F2400
M204 P4000
;TYPE:Internal infill
;WIDTH:0.45
G1 F900
G1 X99.022 Y96.522 E.05159
G1 X98.825 Y96.522 E.00667
G1 X95.978 Y93.675 E.13628
G1 X95.978 Y93.233 E.01496
G1 X99.022 Y90.189 E.14571
G1 X99.022 Y89.811 E.01279
G1 X95.978 Y86.767 E.14571
G1 X95.978 Y86.325 E.01496
G1 X98.825 Y83.478 E.13628
G1 X97.295 Y83.478 E.05179
G1 X99.022 Y85.205 E.08267
G1 X99.022 Y85.584 E.01283
G1 X95.978 Y88.627 E.14569
G1 X95.978 Y89.07 E.015
G1 X99.022 Y92.114 E.14571
G1 X99.022 Y92.492 E.01279
G1 X95.978 Y95.536 E.14571
G1 X95.978 Y95.978 E.01496
G1 X96.522 Y96.522 E.02604
G1 X97.295 Y96.522 E.02617
G1 X99.022 Y94.795 E.08267
G1 X99.022 Y94.416 E.01283
G1 X95.978 Y91.373 E.14569
G1 X95.978 Y90.93 E.015
G1 X99.022 Y87.886 E.14571
G1 X99.022 Y87.508 E.01279
G1 X95.978 Y84.464 E.14571
G1 X95.978 Y84.022 E.01496
G1 X96.522 Y83.478 E.02604
G1 X95.978 Y83.478 E.01841
G1 X95.978 Y83.818 E.01151
M204 P2000
;LAYER_CHANGE
;Z:32.6
;HEIGHT:0.199997
;BEFORE_LAYER_CHANGE
G92 E0.0
;32.6
M201 X3992.45 Y3992.45

G1 E-2.5 F4200
G1 Z32.6 F720
;AFTER_LAYER_CHANGE
;32.6
M74 W3.28076

G1 Z32.8
G1 X95.632 Y96.868 F10800
G1 Z32.6 F720
G1 E2.5 F2400
M204 P2500
;TYPE:Perimeter
;WIDTH:0.449999
G1 F900
G1 X95.632 Y83.132 E.46495
G1 X99.368 Y83.132 E.12646
G1 X99.368 Y96.868 E.46495
G1 X95.692 Y96.868 E.12443
M204 P2000
G1 X95.225 Y97.275 F10800
;TYPE:External perimeter
G1 F900
G1 X95.225 Y82.725 E.4925
G1 X99.775 Y82.725 E.15401
G1 X99.775 Y97.275 E.4925
G1 X95.285 Y97.275 E.15198
G1 X95.226 Y96.879 F10800
G1 E-2.5 F4200
G1 Z32.8 F720
G1 X99.022 Y94.998 F10800
G1 Z32.6 F720
G1 E2.5 F2400
M204 P4000
;TYPE:Internal infill
;WIDTH:0.45
G1 F900
G1 X99.022 Y96.522 E.05159
G1 X98.825 Y96.522 E.00667
G1 X95.978 Y93.675 E.13628
G1 X95.978 Y93.233 E.01496
G1 X99.022 Y90.189 E.14571
G1 X99.022 Y89.811 E.01279
G1 X95.978 Y86.767 E.14571
G1 X95.978 Y86.325 E.01496
G1 X98.825 Y83.478 E.13628
G1 X97.295 Y83.478 E.05179
G1 X99.022 Y85.205 E.08267
G1 X99.022 Y85.584 E.01283
G1 X95.978 Y88.627 E.14569
G1 X95.978 Y89.07 E.015
G1 X99.022 Y92.114 E.14571
M73 P57 R21
G1 X99.022 Y92.492 E.01279
G1 X95.978 Y95.536 E.14571
G1 X95.978 Y95.978 E.01496
G1 X96.522 Y96.522 E.02604
G1 X97.295 Y96.522 E.02617
G1 X99.022 Y94.795 E.08267
G1 X99.022 Y94.416 E.01283
G1 X95.978 Y91.373 E.14569
G1 X95.978 Y90.93 E.015
G1 X99.022 Y87.886 E.14571
G1 X99.022 Y87.508 E.01279
G1 X95.978 Y84.464 E.14571
G1 X95.978 Y84.022 E.01496
G1 X96.522 Y83.478 E.02604
G1 X95.978 Y83.478 E.01841
G1 X95.978 Y83.818 E.01151
M204 P2000
;LAYER_CHANGE
;Z:32.8
;HEIGHT:0.200001
;BEFORE_LAYER_CHANGE
G92 E0.0
;32.8
M201 X3992.42 Y3992.42

G1 E-2.5 F4200
G1 Z32.8 F720
;AFTER_LAYER_CHANGE
;32.8
M74 W3.29403

G1 Z33
G1 X95.632 Y96.868 F10800
G1 Z32.8 F720
G1 E2.5 F2400
M204 P2500
;TYPE:Perimeter
;WIDTH:0.449999
G1 F900
G1 X95.632 Y83.132 E.46495
G1 X99.368 Y83.132 E.12646
G1 X99.368 Y96.868 E.46495
G1 X95.692 Y96.868 E.12443
M204 P2000
G1 X95.225 Y97.275 F10800
;TYPE:External perimeter
G1 F900
G1 X95.225 Y82.725 E.4925
G1 X99.775 Y82.725 E.15401
G1 X99.775 Y97.275 E.4925
G1 X95.285 Y97.275 E.15198
G1 X95.226 Y96.879 F10800
G1 E-2.5 F4200
G1 Z33 F720
G1 X99.022 Y94.998 F10800
G1 Z32.8 F720
G1 E2.5 F2400
M204 P4000
;TYPE:Internal infill
;WIDTH:0.45
G1 F900
G1 X99.022 Y96.522 E.05159
G1 X98.825 Y96.522 E.00667
G1 X95.978 Y93.675 E.13628
G1 X95.978 Y93.233 E.01496
M73 Q57 S21
G1 X99.022 Y90.189 E.14571
G1 X99.022 Y89.811 E.01279
M73 Q58 S21
G1 X95.978 Y86.767 E.14571
G1 X95.978 Y86.325 E.01496
G1 X98.825 Y83.478 E.13628
G1 X97.295 Y83.478 E.05179
G1 X99.022 Y85.205 E.08267
G1 X99.022 Y85.584 E.01283
G1 X95.978 Y88.627 E.14569
G1 X95.978 Y89.07 E.015
G1 X99.022 Y92.114 E.14571
G1 X99.022 Y92.492 E.01279
G1 X95.978 Y95.536 E.14571
G1 X95.978 Y95.978 E.01496
G1 X96.522 Y96.522 E.02604
G1 X97.295 Y96.522 E.02617
G1 X99.022 Y94.795 E.08267
G1 X99.022 Y94.416 E.01283
G1 X95.978 Y91.373 E.14569
G1 X95.978 Y90.93 E.015
M73 P58 R21
G1 X99.022 Y87.886 E.14571
G1 X99.022 Y87.508 E.01279
G1 X95.978 Y84.464 E.14571
G1 X95.978 Y84.022 E.01496
G1 X96.522 Y83.478 E.02604
G1 X95.978 Y83.478 E.01841
G1 X95.978 Y83.818 E.01151
M204 P2000
;LAYER_CHANGE
;Z:33
;HEIGHT:0.200001
;BEFORE_LAYER_CHANGE
G92 E0.0
;33
M201 X3992.39 Y3992.39

G1 E-2.5 F4200
G1 Z33 F720
;AFTER_LAYER_CHANGE
;33
M74 W3.30729

G1 Z33.2
G1 X95.632 Y96.868 F10800
G1 Z33 F720
G1 E2.5 F2400
M204 P2500
;TYPE:Perimeter
;WIDTH:0.449999
G1 F900
G1 X95.632 Y83.132 E.46495
G1 X99.368 Y83.132 E.12646
G1 X99.368 Y96.868 E.46495
G1 X95.692 Y96.868 E.12443
M204 P2000
G1 X95.225 Y97.275 F10800
;TYPE:External perimeter
G1 F900
G1 X95.225 Y82.725 E.4925
G1 X99.775 Y82.725 E.15401
G1 X99.775 Y97.275 E.4925
G1 X95.285 Y97.275 E.15198
G1 X95.226 Y96.879 F10800
G1 E-2.5 F4200
G1 Z33.2 F720
G1 X99.022 Y94.998 F10800
G1 Z33 F720
G1 E2.5 F2400
M204 P4000
;TYPE:Internal infill
;WIDTH:0.45
G1 F900
G1 X99.022 Y96.522 E.05159
G1 X98.825 Y96.522 E.00667
G1 X95.978 Y93.675 E.13628
G1 X95.978 Y93.233 E.01496
G1 X99.022 Y90.189 E.14571
G1 X99.022 Y89.811 E.01279
G1 X95.978 Y86.767 E.14571
G1 X95.978 Y86.325 E.01496
G1 X98.825 Y83.478 E.13628
G1 X97.295 Y83.478 E.05179
G1 X99.022 Y85.205 E.08267
G1 X99.022 Y85.584 E.01283
G1 X95.978 Y88.627 E.14569
G1 X95.978 Y89.07 E.015
G1 X99.022 Y92.114 E.14571
G1 X99.022 Y92.492 E.01279
G1 X95.978 Y95.536 E.14571
G1 X95.978 Y95.978 E.01496
G1 X96.522 Y96.522 E.02604
G1 X97.295 Y96.522 E.02617
G1 X99.022 Y94.795 E.08267
G1 X99.022 Y94.416 E.01283
G1 X95.978 Y91.373 E.14569
G1 X95.978 Y90.93 E.015
G1 X99.022 Y87.886 E.14571
G1 X99.022 Y87.508 E.01279
G1 X95.978 Y84.464 E.14571
G1 X95.978 Y84.022 E.01496
G1 X96.522 Y83.478 E.02604
G1 X95.978 Y83.478 E.01841
G1 X95.978 Y83.818 E.01151
M204 P2000
;LAYER_CHANGE
;Z:33.2
;HEIGHT:0.200001
;BEFORE_LAYER_CHANGE
G92 E0.0
;33.2
M201 X3992.36 Y3992.36

G1 E-2.5 F4200
G1 Z33.2 F720
;AFTER_LAYER_CHANGE
;33.2
M74 W3.32056

G1 Z33.4
G1 X95.632 Y96.868 F10800
G1 Z33.2 F720
G1 E2.5 F2400
M204 P2500
;TYPE:Perimeter
;WIDTH:0.449999
G1 F900
G1 X95.632 Y83.132 E.46495
G1 X99.368 Y83.132 E.12646
G1 X99.368 Y96.868 E.46495
G1 X95.692 Y96.868 E.12443
M204 P2000
G1 X95.225 Y97.275 F10800
;TYPE:External perimeter
G1 F900
G1 X95.225 Y82.725 E.4925
G1 X99.775 Y82.725 E.15401
G1 X99.775 Y97.275 E.4925
G1 X95.285 Y97.275 E.15198
G1 X95.226 Y96.879 F10800
G1 E-2.5 F4200
G1 Z33.4 F720
G1 X99.022 Y94.998 F10800
G1 Z33.2 F720
G1 E2.5 F2400
M204 P4000
;TYPE:Internal infill
;WIDTH:0.45
G1 F900
G1 X99.022 Y96.522 E.05159
G1 X98.825 Y96.522 E.00667
G1 X95.978 Y93.675 E.13628
G1 X95.978 Y93.233 E.01496
G1 X99.022 Y90.189 E.14571
G1 X99.022 Y89.811 E.01279
G1 X95.978 Y86.767 E.14571
G1 X95.978 Y86.325 E.01496
G1 X98.825 Y83.478 E.13628
G1 X97.295 Y83.478 E.05179
G1 X99.022 Y85.205 E.08267
G1 X99.022 Y85.584 E.01283
G1 X95.978 Y88.627 E.14569
G1 X95.978 Y89.07 E.015
G1 X99.022 Y92.114 E.14571
G1 X99.022 Y92.492 E.01279
G1 X95.978 Y95.536 E.14571
G1 X95.978 Y95.978 E.01496
G1 X96.522 Y96.522 E.02604
G1 X97.295 Y96.522 E.02617
G1 X99.022 Y94.795 E.08267
G1 X99.022 Y94.416 E.01283
G1 X95.978 Y91.373 E.14569
G1 X95.978 Y90.93 E.015
G1 X99.022 Y87.886 E.14571
G1 X99.022 Y87.508 E.01279
G1 X95.978 Y84.464 E.14571
G1 X95.978 Y84.022 E.01496
G1 X96.522 Y83.478 E.02604
G1 X95.978 Y83.478 E.01841
G1 X95.978 Y83.818 E.01151
M204 P2000
;LAYER_CHANGE
;Z:33.4
;HEIGHT:0.200001
;BEFORE_LAYER_CHANGE
G92 E0.0
;33.4
M201 X3992.33 Y3992.33

G1 E-2.5 F4200
G1 Z33.4 F720
;AFTER_LAYER_CHANGE
;33.4
M74 W3.33382

G1 Z33.6
G1 X95.632 Y96.868 F10800
G1 Z33.4 F720
G1 E2.5 F2400
M204 P2500
;TYPE:Perimeter
;WIDTH:0.449999
G1 F900
G1 X95.632 Y83.132 E.46495
G1 X99.368 Y83.132 E.12646
G1 X99.368 Y96.868 E.46495
G1 X95.692 Y96.868 E.12443
M204 P2000
G1 X95.225 Y97.275 F10800
;TYPE:External perimeter
G1 F900
G1 X95.225 Y82.725 E.4925
G1 X99.775 Y82.725 E.15401
G1 X99.775 Y97.275 E.4925
G1 X95.285 Y97.275 E.15198
G1 X95.226 Y96.879 F10800
G1 E-2.5 F4200
G1 Z33.6 F720
G1 X99.022 Y94.998 F10800
G1 Z33.4 F720
G1 E2.5 F2400
M204 P4000
;TYPE:Internal infill
;WIDTH:0.45
G1 F900
G1 X99.022 Y96.522 E.05159
G1 X98.825 Y96.522 E.00667
G1 X95.978 Y93.675 E.13628
G1 X95.978 Y93.233 E.01496
G1 X99.022 Y90.189 E.14571
G1 X99.022 Y89.811 E.01279
G1 X95.978 Y86.767 E.14571
G1 X95.978 Y86.325 E.01496
G1 X98.825 Y83.478 E.13628
G1 X97.295 Y83.478 E.05179
G1 X99.022 Y85.205 E.08267
G1 X99.022 Y85.584 E.01283
G1 X95.978 Y88.627 E.14569
G1 X95.978 Y89.07 E.015
G1 X99.022 Y92.114 E.14571
G1 X99.022 Y92.492 E.01279
G1 X95.978 Y95.536 E.14571
G1 X95.978 Y95.978 E.01496
G1 X96.522 Y96.522 E.02604
G1 X97.295 Y96.522 E.02617
G1 X99.022 Y94.795 E.08267
G1 X99.022 Y94.416 E.01283
G1 X95.978 Y91.373 E.14569
G1 X95.978 Y90.93 E.015
G1 X99.022 Y87.886 E.14571
G1 X99.022 Y87.508 E.01279
M73 Q59 S21
G1 X95.978 Y84.464 E.14571
G1 X95.978 Y84.022 E.01496
G1 X96.522 Y83.478 E.02604
G1 X95.978 Y83.478 E.01841
G1 X95.978 Y83.818 E.01151
M204 P2000
;LAYER_CHANGE
;Z:33.6
;HEIGHT:0.199997
;BEFORE_LAYER_CHANGE
G92 E0.0
;33.6
M201 X3992.3 Y3992.3

G1 E-2.5 F4200
G1 Z33.6 F720
;AFTER_LAYER_CHANGE
;33.6
M74 W3.34709

G1 Z33.8
G1 X95.632 Y96.868 F10800
G1 Z33.6 F720
G1 E2.5 F2400
M204 P2500
;TYPE:Perimeter
;WIDTH:0.449999
G1 F900
G1 X95.632 Y83.132 E.46495
G1 X99.368 Y83.132 E.12646
G1 X99.368 Y96.868 E.46495
G1 X95.692 Y96.868 E.12443
M73 P59 R21
M204 P2000
G1 X95.225 Y97.275 F10800
;TYPE:External perimeter
G1 F900
G1 X95.225 Y82.725 E.4925
G1 X99.775 Y82.725 E.15401
G1 X99.775 Y97.275 E.4925
G1 X95.285 Y97.275 E.15198
G1 X95.226 Y96.879 F10800
G1 E-2.5 F4200
G1 Z33.8 F720
G1 X99.022 Y94.998 F10800
G1 Z33.6 F720
G1 E2.5 F2400
M204 P4000
;TYPE:Internal infill
;WIDTH:0.45
G1 F900
G1 X99.022 Y96.522 E.05159
G1 X98.825 Y96.522 E.00667
G1 X95.978 Y93.675 E.13628
G1 X95.978 Y93.233 E.01496
G1 X99.022 Y90.189 E.14571
G1 X99.022 Y89.811 E.01279
G1 X95.978 Y86.767 E.14571
G1 X95.978 Y86.325 E.01496
G1 X98.825 Y83.478 E.13628
G1 X97.295 Y83.478 E.05179
G1 X99.022 Y85.205 E.08267
G1 X99.022 Y85.584 E.01283
G1 X95.978 Y88.627 E.14569
G1 X95.978 Y89.07 E.015
G1 X99.022 Y92.114 E.14571
G1 X99.022 Y92.492 E.01279
G1 X95.978 Y95.536 E.14571
G1 X95.978 Y95.978 E.01496
G1 X96.522 Y96.522 E.02604
G1 X97.295 Y96.522 E.02617
G1 X99.022 Y94.795 E.08267
G1 X99.022 Y94.416 E.01283
G1 X95.978 Y91.373 E.14569
G1 X95.978 Y90.93 E.015
G1 X99.022 Y87.886 E.14571
G1 X99.022 Y87.508 E.01279
G1 X95.978 Y84.464 E.14571
G1 X95.978 Y84.022 E.01496
G1 X96.522 Y83.478 E.02604
G1 X95.978 Y83.478 E.01841
G1 X95.978 Y83.818 E.01151
M204 P2000
;LAYER_CHANGE
;Z:33.8
;HEIGHT:0.200001
;BEFORE_LAYER_CHANGE
G92 E0.0
;33.8
M201 X3992.27 Y3992.27

G1 E-2.5 F4200
G1 Z33.8 F720
;AFTER_LAYER_CHANGE
;33.8
M74 W3.36035

G1 Z34
G1 X95.632 Y96.868 F10800
G1 Z33.8 F720
G1 E2.5 F2400
M204 P2500
;TYPE:Perimeter
;WIDTH:0.449999
G1 F900
G1 X95.632 Y83.132 E.46495
G1 X99.368 Y83.132 E.12646
G1 X99.368 Y96.868 E.46495
G1 X95.692 Y96.868 E.12443
M204 P2000
G1 X95.225 Y97.275 F10800
;TYPE:External perimeter
G1 F900
G1 X95.225 Y82.725 E.4925
G1 X99.775 Y82.725 E.15401
G1 X99.775 Y97.275 E.4925
G1 X95.285 Y97.275 E.15198
G1 X95.226 Y96.879 F10800
G1 E-2.5 F4200
G1 Z34 F720
G1 X99.022 Y94.998 F10800
G1 Z33.8 F720
G1 E2.5 F2400
M204 P4000
;TYPE:Internal infill
;WIDTH:0.45
G1 F900
G1 X99.022 Y96.522 E.05159
G1 X98.825 Y96.522 E.00667
G1 X95.978 Y93.675 E.13628
G1 X95.978 Y93.233 E.01496
G1 X99.022 Y90.189 E.14571
G1 X99.022 Y89.811 E.01279
G1 X95.978 Y86.767 E.14571
G1 X95.978 Y86.325 E.01496
G1 X98.825 Y83.478 E.13628
G1 X97.295 Y83.478 E.05179
G1 X99.022 Y85.205 E.08267
G1 X99.022 Y85.584 E.01283
G1 X95.978 Y88.627 E.14569
G1 X95.978 Y89.07 E.015
G1 X99.022 Y92.114 E.14571
G1 X99.022 Y92.492 E.01279
G1 X95.978 Y95.536 E.14571
G1 X95.978 Y95.978 E.01496
G1 X96.522 Y96.522 E.02604
G1 X97.295 Y96.522 E.02617
G1 X99.022 Y94.795 E.08267
G1 X99.022 Y94.416 E.01283
G1 X95.978 Y91.373 E.14569
G1 X95.978 Y90.93 E.015
G1 X99.022 Y87.886 E.14571
G1 X99.022 Y87.508 E.01279
G1 X95.978 Y84.464 E.14571
G1 X95.978 Y84.022 E.01496
G1 X96.522 Y83.478 E.02604
G1 X95.978 Y83.478 E.01841
G1 X95.978 Y83.818 E.01151
M204 P2000
;LAYER_CHANGE
;Z:34
;HEIGHT:0.200001
;BEFORE_LAYER_CHANGE
G92 E0.0
;34
M201 X3992.24 Y3992.24

G1 E-2.5 F4200
G1 Z34 F720
;AFTER_LAYER_CHANGE
;34
M74 W3.37361

G1 Z34.2
G1 X95.632 Y96.868 F10800
G1 Z34 F720
G1 E2.5 F2400
M204 P2500
;TYPE:Perimeter
;WIDTH:0.449999
G1 F900
G1 X95.632 Y83.132 E.46495
G1 X99.368 Y83.132 E.12646
G1 X99.368 Y96.868 E.46495
M73 P59 R20
G1 X95.692 Y96.868 E.12443
M204 P2000
G1 X95.225 Y97.275 F10800
;TYPE:External perimeter
G1 F900
G1 X95.225 Y82.725 E.4925
G1 X99.775 Y82.725 E.15401
G1 X99.775 Y97.275 E.4925
G1 X95.285 Y97.275 E.15198
G1 X95.226 Y96.879 F10800
G1 E-2.5 F4200
G1 Z34.2 F720
G1 X99.022 Y94.998 F10800
G1 Z34 F720
G1 E2.5 F2400
M204 P4000
;TYPE:Internal infill
;WIDTH:0.45
G1 F900
G1 X99.022 Y96.522 E.05159
G1 X98.825 Y96.522 E.00667
G1 X95.978 Y93.675 E.13628
G1 X95.978 Y93.233 E.01496
G1 X99.022 Y90.189 E.14571
G1 X99.022 Y89.811 E.01279
G1 X95.978 Y86.767 E.14571
G1 X95.978 Y86.325 E.01496
G1 X98.825 Y83.478 E.13628
G1 X97.295 Y83.478 E.05179
G1 X99.022 Y85.205 E.08267
G1 X99.022 Y85.584 E.01283
G1 X95.978 Y88.627 E.14569
G1 X95.978 Y89.07 E.015
G1 X99.022 Y92.114 E.14571
G1 X99.022 Y92.492 E.01279
G1 X95.978 Y95.536 E.14571
G1 X95.978 Y95.978 E.01496
G1 X96.522 Y96.522 E.02604
G1 X97.295 Y96.522 E.02617
G1 X99.022 Y94.795 E.08267
G1 X99.022 Y94.416 E.01283
G1 X95.978 Y91.373 E.14569
G1 X95.978 Y90.93 E.015
G1 X99.022 Y87.886 E.14571
G1 X99.022 Y87.508 E.01279
M73 Q59 S20
G1 X95.978 Y84.464 E.14571
G1 X95.978 Y84.022 E.01496
G1 X96.522 Y83.478 E.02604
G1 X95.978 Y83.478 E.01841
G1 X95.978 Y83.818 E.01151
M204 P2000
;LAYER_CHANGE
;Z:34.2
;HEIGHT:0.200001
;BEFORE_LAYER_CHANGE
G92 E0.0
;34.2
M201 X3992.21 Y3992.21

G1 E-2.5 F4200
G1 Z34.2 F720
;AFTER_LAYER_CHANGE
;34.2
M74 W3.38688

G1 Z34.4
G1 X95.632 Y96.868 F10800
G1 Z34.2 F720
G1 E2.5 F2400
M204 P2500
;TYPE:Perimeter
;WIDTH:0.449999
G1 F900
G1 X95.632 Y83.132 E.46495
G1 X99.368 Y83.132 E.12646
G1 X99.368 Y96.868 E.46495
G1 X95.692 Y96.868 E.12443
M73 Q60 S20
M204 P2000
G1 X95.225 Y97.275 F10800
;TYPE:External perimeter
G1 F900
G1 X95.225 Y82.725 E.4925
G1 X99.775 Y82.725 E.15401
G1 X99.775 Y97.275 E.4925
G1 X95.285 Y97.275 E.15198
M73 P60 R20
G1 X95.226 Y96.879 F10800
G1 E-2.5 F4200
G1 Z34.4 F720
G1 X99.022 Y94.998 F10800
G1 Z34.2 F720
G1 E2.5 F2400
M204 P4000
;TYPE:Internal infill
;WIDTH:0.45
G1 F900
G1 X99.022 Y96.522 E.05159
G1 X98.825 Y96.522 E.00667
G1 X95.978 Y93.675 E.13628
G1 X95.978 Y93.233 E.01496
G1 X99.022 Y90.189 E.14571
G1 X99.022 Y89.811 E.01279
G1 X95.978 Y86.767 E.14571
G1 X95.978 Y86.325 E.01496
G1 X98.825 Y83.478 E.13628
G1 X97.295 Y83.478 E.05179
G1 X99.022 Y85.205 E.08267
G1 X99.022 Y85.584 E.01283
G1 X95.978 Y88.627 E.14569
G1 X95.978 Y89.07 E.015
G1 X99.022 Y92.114 E.14571
G1 X99.022 Y92.492 E.01279
G1 X95.978 Y95.536 E.14571
G1 X95.978 Y95.978 E.01496
G1 X96.522 Y96.522 E.02604
G1 X97.295 Y96.522 E.02617
G1 X99.022 Y94.795 E.08267
G1 X99.022 Y94.416 E.01283
G1 X95.978 Y91.373 E.14569
G1 X95.978 Y90.93 E.015
G1 X99.022 Y87.886 E.14571
G1 X99.022 Y87.508 E.01279
G1 X95.978 Y84.464 E.14571
G1 X95.978 Y84.022 E.01496
G1 X96.522 Y83.478 E.02604
G1 X95.978 Y83.478 E.01841
G1 X95.978 Y83.818 E.01151
M204 P2000
;LAYER_CHANGE
;Z:34.4
;HEIGHT:0.200001
;BEFORE_LAYER_CHANGE
G92 E0.0
;34.4
M201 X3992.18 Y3992.18

G1 E-2.5 F4200
G1 Z34.4 F720
;AFTER_LAYER_CHANGE
;34.4
M74 W3.40014

G1 Z34.6
G1 X95.632 Y96.868 F10800
G1 Z34.4 F720
G1 E2.5 F2400
M204 P2500
;TYPE:Perimeter
;WIDTH:0.449999
G1 F900
G1 X95.632 Y83.132 E.46495
G1 X99.368 Y83.132 E.12646
G1 X99.368 Y96.868 E.46495
G1 X95.692 Y96.868 E.12443
M204 P2000
G1 X95.225 Y97.275 F10800
;TYPE:External perimeter
G1 F900
G1 X95.225 Y82.725 E.4925
G1 X99.775 Y82.725 E.15401
G1 X99.775 Y97.275 E.4925
G1 X95.285 Y97.275 E.15198
G1 X95.226 Y96.879 F10800
G1 E-2.5 F4200
G1 Z34.6 F720
G1 X99.022 Y94.998 F10800
G1 Z34.4 F720
G1 E2.5 F2400
M204 P4000
;TYPE:Internal infill
;WIDTH:0.45
G1 F900
G1 X99.022 Y96.522 E.05159
G1 X98.825 Y96.522 E.00667
G1 X95.978 Y93.675 E.13628
G1 X95.978 Y93.233 E.01496
G1 X99.022 Y90.189 E.14571
G1 X99.022 Y89.811 E.01279
G1 X95.978 Y86.767 E.14571
G1 X95.978 Y86.325 E.01496
G1 X98.825 Y83.478 E.13628
G1 X97.295 Y83.478 E.05179
G1 X99.022 Y85.205 E.08267
G1 X99.022 Y85.584 E.01283
G1 X95.978 Y88.627 E.14569
G1 X95.978 Y89.07 E.015
G1 X99.022 Y92.114 E.14571
G1 X99.022 Y92.492 E.01279
G1 X95.978 Y95.536 E.14571
G1 X95.978 Y95.978 E.01496
G1 X96.522 Y96.522 E.02604
G1 X97.295 Y96.522 E.02617
G1 X99.022 Y94.795 E.08267
G1 X99.022 Y94.416 E.01283
G1 X95.978 Y91.373 E.14569
G1 X95.978 Y90.93 E.015
G1 X99.022 Y87.886 E.14571
G1 X99.022 Y87.508 E.01279
G1 X95.978 Y84.464 E.14571
G1 X95.978 Y84.022 E.01496
G1 X96.522 Y83.478 E.02604
G1 X95.978 Y83.478 E.01841
G1 X95.978 Y83.818 E.01151
M204 P2000
;LAYER_CHANGE
;Z:34.6
;HEIGHT:0.199997
;BEFORE_LAYER_CHANGE
G92 E0.0
;34.6
M201 X3992.15 Y3992.15

G1 E-2.5 F4200
G1 Z34.6 F720
;AFTER_LAYER_CHANGE
;34.6
M74 W3.41341

G1 Z34.8
G1 X95.632 Y96.868 F10800
G1 Z34.6 F720
G1 E2.5 F2400
M204 P2500
;TYPE:Perimeter
;WIDTH:0.449999
G1 F900
G1 X95.632 Y83.132 E.46495
G1 X99.368 Y83.132 E.12646
G1 X99.368 Y96.868 E.46495
G1 X95.692 Y96.868 E.12443
M204 P2000
G1 X95.225 Y97.275 F10800
;TYPE:External perimeter
G1 F900
G1 X95.225 Y82.725 E.4925
G1 X99.775 Y82.725 E.15401
G1 X99.775 Y97.275 E.4925
G1 X95.285 Y97.275 E.15198
G1 X95.226 Y96.879 F10800
G1 E-2.5 F4200
G1 Z34.8 F720
G1 X99.022 Y94.998 F10800
G1 Z34.6 F720
G1 E2.5 F2400
M204 P4000
;TYPE:Internal infill
;WIDTH:0.45
G1 F900
G1 X99.022 Y96.522 E.05159
G1 X98.825 Y96.522 E.00667
G1 X95.978 Y93.675 E.13628
G1 X95.978 Y93.233 E.01496
G1 X99.022 Y90.189 E.14571
G1 X99.022 Y89.811 E.01279
G1 X95.978 Y86.767 E.14571
G1 X95.978 Y86.325 E.01496
G1 X98.825 Y83.478 E.13628
G1 X97.295 Y83.478 E.05179
G1 X99.022 Y85.205 E.08267
G1 X99.022 Y85.584 E.01283
G1 X95.978 Y88.627 E.14569
G1 X95.978 Y89.07 E.015
G1 X99.022 Y92.114 E.14571
G1 X99.022 Y92.492 E.01279
G1 X95.978 Y95.536 E.14571
G1 X95.978 Y95.978 E.01496
G1 X96.522 Y96.522 E.02604
G1 X97.295 Y96.522 E.02617
G1 X99.022 Y94.795 E.08267
G1 X99.022 Y94.416 E.01283
G1 X95.978 Y91.373 E.14569
G1 X95.978 Y90.93 E.015
G1 X99.022 Y87.886 E.14571
G1 X99.022 Y87.508 E.01279
G1 X95.978 Y84.464 E.14571
G1 X95.978 Y84.022 E.01496
G1 X96.522 Y83.478 E.02604
G1 X95.978 Y83.478 E.01841
G1 X95.978 Y83.818 E.01151
M204 P2000
;LAYER_CHANGE
;Z:34.8
;HEIGHT:0.200001
;BEFORE_LAYER_CHANGE
G92 E0.0
;34.8
M201 X3992.12 Y3992.12

G1 E-2.5 F4200
G1 Z34.8 F720
;AFTER_LAYER_CHANGE
;34.8
M74 W3.42667

G1 Z35
G1 X95.632 Y96.868 F10800
G1 Z34.8 F720
G1 E2.5 F2400
M204 P2500
;TYPE:Perimeter
;WIDTH:0.449999
G1 F900
G1 X95.632 Y83.132 E.46495
G1 X99.368 Y83.132 E.12646
G1 X99.368 Y96.868 E.46495
G1 X95.692 Y96.868 E.12443
M204 P2000
G1 X95.225 Y97.275 F10800
;TYPE:External perimeter
G1 F900
G1 X95.225 Y82.725 E.4925
G1 X99.775 Y82.725 E.15401
G1 X99.775 Y97.275 E.4925
G1 X95.285 Y97.275 E.15198
G1 X95.226 Y96.879 F10800
M73 Q61 S20
G1 E-2.5 F4200
G1 Z35 F720
G1 X99.022 Y94.998 F10800
G1 Z34.8 F720
G1 E2.5 F2400
M204 P4000
;TYPE:Internal infill
;WIDTH:0.45
G1 F900
G1 X99.022 Y96.522 E.05159
G1 X98.825 Y96.522 E.00667
G1 X95.978 Y93.675 E.13628
G1 X95.978 Y93.233 E.01496
G1 X99.022 Y90.189 E.14571
G1 X99.022 Y89.811 E.01279
G1 X95.978 Y86.767 E.14571
G1 X95.978 Y86.325 E.01496
G1 X98.825 Y83.478 E.13628
G1 X97.295 Y83.478 E.05179
G1 X99.022 Y85.205 E.08267
G1 X99.022 Y85.584 E.01283
G1 X95.978 Y88.627 E.14569
G1 X95.978 Y89.07 E.015
G1 X99.022 Y92.114 E.14571
G1 X99.022 Y92.492 E.01279
M73 P61 R20
G1 X95.978 Y95.536 E.14571
G1 X95.978 Y95.978 E.01496
G1 X96.522 Y96.522 E.02604
G1 X97.295 Y96.522 E.02617
G1 X99.022 Y94.795 E.08267
G1 X99.022 Y94.416 E.01283
G1 X95.978 Y91.373 E.14569
G1 X95.978 Y90.93 E.015
G1 X99.022 Y87.886 E.14571
G1 X99.022 Y87.508 E.01279
G1 X95.978 Y84.464 E.14571
G1 X95.978 Y84.022 E.01496
G1 X96.522 Y83.478 E.02604
G1 X95.978 Y83.478 E.01841
G1 X95.978 Y83.818 E.01151
M204 P2000
;LAYER_CHANGE
;Z:35
;HEIGHT:0.200001
;BEFORE_LAYER_CHANGE
G92 E0.0
;35
M201 X3992.09 Y3992.09

G1 E-2.5 F4200
G1 Z35 F720
;AFTER_LAYER_CHANGE
;35
M74 W3.43994

G1 Z35.2
G1 X95.632 Y96.868 F10800
G1 Z35 F720
G1 E2.5 F2400
M204 P2500
;TYPE:Perimeter
;WIDTH:0.449999
G1 F900
G1 X95.632 Y83.132 E.46495
G1 X99.368 Y83.132 E.12646
G1 X99.368 Y96.868 E.46495
G1 X95.692 Y96.868 E.12443
M204 P2000
G1 X95.225 Y97.275 F10800
;TYPE:External perimeter
G1 F900
G1 X95.225 Y82.725 E.4925
G1 X99.775 Y82.725 E.15401
G1 X99.775 Y97.275 E.4925
G1 X95.285 Y97.275 E.15198
G1 X95.226 Y96.879 F10800
G1 E-2.5 F4200
G1 Z35.2 F720
G1 X99.022 Y94.998 F10800
G1 Z35 F720
G1 E2.5 F2400
M204 P4000
;TYPE:Internal infill
;WIDTH:0.45
G1 F900
G1 X99.022 Y96.522 E.05159
G1 X98.825 Y96.522 E.00667
G1 X95.978 Y93.675 E.13628
G1 X95.978 Y93.233 E.01496
G1 X99.022 Y90.189 E.14571
G1 X99.022 Y89.811 E.01279
G1 X95.978 Y86.767 E.14571
G1 X95.978 Y86.325 E.01496
G1 X98.825 Y83.478 E.13628
G1 X97.295 Y83.478 E.05179
G1 X99.022 Y85.205 E.08267
G1 X99.022 Y85.584 E.01283
G1 X95.978 Y88.627 E.14569
G1 X95.978 Y89.07 E.015
G1 X99.022 Y92.114 E.14571
G1 X99.022 Y92.492 E.01279
G1 X95.978 Y95.536 E.14571
G1 X95.978 Y95.978 E.01496
G1 X96.522 Y96.522 E.02604
G1 X97.295 Y96.522 E.02617
G1 X99.022 Y94.795 E.08267
G1 X99.022 Y94.416 E.01283
G1 X95.978 Y91.373 E.14569
G1 X95.978 Y90.93 E.015
G1 X99.022 Y87.886 E.14571
G1 X99.022 Y87.508 E.01279
G1 X95.978 Y84.464 E.14571
G1 X95.978 Y84.022 E.01496
G1 X96.522 Y83.478 E.02604
G1 X95.978 Y83.478 E.01841
G1 X95.978 Y83.818 E.01151
M204 P2000
;LAYER_CHANGE
;Z:35.2
;HEIGHT:0.200001
;BEFORE_LAYER_CHANGE
G92 E0.0
;35.2
M201 X3992.06 Y3992.06

G1 E-2.5 F4200
G1 Z35.2 F720
;AFTER_LAYER_CHANGE
;35.2
M74 W3.4532

G1 Z35.4
G1 X95.632 Y96.868 F10800
G1 Z35.2 F720
G1 E2.5 F2400
M204 P2500
;TYPE:Perimeter
;WIDTH:0.449999
G1 F900
G1 X95.632 Y83.132 E.46495
G1 X99.368 Y83.132 E.12646
G1 X99.368 Y96.868 E.46495
G1 X95.692 Y96.868 E.12443
M204 P2000
G1 X95.225 Y97.275 F10800
;TYPE:External perimeter
G1 F900
G1 X95.225 Y82.725 E.4925
G1 X99.775 Y82.725 E.15401
G1 X99.775 Y97.275 E.4925
G1 X95.285 Y97.275 E.15198
M73 P61 R19
G1 X95.226 Y96.879 F10800
G1 E-2.5 F4200
G1 Z35.4 F720
G1 X99.022 Y94.998 F10800
G1 Z35.2 F720
G1 E2.5 F2400
M204 P4000
;TYPE:Internal infill
;WIDTH:0.45
G1 F900
G1 X99.022 Y96.522 E.05159
G1 X98.825 Y96.522 E.00667
G1 X95.978 Y93.675 E.13628
G1 X95.978 Y93.233 E.01496
G1 X99.022 Y90.189 E.14571
G1 X99.022 Y89.811 E.01279
G1 X95.978 Y86.767 E.14571
G1 X95.978 Y86.325 E.01496
G1 X98.825 Y83.478 E.13628
G1 X97.295 Y83.478 E.05179
G1 X99.022 Y85.205 E.08267
G1 X99.022 Y85.584 E.01283
G1 X95.978 Y88.627 E.14569
G1 X95.978 Y89.07 E.015
G1 X99.022 Y92.114 E.14571
G1 X99.022 Y92.492 E.01279
G1 X95.978 Y95.536 E.14571
G1 X95.978 Y95.978 E.01496
G1 X96.522 Y96.522 E.02604
G1 X97.295 Y96.522 E.02617
G1 X99.022 Y94.795 E.08267
G1 X99.022 Y94.416 E.01283
G1 X95.978 Y91.373 E.14569
G1 X95.978 Y90.93 E.015
G1 X99.022 Y87.886 E.14571
G1 X99.022 Y87.508 E.01279
G1 X95.978 Y84.464 E.14571
G1 X95.978 Y84.022 E.01496
G1 X96.522 Y83.478 E.02604
G1 X95.978 Y83.478 E.01841
G1 X95.978 Y83.818 E.01151
M204 P2000
;LAYER_CHANGE
;Z:35.4
;HEIGHT:0.200001
;BEFORE_LAYER_CHANGE
G92 E0.0
;35.4
M201 X3992.03 Y3992.03

G1 E-2.5 F4200
G1 Z35.4 F720
;AFTER_LAYER_CHANGE
;35.4
M74 W3.46647

G1 Z35.6
G1 X95.632 Y96.868 F10800
G1 Z35.4 F720
G1 E2.5 F2400
M204 P2500
;TYPE:Perimeter
;WIDTH:0.449999
G1 F900
G1 X95.632 Y83.132 E.46495
G1 X99.368 Y83.132 E.12646
G1 X99.368 Y96.868 E.46495
G1 X95.692 Y96.868 E.12443
M73 Q61 S19
M204 P2000
G1 X95.225 Y97.275 F10800
;TYPE:External perimeter
G1 F900
G1 X95.225 Y82.725 E.4925
G1 X99.775 Y82.725 E.15401
G1 X99.775 Y97.275 E.4925
G1 X95.285 Y97.275 E.15198
G1 X95.226 Y96.879 F10800
G1 E-2.5 F4200
G1 Z35.6 F720
G1 X99.022 Y94.998 F10800
G1 Z35.4 F720
G1 E2.5 F2400
M204 P4000
;TYPE:Internal infill
;WIDTH:0.45
G1 F900
G1 X99.022 Y96.522 E.05159
G1 X98.825 Y96.522 E.00667
G1 X95.978 Y93.675 E.13628
G1 X95.978 Y93.233 E.01496
G1 X99.022 Y90.189 E.14571
G1 X99.022 Y89.811 E.01279
G1 X95.978 Y86.767 E.14571
G1 X95.978 Y86.325 E.01496
G1 X98.825 Y83.478 E.13628
G1 X97.295 Y83.478 E.05179
G1 X99.022 Y85.205 E.08267
G1 X99.022 Y85.584 E.01283
G1 X95.978 Y88.627 E.14569
G1 X95.978 Y89.07 E.015
G1 X99.022 Y92.114 E.14571
G1 X99.022 Y92.492 E.01279
G1 X95.978 Y95.536 E.14571
G1 X95.978 Y95.978 E.01496
M73 Q62 S19
G1 X96.522 Y96.522 E.02604
G1 X97.295 Y96.522 E.02617
G1 X99.022 Y94.795 E.08267
G1 X99.022 Y94.416 E.01283
G1 X95.978 Y91.373 E.14569
G1 X95.978 Y90.93 E.015
G1 X99.022 Y87.886 E.14571
G1 X99.022 Y87.508 E.01279
G1 X95.978 Y84.464 E.14571
G1 X95.978 Y84.022 E.01496
G1 X96.522 Y83.478 E.02604
G1 X95.978 Y83.478 E.01841
G1 X95.978 Y83.818 E.01151
M204 P2000
;LAYER_CHANGE
;Z:35.6
;HEIGHT:0.199997
;BEFORE_LAYER_CHANGE
G92 E0.0
;35.6
M201 X3992 Y3992

G1 E-2.5 F4200
G1 Z35.6 F720
;AFTER_LAYER_CHANGE
;35.6
M74 W3.47973

G1 Z35.8
G1 X95.632 Y96.868 F10800
G1 Z35.6 F720
G1 E2.5 F2400
M204 P2500
;TYPE:Perimeter
;WIDTH:0.449999
G1 F900
G1 X95.632 Y83.132 E.46495
G1 X99.368 Y83.132 E.12646
M73 P62 R19
G1 X99.368 Y96.868 E.46495
G1 X95.692 Y96.868 E.12443
M204 P2000
G1 X95.225 Y97.275 F10800
;TYPE:External perimeter
G1 F900
G1 X95.225 Y82.725 E.4925
G1 X99.775 Y82.725 E.15401
G1 X99.775 Y97.275 E.4925
G1 X95.285 Y97.275 E.15198
G1 X95.226 Y96.879 F10800
G1 E-2.5 F4200
G1 Z35.8 F720
G1 X99.022 Y94.998 F10800
G1 Z35.6 F720
G1 E2.5 F2400
M204 P4000
;TYPE:Internal infill
;WIDTH:0.45
G1 F900
G1 X99.022 Y96.522 E.05159
G1 X98.825 Y96.522 E.00667
G1 X95.978 Y93.675 E.13628
G1 X95.978 Y93.233 E.01496
G1 X99.022 Y90.189 E.14571
G1 X99.022 Y89.811 E.01279
G1 X95.978 Y86.767 E.14571
G1 X95.978 Y86.325 E.01496
G1 X98.825 Y83.478 E.13628
G1 X97.295 Y83.478 E.05179
G1 X99.022 Y85.205 E.08267
G1 X99.022 Y85.584 E.01283
G1 X95.978 Y88.627 E.14569
G1 X95.978 Y89.07 E.015
G1 X99.022 Y92.114 E.14571
G1 X99.022 Y92.492 E.01279
G1 X95.978 Y95.536 E.14571
G1 X95.978 Y95.978 E.01496
G1 X96.522 Y96.522 E.02604
G1 X97.295 Y96.522 E.02617
G1 X99.022 Y94.795 E.08267
G1 X99.022 Y94.416 E.01283
G1 X95.978 Y91.373 E.14569
G1 X95.978 Y90.93 E.015
G1 X99.022 Y87.886 E.14571
G1 X99.022 Y87.508 E.01279
G1 X95.978 Y84.464 E.14571
G1 X95.978 Y84.022 E.01496
G1 X96.522 Y83.478 E.02604
G1 X95.978 Y83.478 E.01841
G1 X95.978 Y83.818 E.01151
M204 P2000
;LAYER_CHANGE
;Z:35.8
;HEIGHT:0.200001
;BEFORE_LAYER_CHANGE
G92 E0.0
;35.8
M201 X3991.97 Y3991.97

G1 E-2.5 F4200
G1 Z35.8 F720
;AFTER_LAYER_CHANGE
;35.8
M74 W3.493

G1 Z36
G1 X95.632 Y96.868 F10800
G1 Z35.8 F720
G1 E2.5 F2400
M204 P2500
;TYPE:Perimeter
;WIDTH:0.449999
G1 F900
G1 X95.632 Y83.132 E.46495
G1 X99.368 Y83.132 E.12646
G1 X99.368 Y96.868 E.46495
G1 X95.692 Y96.868 E.12443
M204 P2000
G1 X95.225 Y97.275 F10800
;TYPE:External perimeter
G1 F900
G1 X95.225 Y82.725 E.4925
G1 X99.775 Y82.725 E.15401
G1 X99.775 Y97.275 E.4925
G1 X95.285 Y97.275 E.15198
G1 X95.226 Y96.879 F10800
G1 E-2.5 F4200
G1 Z36 F720
G1 X99.022 Y94.998 F10800
G1 Z35.8 F720
G1 E2.5 F2400
M204 P4000
;TYPE:Internal infill
;WIDTH:0.45
G1 F900
G1 X99.022 Y96.522 E.05159
G1 X98.825 Y96.522 E.00667
G1 X95.978 Y93.675 E.13628
G1 X95.978 Y93.233 E.01496
G1 X99.022 Y90.189 E.14571
G1 X99.022 Y89.811 E.01279
G1 X95.978 Y86.767 E.14571
G1 X95.978 Y86.325 E.01496
G1 X98.825 Y83.478 E.13628
G1 X97.295 Y83.478 E.05179
G1 X99.022 Y85.205 E.08267
G1 X99.022 Y85.584 E.01283
G1 X95.978 Y88.627 E.14569
G1 X95.978 Y89.07 E.015
G1 X99.022 Y92.114 E.14571
G1 X99.022 Y92.492 E.01279
G1 X95.978 Y95.536 E.14571
G1 X95.978 Y95.978 E.01496
G1 X96.522 Y96.522 E.02604
G1 X97.295 Y96.522 E.02617
G1 X99.022 Y94.795 E.08267
G1 X99.022 Y94.416 E.01283
G1 X95.978 Y91.373 E.14569
G1 X95.978 Y90.93 E.015
G1 X99.022 Y87.886 E.14571
G1 X99.022 Y87.508 E.01279
G1 X95.978 Y84.464 E.14571
G1 X95.978 Y84.022 E.01496
G1 X96.522 Y83.478 E.02604
G1 X95.978 Y83.478 E.01841
G1 X95.978 Y83.818 E.01151
M204 P2000
;LAYER_CHANGE
;Z:36
;HEIGHT:0.200001
;BEFORE_LAYER_CHANGE
G92 E0.0
;36
M201 X3991.94 Y3991.94

G1 E-2.5 F4200
G1 Z36 F720
;AFTER_LAYER_CHANGE
;36
M74 W3.50626

G1 Z36.2
G1 X95.632 Y96.868 F10800
G1 Z36 F720
G1 E2.5 F2400
M204 P2500
;TYPE:Perimeter
;WIDTH:0.449999
G1 F900
G1 X95.632 Y83.132 E.46495
G1 X99.368 Y83.132 E.12646
G1 X99.368 Y96.868 E.46495
G1 X95.692 Y96.868 E.12443
M204 P2000
G1 X95.225 Y97.275 F10800
;TYPE:External perimeter
G1 F900
G1 X95.225 Y82.725 E.4925
G1 X99.775 Y82.725 E.15401
G1 X99.775 Y97.275 E.4925
G1 X95.285 Y97.275 E.15198
G1 X95.226 Y96.879 F10800
G1 E-2.5 F4200
G1 Z36.2 F720
G1 X99.022 Y94.998 F10800
G1 Z36 F720
G1 E2.5 F2400
M204 P4000
;TYPE:Internal infill
;WIDTH:0.45
G1 F900
G1 X99.022 Y96.522 E.05159
G1 X98.825 Y96.522 E.00667
G1 X95.978 Y93.675 E.13628
G1 X95.978 Y93.233 E.01496
G1 X99.022 Y90.189 E.14571
G1 X99.022 Y89.811 E.01279
G1 X95.978 Y86.767 E.14571
G1 X95.978 Y86.325 E.01496
G1 X98.825 Y83.478 E.13628
G1 X97.295 Y83.478 E.05179
G1 X99.022 Y85.205 E.08267
G1 X99.022 Y85.584 E.01283
G1 X95.978 Y88.627 E.14569
G1 X95.978 Y89.07 E.015
G1 X99.022 Y92.114 E.14571
G1 X99.022 Y92.492 E.01279
G1 X95.978 Y95.536 E.14571
G1 X95.978 Y95.978 E.01496
G1 X96.522 Y96.522 E.02604
G1 X97.295 Y96.522 E.02617
G1 X99.022 Y94.795 E.08267
G1 X99.022 Y94.416 E.01283
G1 X95.978 Y91.373 E.14569
G1 X95.978 Y90.93 E.015
G1 X99.022 Y87.886 E.14571
G1 X99.022 Y87.508 E.01279
G1 X95.978 Y84.464 E.14571
G1 X95.978 Y84.022 E.01496
G1 X96.522 Y83.478 E.02604
G1 X95.978 Y83.478 E.01841
G1 X95.978 Y83.818 E.01151
M204 P2000
;LAYER_CHANGE
;Z:36.2
;HEIGHT:0.200001
;BEFORE_LAYER_CHANGE
G92 E0.0
;36.2
M201 X3991.91 Y3991.91

G1 E-2.5 F4200
G1 Z36.2 F720
;AFTER_LAYER_CHANGE
;36.2
M74 W3.51953

G1 Z36.4
G1 X95.632 Y96.868 F10800
G1 Z36.2 F720
G1 E2.5 F2400
M204 P2500
;TYPE:Perimeter
;WIDTH:0.449999
G1 F900
G1 X95.632 Y83.132 E.46495
G1 X99.368 Y83.132 E.12646
G1 X99.368 Y96.868 E.46495
M73 Q63 S19
G1 X95.692 Y96.868 E.12443
M204 P2000
G1 X95.225 Y97.275 F10800
;TYPE:External perimeter
G1 F900
G1 X95.225 Y82.725 E.4925
G1 X99.775 Y82.725 E.15401
G1 X99.775 Y97.275 E.4925
M73 P63 R19
G1 X95.285 Y97.275 E.15198
G1 X95.226 Y96.879 F10800
G1 E-2.5 F4200
G1 Z36.4 F720
G1 X99.022 Y94.998 F10800
G1 Z36.2 F720
G1 E2.5 F2400
M204 P4000
;TYPE:Internal infill
;WIDTH:0.45
G1 F900
G1 X99.022 Y96.522 E.05159
G1 X98.825 Y96.522 E.00667
G1 X95.978 Y93.675 E.13628
G1 X95.978 Y93.233 E.01496
G1 X99.022 Y90.189 E.14571
G1 X99.022 Y89.811 E.01279
G1 X95.978 Y86.767 E.14571
G1 X95.978 Y86.325 E.01496
G1 X98.825 Y83.478 E.13628
G1 X97.295 Y83.478 E.05179
G1 X99.022 Y85.205 E.08267
G1 X99.022 Y85.584 E.01283
G1 X95.978 Y88.627 E.14569
G1 X95.978 Y89.07 E.015
G1 X99.022 Y92.114 E.14571
G1 X99.022 Y92.492 E.01279
G1 X95.978 Y95.536 E.14571
G1 X95.978 Y95.978 E.01496
G1 X96.522 Y96.522 E.02604
G1 X97.295 Y96.522 E.02617
G1 X99.022 Y94.795 E.08267
G1 X99.022 Y94.416 E.01283
G1 X95.978 Y91.373 E.14569
G1 X95.978 Y90.93 E.015
G1 X99.022 Y87.886 E.14571
G1 X99.022 Y87.508 E.01279
G1 X95.978 Y84.464 E.14571
G1 X95.978 Y84.022 E.01496
G1 X96.522 Y83.478 E.02604
G1 X95.978 Y83.478 E.01841
G1 X95.978 Y83.818 E.01151
M204 P2000
;LAYER_CHANGE
;Z:36.4
;HEIGHT:0.200001
;BEFORE_LAYER_CHANGE
G92 E0.0
;36.4
M201 X3991.87 Y3991.87

G1 E-2.5 F4200
G1 Z36.4 F720
;AFTER_LAYER_CHANGE
;36.4
M74 W3.53279

G1 Z36.6
G1 X95.632 Y96.868 F10800
G1 Z36.4 F720
G1 E2.5 F2400
M204 P2500
;TYPE:Perimeter
;WIDTH:0.449999
G1 F900
G1 X95.632 Y83.132 E.46495
G1 X99.368 Y83.132 E.12646
G1 X99.368 Y96.868 E.46495
G1 X95.692 Y96.868 E.12443
M204 P2000
G1 X95.225 Y97.275 F10800
;TYPE:External perimeter
G1 F900
G1 X95.225 Y82.725 E.4925
G1 X99.775 Y82.725 E.15401
G1 X99.775 Y97.275 E.4925
G1 X95.285 Y97.275 E.15198
G1 X95.226 Y96.879 F10800
G1 E-2.5 F4200
G1 Z36.6 F720
G1 X99.022 Y94.998 F10800
G1 Z36.4 F720
G1 E2.5 F2400
M204 P4000
;TYPE:Internal infill
;WIDTH:0.45
G1 F900
G1 X99.022 Y96.522 E.05159
G1 X98.825 Y96.522 E.00667
G1 X95.978 Y93.675 E.13628
G1 X95.978 Y93.233 E.01496
G1 X99.022 Y90.189 E.14571
G1 X99.022 Y89.811 E.01279
G1 X95.978 Y86.767 E.14571
G1 X95.978 Y86.325 E.01496
G1 X98.825 Y83.478 E.13628
G1 X97.295 Y83.478 E.05179
G1 X99.022 Y85.205 E.08267
G1 X99.022 Y85.584 E.01283
G1 X95.978 Y88.627 E.14569
G1 X95.978 Y89.07 E.015
G1 X99.022 Y92.114 E.14571
G1 X99.022 Y92.492 E.01279
G1 X95.978 Y95.536 E.14571
G1 X95.978 Y95.978 E.01496
M73 P63 R18
G1 X96.522 Y96.522 E.02604
G1 X97.295 Y96.522 E.02617
G1 X99.022 Y94.795 E.08267
G1 X99.022 Y94.416 E.01283
G1 X95.978 Y91.373 E.14569
G1 X95.978 Y90.93 E.015
G1 X99.022 Y87.886 E.14571
G1 X99.022 Y87.508 E.01279
G1 X95.978 Y84.464 E.14571
G1 X95.978 Y84.022 E.01496
G1 X96.522 Y83.478 E.02604
G1 X95.978 Y83.478 E.01841
G1 X95.978 Y83.818 E.01151
M204 P2000
;LAYER_CHANGE
;Z:36.6
;HEIGHT:0.199997
;BEFORE_LAYER_CHANGE
G92 E0.0
;36.6
M201 X3991.84 Y3991.84

G1 E-2.5 F4200
G1 Z36.6 F720
;AFTER_LAYER_CHANGE
;36.6
M74 W3.54605

G1 Z36.8
G1 X95.632 Y96.868 F10800
G1 Z36.6 F720
G1 E2.5 F2400
M204 P2500
;TYPE:Perimeter
;WIDTH:0.449999
G1 F900
G1 X95.632 Y83.132 E.46495
G1 X99.368 Y83.132 E.12646
G1 X99.368 Y96.868 E.46495
G1 X95.692 Y96.868 E.12443
M204 P2000
G1 X95.225 Y97.275 F10800
;TYPE:External perimeter
G1 F900
G1 X95.225 Y82.725 E.4925
G1 X99.775 Y82.725 E.15401
G1 X99.775 Y97.275 E.4925
G1 X95.285 Y97.275 E.15198
G1 X95.226 Y96.879 F10800
M73 Q63 S18
G1 E-2.5 F4200
G1 Z36.8 F720
G1 X99.022 Y94.998 F10800
G1 Z36.6 F720
G1 E2.5 F2400
M204 P4000
;TYPE:Internal infill
;WIDTH:0.45
G1 F900
G1 X99.022 Y96.522 E.05159
G1 X98.825 Y96.522 E.00667
G1 X95.978 Y93.675 E.13628
G1 X95.978 Y93.233 E.01496
G1 X99.022 Y90.189 E.14571
G1 X99.022 Y89.811 E.01279
G1 X95.978 Y86.767 E.14571
G1 X95.978 Y86.325 E.01496
G1 X98.825 Y83.478 E.13628
G1 X97.295 Y83.478 E.05179
G1 X99.022 Y85.205 E.08267
G1 X99.022 Y85.584 E.01283
G1 X95.978 Y88.627 E.14569
G1 X95.978 Y89.07 E.015
G1 X99.022 Y92.114 E.14571
G1 X99.022 Y92.492 E.01279
G1 X95.978 Y95.536 E.14571
G1 X95.978 Y95.978 E.01496
G1 X96.522 Y96.522 E.02604
G1 X97.295 Y96.522 E.02617
G1 X99.022 Y94.795 E.08267
G1 X99.022 Y94.416 E.01283
G1 X95.978 Y91.373 E.14569
G1 X95.978 Y90.93 E.015
G1 X99.022 Y87.886 E.14571
G1 X99.022 Y87.508 E.01279
G1 X95.978 Y84.464 E.14571
G1 X95.978 Y84.022 E.01496
G1 X96.522 Y83.478 E.02604
G1 X95.978 Y83.478 E.01841
G1 X95.978 Y83.818 E.01151
M204 P2000
;LAYER_CHANGE
;Z:36.8
;HEIGHT:0.200001
;BEFORE_LAYER_CHANGE
G92 E0.0
;36.8
M201 X3991.81 Y3991.81

G1 E-2.5 F4200
G1 Z36.8 F720
;AFTER_LAYER_CHANGE
;36.8
M74 W3.55932

G1 Z37
G1 X95.632 Y96.868 F10800
G1 Z36.8 F720
G1 E2.5 F2400
M204 P2500
;TYPE:Perimeter
;WIDTH:0.449999
G1 F900
G1 X95.632 Y83.132 E.46495
G1 X99.368 Y83.132 E.12646
G1 X99.368 Y96.868 E.46495
G1 X95.692 Y96.868 E.12443
M204 P2000
G1 X95.225 Y97.275 F10800
;TYPE:External perimeter
G1 F900
G1 X95.225 Y82.725 E.4925
G1 X99.775 Y82.725 E.15401
G1 X99.775 Y97.275 E.4925
G1 X95.285 Y97.275 E.15198
M73 Q64 S18
G1 X95.226 Y96.879 F10800
G1 E-2.5 F4200
G1 Z37 F720
G1 X99.022 Y94.998 F10800
G1 Z36.8 F720
G1 E2.5 F2400
M204 P4000
;TYPE:Internal infill
;WIDTH:0.45
G1 F900
G1 X99.022 Y96.522 E.05159
G1 X98.825 Y96.522 E.00667
G1 X95.978 Y93.675 E.13628
G1 X95.978 Y93.233 E.01496
G1 X99.022 Y90.189 E.14571
G1 X99.022 Y89.811 E.01279
G1 X95.978 Y86.767 E.14571
G1 X95.978 Y86.325 E.01496
M73 P64 R18
G1 X98.825 Y83.478 E.13628
G1 X97.295 Y83.478 E.05179
G1 X99.022 Y85.205 E.08267
G1 X99.022 Y85.584 E.01283
G1 X95.978 Y88.627 E.14569
G1 X95.978 Y89.07 E.015
G1 X99.022 Y92.114 E.14571
G1 X99.022 Y92.492 E.01279
G1 X95.978 Y95.536 E.14571
G1 X95.978 Y95.978 E.01496
G1 X96.522 Y96.522 E.02604
G1 X97.295 Y96.522 E.02617
G1 X99.022 Y94.795 E.08267
G1 X99.022 Y94.416 E.01283
G1 X95.978 Y91.373 E.14569
G1 X95.978 Y90.93 E.015
G1 X99.022 Y87.886 E.14571
G1 X99.022 Y87.508 E.01279
G1 X95.978 Y84.464 E.14571
G1 X95.978 Y84.022 E.01496
G1 X96.522 Y83.478 E.02604
G1 X95.978 Y83.478 E.01841
G1 X95.978 Y83.818 E.01151
M204 P2000
;LAYER_CHANGE
;Z:37
;HEIGHT:0.200001
;BEFORE_LAYER_CHANGE
G92 E0.0
;37
M201 X3991.78 Y3991.78

G1 E-2.5 F4200
G1 Z37 F720
;AFTER_LAYER_CHANGE
;37
M74 W3.57258

G1 Z37.2
G1 X95.632 Y96.868 F10800
G1 Z37 F720
G1 E2.5 F2400
M204 P2500
;TYPE:Perimeter
;WIDTH:0.449999
G1 F900
G1 X95.632 Y83.132 E.46495
G1 X99.368 Y83.132 E.12646
G1 X99.368 Y96.868 E.46495
G1 X95.692 Y96.868 E.12443
M204 P2000
G1 X95.225 Y97.275 F10800
;TYPE:External perimeter
G1 F900
G1 X95.225 Y82.725 E.4925
G1 X99.775 Y82.725 E.15401
G1 X99.775 Y97.275 E.4925
G1 X95.285 Y97.275 E.15198
G1 X95.226 Y96.879 F10800
G1 E-2.5 F4200
G1 Z37.2 F720
G1 X99.022 Y94.998 F10800
G1 Z37 F720
G1 E2.5 F2400
M204 P4000
;TYPE:Internal infill
;WIDTH:0.45
G1 F900
G1 X99.022 Y96.522 E.05159
G1 X98.825 Y96.522 E.00667
G1 X95.978 Y93.675 E.13628
G1 X95.978 Y93.233 E.01496
G1 X99.022 Y90.189 E.14571
G1 X99.022 Y89.811 E.01279
G1 X95.978 Y86.767 E.14571
G1 X95.978 Y86.325 E.01496
G1 X98.825 Y83.478 E.13628
G1 X97.295 Y83.478 E.05179
G1 X99.022 Y85.205 E.08267
G1 X99.022 Y85.584 E.01283
G1 X95.978 Y88.627 E.14569
G1 X95.978 Y89.07 E.015
G1 X99.022 Y92.114 E.14571
G1 X99.022 Y92.492 E.01279
G1 X95.978 Y95.536 E.14571
G1 X95.978 Y95.978 E.01496
G1 X96.522 Y96.522 E.02604
G1 X97.295 Y96.522 E.02617
G1 X99.022 Y94.795 E.08267
G1 X99.022 Y94.416 E.01283
G1 X95.978 Y91.373 E.14569
G1 X95.978 Y90.93 E.015
G1 X99.022 Y87.886 E.14571
G1 X99.022 Y87.508 E.01279
G1 X95.978 Y84.464 E.14571
G1 X95.978 Y84.022 E.01496
G1 X96.522 Y83.478 E.02604
G1 X95.978 Y83.478 E.01841
G1 X95.978 Y83.818 E.01151
M204 P2000
;LAYER_CHANGE
;Z:37.2
;HEIGHT:0.200001
;BEFORE_LAYER_CHANGE
G92 E0.0
;37.2
M201 X3991.75 Y3991.75

G1 E-2.5 F4200
G1 Z37.2 F720
;AFTER_LAYER_CHANGE
;37.2
M74 W3.58585

G1 Z37.4
G1 X95.632 Y96.868 F10800
G1 Z37.2 F720
G1 E2.5 F2400
M204 P2500
;TYPE:Perimeter
;WIDTH:0.449999
G1 F900
G1 X95.632 Y83.132 E.46495
G1 X99.368 Y83.132 E.12646
G1 X99.368 Y96.868 E.46495
G1 X95.692 Y96.868 E.12443
M204 P2000
G1 X95.225 Y97.275 F10800
;TYPE:External perimeter
G1 F900
G1 X95.225 Y82.725 E.4925
G1 X99.775 Y82.725 E.15401
G1 X99.775 Y97.275 E.4925
G1 X95.285 Y97.275 E.15198
G1 X95.226 Y96.879 F10800
G1 E-2.5 F4200
G1 Z37.4 F720
G1 X99.022 Y94.998 F10800
G1 Z37.2 F720
G1 E2.5 F2400
M204 P4000
;TYPE:Internal infill
;WIDTH:0.45
G1 F900
G1 X99.022 Y96.522 E.05159
G1 X98.825 Y96.522 E.00667
G1 X95.978 Y93.675 E.13628
G1 X95.978 Y93.233 E.01496
G1 X99.022 Y90.189 E.14571
G1 X99.022 Y89.811 E.01279
G1 X95.978 Y86.767 E.14571
G1 X95.978 Y86.325 E.01496
G1 X98.825 Y83.478 E.13628
G1 X97.295 Y83.478 E.05179
G1 X99.022 Y85.205 E.08267
G1 X99.022 Y85.584 E.01283
G1 X95.978 Y88.627 E.14569
G1 X95.978 Y89.07 E.015
G1 X99.022 Y92.114 E.14571
G1 X99.022 Y92.492 E.01279
G1 X95.978 Y95.536 E.14571
G1 X95.978 Y95.978 E.01496
G1 X96.522 Y96.522 E.02604
G1 X97.295 Y96.522 E.02617
G1 X99.022 Y94.795 E.08267
G1 X99.022 Y94.416 E.01283
G1 X95.978 Y91.373 E.14569
G1 X95.978 Y90.93 E.015
G1 X99.022 Y87.886 E.14571
G1 X99.022 Y87.508 E.01279
G1 X95.978 Y84.464 E.14571
G1 X95.978 Y84.022 E.01496
G1 X96.522 Y83.478 E.02604
G1 X95.978 Y83.478 E.01841
G1 X95.978 Y83.818 E.01151
M204 P2000
;LAYER_CHANGE
;Z:37.4
;HEIGHT:0.200001
;BEFORE_LAYER_CHANGE
G92 E0.0
;37.4
M201 X3991.72 Y3991.72

G1 E-2.5 F4200
G1 Z37.4 F720
;AFTER_LAYER_CHANGE
;37.4
M74 W3.59911

G1 Z37.6
G1 X95.632 Y96.868 F10800
G1 Z37.4 F720
G1 E2.5 F2400
M204 P2500
;TYPE:Perimeter
;WIDTH:0.449999
G1 F900
G1 X95.632 Y83.132 E.46495
G1 X99.368 Y83.132 E.12646
G1 X99.368 Y96.868 E.46495
G1 X95.692 Y96.868 E.12443
M204 P2000
G1 X95.225 Y97.275 F10800
;TYPE:External perimeter
G1 F900
G1 X95.225 Y82.725 E.4925
G1 X99.775 Y82.725 E.15401
G1 X99.775 Y97.275 E.4925
G1 X95.285 Y97.275 E.15198
G1 X95.226 Y96.879 F10800
G1 E-2.5 F4200
G1 Z37.6 F720
G1 X99.022 Y94.998 F10800
G1 Z37.4 F720
G1 E2.5 F2400
M204 P4000
;TYPE:Internal infill
;WIDTH:0.45
G1 F900
G1 X99.022 Y96.522 E.05159
G1 X98.825 Y96.522 E.00667
G1 X95.978 Y93.675 E.13628
G1 X95.978 Y93.233 E.01496
G1 X99.022 Y90.189 E.14571
G1 X99.022 Y89.811 E.01279
G1 X95.978 Y86.767 E.14571
G1 X95.978 Y86.325 E.01496
G1 X98.825 Y83.478 E.13628
G1 X97.295 Y83.478 E.05179
G1 X99.022 Y85.205 E.08267
G1 X99.022 Y85.584 E.01283
G1 X95.978 Y88.627 E.14569
G1 X95.978 Y89.07 E.015
M73 Q65 S18
G1 X99.022 Y92.114 E.14571
G1 X99.022 Y92.492 E.01279
G1 X95.978 Y95.536 E.14571
G1 X95.978 Y95.978 E.01496
G1 X96.522 Y96.522 E.02604
G1 X97.295 Y96.522 E.02617
G1 X99.022 Y94.795 E.08267
G1 X99.022 Y94.416 E.01283
G1 X95.978 Y91.373 E.14569
G1 X95.978 Y90.93 E.015
G1 X99.022 Y87.886 E.14571
G1 X99.022 Y87.508 E.01279
G1 X95.978 Y84.464 E.14571
G1 X95.978 Y84.022 E.01496
M73 P65 R18
G1 X96.522 Y83.478 E.02604
G1 X95.978 Y83.478 E.01841
G1 X95.978 Y83.818 E.01151
M204 P2000
;LAYER_CHANGE
;Z:37.6
;HEIGHT:0.199997
;BEFORE_LAYER_CHANGE
G92 E0.0
;37.6
M201 X3991.69 Y3991.69

G1 E-2.5 F4200
G1 Z37.6 F720
;AFTER_LAYER_CHANGE
;37.6
M74 W3.61238

G1 Z37.8
G1 X95.632 Y96.868 F10800
G1 Z37.6 F720
G1 E2.5 F2400
M204 P2500
;TYPE:Perimeter
;WIDTH:0.449999
G1 F900
G1 X95.632 Y83.132 E.46495
G1 X99.368 Y83.132 E.12646
G1 X99.368 Y96.868 E.46495
G1 X95.692 Y96.868 E.12443
M204 P2000
G1 X95.225 Y97.275 F10800
;TYPE:External perimeter
G1 F900
G1 X95.225 Y82.725 E.4925
G1 X99.775 Y82.725 E.15401
G1 X99.775 Y97.275 E.4925
G1 X95.285 Y97.275 E.15198
G1 X95.226 Y96.879 F10800
G1 E-2.5 F4200
G1 Z37.8 F720
G1 X99.022 Y94.998 F10800
G1 Z37.6 F720
G1 E2.5 F2400
M204 P4000
;TYPE:Internal infill
;WIDTH:0.45
G1 F900
G1 X99.022 Y96.522 E.05159
G1 X98.825 Y96.522 E.00667
G1 X95.978 Y93.675 E.13628
G1 X95.978 Y93.233 E.01496
G1 X99.022 Y90.189 E.14571
G1 X99.022 Y89.811 E.01279
G1 X95.978 Y86.767 E.14571
G1 X95.978 Y86.325 E.01496
G1 X98.825 Y83.478 E.13628
G1 X97.295 Y83.478 E.05179
G1 X99.022 Y85.205 E.08267
G1 X99.022 Y85.584 E.01283
G1 X95.978 Y88.627 E.14569
G1 X95.978 Y89.07 E.015
G1 X99.022 Y92.114 E.14571
G1 X99.022 Y92.492 E.01279
G1 X95.978 Y95.536 E.14571
G1 X95.978 Y95.978 E.01496
G1 X96.522 Y96.522 E.02604
G1 X97.295 Y96.522 E.02617
G1 X99.022 Y94.795 E.08267
G1 X99.022 Y94.416 E.01283
G1 X95.978 Y91.373 E.14569
G1 X95.978 Y90.93 E.015
G1 X99.022 Y87.886 E.14571
G1 X99.022 Y87.508 E.01279
G1 X95.978 Y84.464 E.14571
G1 X95.978 Y84.022 E.01496
G1 X96.522 Y83.478 E.02604
G1 X95.978 Y83.478 E.01841
G1 X95.978 Y83.818 E.01151
M204 P2000
;LAYER_CHANGE
;Z:37.8
;HEIGHT:0.200001
;BEFORE_LAYER_CHANGE
G92 E0.0
;37.8
M201 X3991.66 Y3991.66

G1 E-2.5 F4200
G1 Z37.8 F720
;AFTER_LAYER_CHANGE
;37.8
M74 W3.62564

G1 Z38
G1 X95.632 Y96.868 F10800
G1 Z37.8 F720
G1 E2.5 F2400
M204 P2500
;TYPE:Perimeter
;WIDTH:0.449999
G1 F900
G1 X95.632 Y83.132 E.46495
G1 X99.368 Y83.132 E.12646
G1 X99.368 Y96.868 E.46495
G1 X95.692 Y96.868 E.12443
M73 P65 R17
M204 P2000
G1 X95.225 Y97.275 F10800
;TYPE:External perimeter
G1 F900
G1 X95.225 Y82.725 E.4925
G1 X99.775 Y82.725 E.15401
G1 X99.775 Y97.275 E.4925
G1 X95.285 Y97.275 E.15198
G1 X95.226 Y96.879 F10800
G1 E-2.5 F4200
G1 Z38 F720
G1 X99.022 Y94.998 F10800
G1 Z37.8 F720
G1 E2.5 F2400
M204 P4000
;TYPE:Internal infill
;WIDTH:0.45
G1 F900
G1 X99.022 Y96.522 E.05159
G1 X98.825 Y96.522 E.00667
G1 X95.978 Y93.675 E.13628
G1 X95.978 Y93.233 E.01496
G1 X99.022 Y90.189 E.14571
G1 X99.022 Y89.811 E.01279
G1 X95.978 Y86.767 E.14571
G1 X95.978 Y86.325 E.01496
G1 X98.825 Y83.478 E.13628
G1 X97.295 Y83.478 E.05179
G1 X99.022 Y85.205 E.08267
G1 X99.022 Y85.584 E.01283
G1 X95.978 Y88.627 E.14569
G1 X95.978 Y89.07 E.015
G1 X99.022 Y92.114 E.14571
G1 X99.022 Y92.492 E.01279
G1 X95.978 Y95.536 E.14571
G1 X95.978 Y95.978 E.01496
G1 X96.522 Y96.522 E.02604
G1 X97.295 Y96.522 E.02617
G1 X99.022 Y94.795 E.08267
M73 Q65 S17
G1 X99.022 Y94.416 E.01283
G1 X95.978 Y91.373 E.14569
G1 X95.978 Y90.93 E.015
G1 X99.022 Y87.886 E.14571
G1 X99.022 Y87.508 E.01279
G1 X95.978 Y84.464 E.14571
G1 X95.978 Y84.022 E.01496
G1 X96.522 Y83.478 E.02604
G1 X95.978 Y83.478 E.01841
G1 X95.978 Y83.818 E.01151
M204 P2000
;LAYER_CHANGE
;Z:38
;HEIGHT:0.200001
;BEFORE_LAYER_CHANGE
G92 E0.0
;38
M201 X3991.63 Y3991.63

G1 E-2.5 F4200
G1 Z38 F720
;AFTER_LAYER_CHANGE
;38
M74 W3.63891

G1 Z38.2
G1 X95.632 Y96.868 F10800
G1 Z38 F720
G1 E2.5 F2400
M204 P2500
;TYPE:Perimeter
;WIDTH:0.449999
G1 F900
G1 X95.632 Y83.132 E.46495
G1 X99.368 Y83.132 E.12646
G1 X99.368 Y96.868 E.46495
G1 X95.692 Y96.868 E.12443
M204 P2000
G1 X95.225 Y97.275 F10800
;TYPE:External perimeter
G1 F900
G1 X95.225 Y82.725 E.4925
G1 X99.775 Y82.725 E.15401
G1 X99.775 Y97.275 E.4925
G1 X95.285 Y97.275 E.15198
G1 X95.226 Y96.879 F10800
G1 E-2.5 F4200
G1 Z38.2 F720
G1 X99.022 Y94.998 F10800
G1 Z38 F720
G1 E2.5 F2400
M204 P4000
;TYPE:Internal infill
;WIDTH:0.45
G1 F900
G1 X99.022 Y96.522 E.05159
G1 X98.825 Y96.522 E.00667
G1 X95.978 Y93.675 E.13628
G1 X95.978 Y93.233 E.01496
G1 X99.022 Y90.189 E.14571
G1 X99.022 Y89.811 E.01279
G1 X95.978 Y86.767 E.14571
G1 X95.978 Y86.325 E.01496
G1 X98.825 Y83.478 E.13628
G1 X97.295 Y83.478 E.05179
G1 X99.022 Y85.205 E.08267
G1 X99.022 Y85.584 E.01283
G1 X95.978 Y88.627 E.14569
G1 X95.978 Y89.07 E.015
G1 X99.022 Y92.114 E.14571
G1 X99.022 Y92.492 E.01279
G1 X95.978 Y95.536 E.14571
G1 X95.978 Y95.978 E.01496
G1 X96.522 Y96.522 E.02604
G1 X97.295 Y96.522 E.02617
G1 X99.022 Y94.795 E.08267
G1 X99.022 Y94.416 E.01283
G1 X95.978 Y91.373 E.14569
G1 X95.978 Y90.93 E.015
G1 X99.022 Y87.886 E.14571
G1 X99.022 Y87.508 E.01279
G1 X95.978 Y84.464 E.14571
G1 X95.978 Y84.022 E.01496
G1 X96.522 Y83.478 E.02604
G1 X95.978 Y83.478 E.01841
G1 X95.978 Y83.818 E.01151
M204 P2000
;LAYER_CHANGE
;Z:38.2
;HEIGHT:0.200001
;BEFORE_LAYER_CHANGE
G92 E0.0
;38.2
M201 X3991.6 Y3991.6

G1 E-2.5 F4200
G1 Z38.2 F720
;AFTER_LAYER_CHANGE
;38.2
M74 W3.65217

G1 Z38.4
G1 X95.632 Y96.868 F10800
G1 Z38.2 F720
G1 E2.5 F2400
M204 P2500
;TYPE:Perimeter
;WIDTH:0.449999
G1 F900
G1 X95.632 Y83.132 E.46495
G1 X99.368 Y83.132 E.12646
M73 Q66 S17
G1 X99.368 Y96.868 E.46495
G1 X95.692 Y96.868 E.12443
M204 P2000
G1 X95.225 Y97.275 F10800
M73 P66 R17
;TYPE:External perimeter
G1 F900
G1 X95.225 Y82.725 E.4925
G1 X99.775 Y82.725 E.15401
G1 X99.775 Y97.275 E.4925
G1 X95.285 Y97.275 E.15198
G1 X95.226 Y96.879 F10800
G1 E-2.5 F4200
G1 Z38.4 F720
G1 X99.022 Y94.998 F10800
G1 Z38.2 F720
G1 E2.5 F2400
M204 P4000
;TYPE:Internal infill
;WIDTH:0.45
G1 F900
G1 X99.022 Y96.522 E.05159
G1 X98.825 Y96.522 E.00667
G1 X95.978 Y93.675 E.13628
G1 X95.978 Y93.233 E.01496
G1 X99.022 Y90.189 E.14571
G1 X99.022 Y89.811 E.01279
G1 X95.978 Y86.767 E.14571
G1 X95.978 Y86.325 E.01496
G1 X98.825 Y83.478 E.13628
G1 X97.295 Y83.478 E.05179
G1 X99.022 Y85.205 E.08267
G1 X99.022 Y85.584 E.01283
G1 X95.978 Y88.627 E.14569
G1 X95.978 Y89.07 E.015
G1 X99.022 Y92.114 E.14571
G1 X99.022 Y92.492 E.01279
G1 X95.978 Y95.536 E.14571
G1 X95.978 Y95.978 E.01496
G1 X96.522 Y96.522 E.02604
G1 X97.295 Y96.522 E.02617
G1 X99.022 Y94.795 E.08267
G1 X99.022 Y94.416 E.01283
G1 X95.978 Y91.373 E.14569
G1 X95.978 Y90.93 E.015
G1 X99.022 Y87.886 E.14571
G1 X99.022 Y87.508 E.01279
G1 X95.978 Y84.464 E.14571
G1 X95.978 Y84.022 E.01496
G1 X96.522 Y83.478 E.02604
G1 X95.978 Y83.478 E.01841
G1 X95.978 Y83.818 E.01151
M204 P2000
;LAYER_CHANGE
;Z:38.4
;HEIGHT:0.200001
;BEFORE_LAYER_CHANGE
G92 E0.0
;38.4
M201 X3991.57 Y3991.57

G1 E-2.5 F4200
G1 Z38.4 F720
;AFTER_LAYER_CHANGE
;38.4
M74 W3.66544

G1 Z38.6
G1 X95.632 Y96.868 F10800
G1 Z38.4 F720
G1 E2.5 F2400
M204 P2500
;TYPE:Perimeter
;WIDTH:0.449999
G1 F900
G1 X95.632 Y83.132 E.46495
G1 X99.368 Y83.132 E.12646
G1 X99.368 Y96.868 E.46495
G1 X95.692 Y96.868 E.12443
M204 P2000
G1 X95.225 Y97.275 F10800
;TYPE:External perimeter
G1 F900
G1 X95.225 Y82.725 E.4925
G1 X99.775 Y82.725 E.15401
G1 X99.775 Y97.275 E.4925
G1 X95.285 Y97.275 E.15198
G1 X95.226 Y96.879 F10800
G1 E-2.5 F4200
G1 Z38.6 F720
G1 X99.022 Y94.998 F10800
G1 Z38.4 F720
G1 E2.5 F2400
M204 P4000
;TYPE:Internal infill
;WIDTH:0.45
G1 F900
G1 X99.022 Y96.522 E.05159
G1 X98.825 Y96.522 E.00667
G1 X95.978 Y93.675 E.13628
G1 X95.978 Y93.233 E.01496
G1 X99.022 Y90.189 E.14571
G1 X99.022 Y89.811 E.01279
G1 X95.978 Y86.767 E.14571
G1 X95.978 Y86.325 E.01496
G1 X98.825 Y83.478 E.13628
G1 X97.295 Y83.478 E.05179
G1 X99.022 Y85.205 E.08267
G1 X99.022 Y85.584 E.01283
G1 X95.978 Y88.627 E.14569
G1 X95.978 Y89.07 E.015
G1 X99.022 Y92.114 E.14571
G1 X99.022 Y92.492 E.01279
G1 X95.978 Y95.536 E.14571
G1 X95.978 Y95.978 E.01496
G1 X96.522 Y96.522 E.02604
G1 X97.295 Y96.522 E.02617
G1 X99.022 Y94.795 E.08267
G1 X99.022 Y94.416 E.01283
G1 X95.978 Y91.373 E.14569
G1 X95.978 Y90.93 E.015
G1 X99.022 Y87.886 E.14571
G1 X99.022 Y87.508 E.01279
G1 X95.978 Y84.464 E.14571
G1 X95.978 Y84.022 E.01496
G1 X96.522 Y83.478 E.02604
G1 X95.978 Y83.478 E.01841
G1 X95.978 Y83.818 E.01151
M204 P2000
;LAYER_CHANGE
;Z:38.6
;HEIGHT:0.199997
;BEFORE_LAYER_CHANGE
G92 E0.0
;38.6
M201 X3991.54 Y3991.54

G1 E-2.5 F4200
G1 Z38.6 F720
;AFTER_LAYER_CHANGE
;38.6
M74 W3.6787

G1 Z38.8
G1 X95.632 Y96.868 F10800
G1 Z38.6 F720
G1 E2.5 F2400
M204 P2500
;TYPE:Perimeter
;WIDTH:0.449999
G1 F900
G1 X95.632 Y83.132 E.46495
G1 X99.368 Y83.132 E.12646
G1 X99.368 Y96.868 E.46495
G1 X95.692 Y96.868 E.12443
M204 P2000
G1 X95.225 Y97.275 F10800
;TYPE:External perimeter
G1 F900
G1 X95.225 Y82.725 E.4925
G1 X99.775 Y82.725 E.15401
G1 X99.775 Y97.275 E.4925
G1 X95.285 Y97.275 E.15198
G1 X95.226 Y96.879 F10800
G1 E-2.5 F4200
G1 Z38.8 F720
G1 X99.022 Y94.998 F10800
G1 Z38.6 F720
G1 E2.5 F2400
M204 P4000
;TYPE:Internal infill
;WIDTH:0.45
G1 F900
G1 X99.022 Y96.522 E.05159
G1 X98.825 Y96.522 E.00667
G1 X95.978 Y93.675 E.13628
G1 X95.978 Y93.233 E.01496
G1 X99.022 Y90.189 E.14571
G1 X99.022 Y89.811 E.01279
G1 X95.978 Y86.767 E.14571
G1 X95.978 Y86.325 E.01496
G1 X98.825 Y83.478 E.13628
G1 X97.295 Y83.478 E.05179
G1 X99.022 Y85.205 E.08267
G1 X99.022 Y85.584 E.01283
G1 X95.978 Y88.627 E.14569
G1 X95.978 Y89.07 E.015
G1 X99.022 Y92.114 E.14571
G1 X99.022 Y92.492 E.01279
G1 X95.978 Y95.536 E.14571
G1 X95.978 Y95.978 E.01496
G1 X96.522 Y96.522 E.02604
G1 X97.295 Y96.522 E.02617
G1 X99.022 Y94.795 E.08267
G1 X99.022 Y94.416 E.01283
G1 X95.978 Y91.373 E.14569
G1 X95.978 Y90.93 E.015
G1 X99.022 Y87.886 E.14571
G1 X99.022 Y87.508 E.01279
G1 X95.978 Y84.464 E.14571
G1 X95.978 Y84.022 E.01496
G1 X96.522 Y83.478 E.02604
G1 X95.978 Y83.478 E.01841
G1 X95.978 Y83.818 E.01151
M204 P2000
;LAYER_CHANGE
;Z:38.8
;HEIGHT:0.200001
;BEFORE_LAYER_CHANGE
G92 E0.0
;38.8
M201 X3991.51 Y3991.51

G1 E-2.5 F4200
G1 Z38.8 F720
;AFTER_LAYER_CHANGE
;38.8
M74 W3.69197

G1 Z39
G1 X95.632 Y96.868 F10800
G1 Z38.8 F720
G1 E2.5 F2400
M204 P2500
;TYPE:Perimeter
;WIDTH:0.449999
G1 F900
G1 X95.632 Y83.132 E.46495
G1 X99.368 Y83.132 E.12646
G1 X99.368 Y96.868 E.46495
G1 X95.692 Y96.868 E.12443
M204 P2000
G1 X95.225 Y97.275 F10800
;TYPE:External perimeter
G1 F900
G1 X95.225 Y82.725 E.4925
G1 X99.775 Y82.725 E.15401
M73 Q67 S17
G1 X99.775 Y97.275 E.4925
G1 X95.285 Y97.275 E.15198
G1 X95.226 Y96.879 F10800
G1 E-2.5 F4200
G1 Z39 F720
G1 X99.022 Y94.998 F10800
G1 Z38.8 F720
G1 E2.5 F2400
M204 P4000
;TYPE:Internal infill
;WIDTH:0.45
G1 F900
M73 P67 R17
G1 X99.022 Y96.522 E.05159
G1 X98.825 Y96.522 E.00667
G1 X95.978 Y93.675 E.13628
G1 X95.978 Y93.233 E.01496
G1 X99.022 Y90.189 E.14571
G1 X99.022 Y89.811 E.01279
G1 X95.978 Y86.767 E.14571
G1 X95.978 Y86.325 E.01496
G1 X98.825 Y83.478 E.13628
G1 X97.295 Y83.478 E.05179
G1 X99.022 Y85.205 E.08267
G1 X99.022 Y85.584 E.01283
G1 X95.978 Y88.627 E.14569
G1 X95.978 Y89.07 E.015
G1 X99.022 Y92.114 E.14571
G1 X99.022 Y92.492 E.01279
G1 X95.978 Y95.536 E.14571
G1 X95.978 Y95.978 E.01496
G1 X96.522 Y96.522 E.02604
G1 X97.295 Y96.522 E.02617
G1 X99.022 Y94.795 E.08267
G1 X99.022 Y94.416 E.01283
G1 X95.978 Y91.373 E.14569
G1 X95.978 Y90.93 E.015
G1 X99.022 Y87.886 E.14571
G1 X99.022 Y87.508 E.01279
G1 X95.978 Y84.464 E.14571
G1 X95.978 Y84.022 E.01496
G1 X96.522 Y83.478 E.02604
G1 X95.978 Y83.478 E.01841
G1 X95.978 Y83.818 E.01151
M204 P2000
;LAYER_CHANGE
;Z:39
;HEIGHT:0.200001
;BEFORE_LAYER_CHANGE
G92 E0.0
;39
M201 X3991.48 Y3991.48

G1 E-2.5 F4200
G1 Z39 F720
;AFTER_LAYER_CHANGE
;39
M74 W3.70523

G1 Z39.2
G1 X95.632 Y96.868 F10800
G1 Z39 F720
G1 E2.5 F2400
M204 P2500
;TYPE:Perimeter
;WIDTH:0.449999
G1 F900
G1 X95.632 Y83.132 E.46495
G1 X99.368 Y83.132 E.12646
G1 X99.368 Y96.868 E.46495
G1 X95.692 Y96.868 E.12443
M204 P2000
G1 X95.225 Y97.275 F10800
;TYPE:External perimeter
G1 F900
G1 X95.225 Y82.725 E.4925
G1 X99.775 Y82.725 E.15401
G1 X99.775 Y97.275 E.4925
G1 X95.285 Y97.275 E.15198
G1 X95.226 Y96.879 F10800
M73 P67 R16
G1 E-2.5 F4200
G1 Z39.2 F720
G1 X99.022 Y94.998 F10800
G1 Z39 F720
G1 E2.5 F2400
M204 P4000
;TYPE:Internal infill
;WIDTH:0.45
G1 F900
G1 X99.022 Y96.522 E.05159
G1 X98.825 Y96.522 E.00667
G1 X95.978 Y93.675 E.13628
G1 X95.978 Y93.233 E.01496
G1 X99.022 Y90.189 E.14571
G1 X99.022 Y89.811 E.01279
G1 X95.978 Y86.767 E.14571
G1 X95.978 Y86.325 E.01496
G1 X98.825 Y83.478 E.13628
G1 X97.295 Y83.478 E.05179
G1 X99.022 Y85.205 E.08267
G1 X99.022 Y85.584 E.01283
G1 X95.978 Y88.627 E.14569
G1 X95.978 Y89.07 E.015
G1 X99.022 Y92.114 E.14571
G1 X99.022 Y92.492 E.01279
G1 X95.978 Y95.536 E.14571
G1 X95.978 Y95.978 E.01496
G1 X96.522 Y96.522 E.02604
G1 X97.295 Y96.522 E.02617
G1 X99.022 Y94.795 E.08267
G1 X99.022 Y94.416 E.01283
G1 X95.978 Y91.373 E.14569
G1 X95.978 Y90.93 E.015
G1 X99.022 Y87.886 E.14571
G1 X99.022 Y87.508 E.01279
G1 X95.978 Y84.464 E.14571
G1 X95.978 Y84.022 E.01496
G1 X96.522 Y83.478 E.02604
G1 X95.978 Y83.478 E.01841
G1 X95.978 Y83.818 E.01151
M204 P2000
;LAYER_CHANGE
;Z:39.2
;HEIGHT:0.200001
;BEFORE_LAYER_CHANGE
G92 E0.0
;39.2
M201 X3991.45 Y3991.45

G1 E-2.5 F4200
G1 Z39.2 F720
;AFTER_LAYER_CHANGE
;39.2
M74 W3.71849

G1 Z39.4
G1 X95.632 Y96.868 F10800
G1 Z39.2 F720
G1 E2.5 F2400
M204 P2500
;TYPE:Perimeter
;WIDTH:0.449999
G1 F900
G1 X95.632 Y83.132 E.46495
G1 X99.368 Y83.132 E.12646
G1 X99.368 Y96.868 E.46495
G1 X95.692 Y96.868 E.12443
M73 Q67 S16
M204 P2000
G1 X95.225 Y97.275 F10800
;TYPE:External perimeter
G1 F900
G1 X95.225 Y82.725 E.4925
G1 X99.775 Y82.725 E.15401
G1 X99.775 Y97.275 E.4925
G1 X95.285 Y97.275 E.15198
G1 X95.226 Y96.879 F10800
G1 E-2.5 F4200
G1 Z39.4 F720
G1 X99.022 Y94.998 F10800
G1 Z39.2 F720
G1 E2.5 F2400
M204 P4000
;TYPE:Internal infill
;WIDTH:0.45
G1 F900
G1 X99.022 Y96.522 E.05159
G1 X98.825 Y96.522 E.00667
G1 X95.978 Y93.675 E.13628
G1 X95.978 Y93.233 E.01496
G1 X99.022 Y90.189 E.14571
G1 X99.022 Y89.811 E.01279
G1 X95.978 Y86.767 E.14571
G1 X95.978 Y86.325 E.01496
G1 X98.825 Y83.478 E.13628
G1 X97.295 Y83.478 E.05179
G1 X99.022 Y85.205 E.08267
G1 X99.022 Y85.584 E.01283
G1 X95.978 Y88.627 E.14569
G1 X95.978 Y89.07 E.015
G1 X99.022 Y92.114 E.14571
G1 X99.022 Y92.492 E.01279
G1 X95.978 Y95.536 E.14571
G1 X95.978 Y95.978 E.01496
G1 X96.522 Y96.522 E.02604
G1 X97.295 Y96.522 E.02617
G1 X99.022 Y94.795 E.08267
G1 X99.022 Y94.416 E.01283
G1 X95.978 Y91.373 E.14569
G1 X95.978 Y90.93 E.015
G1 X99.022 Y87.886 E.14571
G1 X99.022 Y87.508 E.01279
G1 X95.978 Y84.464 E.14571
G1 X95.978 Y84.022 E.01496
G1 X96.522 Y83.478 E.02604
G1 X95.978 Y83.478 E.01841
G1 X95.978 Y83.818 E.01151
M204 P2000
;LAYER_CHANGE
;Z:39.4
;HEIGHT:0.200001
;BEFORE_LAYER_CHANGE
G92 E0.0
;39.4
M201 X3991.42 Y3991.42

G1 E-2.5 F4200
G1 Z39.4 F720
;AFTER_LAYER_CHANGE
;39.4
M74 W3.73176

G1 Z39.6
G1 X95.632 Y96.868 F10800
G1 Z39.4 F720
G1 E2.5 F2400
M204 P2500
;TYPE:Perimeter
;WIDTH:0.449999
G1 F900
G1 X95.632 Y83.132 E.46495
G1 X99.368 Y83.132 E.12646
G1 X99.368 Y96.868 E.46495
G1 X95.692 Y96.868 E.12443
M204 P2000
G1 X95.225 Y97.275 F10800
;TYPE:External perimeter
G1 F900
G1 X95.225 Y82.725 E.4925
G1 X99.775 Y82.725 E.15401
G1 X99.775 Y97.275 E.4925
G1 X95.285 Y97.275 E.15198
G1 X95.226 Y96.879 F10800
G1 E-2.5 F4200
G1 Z39.6 F720
G1 X99.022 Y94.998 F10800
G1 Z39.4 F720
G1 E2.5 F2400
M204 P4000
;TYPE:Internal infill
;WIDTH:0.45
G1 F900
G1 X99.022 Y96.522 E.05159
G1 X98.825 Y96.522 E.00667
G1 X95.978 Y93.675 E.13628
G1 X95.978 Y93.233 E.01496
G1 X99.022 Y90.189 E.14571
G1 X99.022 Y89.811 E.01279
G1 X95.978 Y86.767 E.14571
G1 X95.978 Y86.325 E.01496
M73 Q68 S16
G1 X98.825 Y83.478 E.13628
G1 X97.295 Y83.478 E.05179
G1 X99.022 Y85.205 E.08267
G1 X99.022 Y85.584 E.01283
G1 X95.978 Y88.627 E.14569
G1 X95.978 Y89.07 E.015
G1 X99.022 Y92.114 E.14571
G1 X99.022 Y92.492 E.01279
G1 X95.978 Y95.536 E.14571
G1 X95.978 Y95.978 E.01496
G1 X96.522 Y96.522 E.02604
G1 X97.295 Y96.522 E.02617
G1 X99.022 Y94.795 E.08267
G1 X99.022 Y94.416 E.01283
M73 P68 R16
G1 X95.978 Y91.373 E.14569
G1 X95.978 Y90.93 E.015
G1 X99.022 Y87.886 E.14571
G1 X99.022 Y87.508 E.01279
G1 X95.978 Y84.464 E.14571
G1 X95.978 Y84.022 E.01496
G1 X96.522 Y83.478 E.02604
G1 X95.978 Y83.478 E.01841
G1 X95.978 Y83.818 E.01151
M204 P2000
;LAYER_CHANGE
;Z:39.6
;HEIGHT:0.199997
;BEFORE_LAYER_CHANGE
G92 E0.0
;39.6
M201 X3991.39 Y3991.39

G1 E-2.5 F4200
G1 Z39.6 F720
;AFTER_LAYER_CHANGE
;39.6
M74 W3.74502

G1 Z39.8
G1 X95.632 Y96.868 F10800
G1 Z39.6 F720
G1 E2.5 F2400
M204 P2500
;TYPE:Perimeter
;WIDTH:0.449999
G1 F900
G1 X95.632 Y83.132 E.46495
G1 X99.368 Y83.132 E.12646
G1 X99.368 Y96.868 E.46495
G1 X95.692 Y96.868 E.12443
M204 P2000
G1 X95.225 Y97.275 F10800
;TYPE:External perimeter
G1 F900
G1 X95.225 Y82.725 E.4925
G1 X99.775 Y82.725 E.15401
G1 X99.775 Y97.275 E.4925
G1 X95.285 Y97.275 E.15198
G1 X95.226 Y96.879 F10800
G1 E-2.5 F4200
G1 Z39.8 F720
G1 X99.022 Y94.998 F10800
G1 Z39.6 F720
G1 E2.5 F2400
M204 P4000
;TYPE:Internal infill
;WIDTH:0.45
G1 F900
G1 X99.022 Y96.522 E.05159
G1 X98.825 Y96.522 E.00667
G1 X95.978 Y93.675 E.13628
G1 X95.978 Y93.233 E.01496
G1 X99.022 Y90.189 E.14571
G1 X99.022 Y89.811 E.01279
G1 X95.978 Y86.767 E.14571
G1 X95.978 Y86.325 E.01496
G1 X98.825 Y83.478 E.13628
G1 X97.295 Y83.478 E.05179
G1 X99.022 Y85.205 E.08267
G1 X99.022 Y85.584 E.01283
G1 X95.978 Y88.627 E.14569
G1 X95.978 Y89.07 E.015
G1 X99.022 Y92.114 E.14571
G1 X99.022 Y92.492 E.01279
G1 X95.978 Y95.536 E.14571
G1 X95.978 Y95.978 E.01496
G1 X96.522 Y96.522 E.02604
G1 X97.295 Y96.522 E.02617
G1 X99.022 Y94.795 E.08267
G1 X99.022 Y94.416 E.01283
G1 X95.978 Y91.373 E.14569
G1 X95.978 Y90.93 E.015
G1 X99.022 Y87.886 E.14571
G1 X99.022 Y87.508 E.01279
G1 X95.978 Y84.464 E.14571
G1 X95.978 Y84.022 E.01496
G1 X96.522 Y83.478 E.02604
G1 X95.978 Y83.478 E.01841
G1 X95.978 Y83.818 E.01151
M204 P2000
;LAYER_CHANGE
;Z:39.8
;HEIGHT:0.200001
;BEFORE_LAYER_CHANGE
G92 E0.0
;39.8
M201 X3991.36 Y3991.36

G1 E-2.5 F4200
G1 Z39.8 F720
;AFTER_LAYER_CHANGE
;39.8
M74 W3.75829

G1 Z40
G1 X95.632 Y96.868 F10800
G1 Z39.8 F720
G1 E2.5 F2400
M204 P2500
;TYPE:Perimeter
;WIDTH:0.449999
G1 F900
G1 X95.632 Y83.132 E.46495
G1 X99.368 Y83.132 E.12646
G1 X99.368 Y96.868 E.46495
G1 X95.692 Y96.868 E.12443
M204 P2000
G1 X95.225 Y97.275 F10800
;TYPE:External perimeter
G1 F900
G1 X95.225 Y82.725 E.4925
G1 X99.775 Y82.725 E.15401
G1 X99.775 Y97.275 E.4925
G1 X95.285 Y97.275 E.15198
G1 X95.226 Y96.879 F10800
G1 E-2.5 F4200
G1 Z40 F720
G1 X99.022 Y94.998 F10800
G1 Z39.8 F720
G1 E2.5 F2400
M204 P4000
;TYPE:Internal infill
;WIDTH:0.45
G1 F900
G1 X99.022 Y96.522 E.05159
G1 X98.825 Y96.522 E.00667
G1 X95.978 Y93.675 E.13628
G1 X95.978 Y93.233 E.01496
G1 X99.022 Y90.189 E.14571
G1 X99.022 Y89.811 E.01279
G1 X95.978 Y86.767 E.14571
G1 X95.978 Y86.325 E.01496
G1 X98.825 Y83.478 E.13628
G1 X97.295 Y83.478 E.05179
G1 X99.022 Y85.205 E.08267
G1 X99.022 Y85.584 E.01283
G1 X95.978 Y88.627 E.14569
G1 X95.978 Y89.07 E.015
G1 X99.022 Y92.114 E.14571
G1 X99.022 Y92.492 E.01279
G1 X95.978 Y95.536 E.14571
G1 X95.978 Y95.978 E.01496
G1 X96.522 Y96.522 E.02604
G1 X97.295 Y96.522 E.02617
G1 X99.022 Y94.795 E.08267
G1 X99.022 Y94.416 E.01283
G1 X95.978 Y91.373 E.14569
G1 X95.978 Y90.93 E.015
G1 X99.022 Y87.886 E.14571
G1 X99.022 Y87.508 E.01279
G1 X95.978 Y84.464 E.14571
G1 X95.978 Y84.022 E.01496
G1 X96.522 Y83.478 E.02604
G1 X95.978 Y83.478 E.01841
G1 X95.978 Y83.818 E.01151
M204 P2000
;LAYER_CHANGE
;Z:40
;HEIGHT:0.200001
;BEFORE_LAYER_CHANGE
G92 E0.0
;40
M201 X3991.33 Y3991.33

G1 E-2.5 F4200
G1 Z40 F720
;AFTER_LAYER_CHANGE
;40
M74 W3.77155

G1 Z40.2
G1 X95.632 Y96.868 F10800
G1 Z40 F720
G1 E2.5 F2400
M204 P2500
;TYPE:Perimeter
;WIDTH:0.449999
G1 F900
G1 X95.632 Y83.132 E.46495
G1 X99.368 Y83.132 E.12646
G1 X99.368 Y96.868 E.46495
G1 X95.692 Y96.868 E.12443
M204 P2000
G1 X95.225 Y97.275 F10800
;TYPE:External perimeter
G1 F900
G1 X95.225 Y82.725 E.4925
G1 X99.775 Y82.725 E.15401
G1 X99.775 Y97.275 E.4925
G1 X95.285 Y97.275 E.15198
G1 X95.226 Y96.879 F10800
G1 E-2.5 F4200
G1 Z40.2 F720
G1 X99.022 Y94.998 F10800
G1 Z40 F720
G1 E2.5 F2400
M204 P4000
;TYPE:Internal infill
;WIDTH:0.45
G1 F900
G1 X99.022 Y96.522 E.05159
G1 X98.825 Y96.522 E.00667
G1 X95.978 Y93.675 E.13628
G1 X95.978 Y93.233 E.01496
G1 X99.022 Y90.189 E.14571
G1 X99.022 Y89.811 E.01279
G1 X95.978 Y86.767 E.14571
G1 X95.978 Y86.325 E.01496
G1 X98.825 Y83.478 E.13628
G1 X97.295 Y83.478 E.05179
G1 X99.022 Y85.205 E.08267
G1 X99.022 Y85.584 E.01283
G1 X95.978 Y88.627 E.14569
G1 X95.978 Y89.07 E.015
G1 X99.022 Y92.114 E.14571
G1 X99.022 Y92.492 E.01279
G1 X95.978 Y95.536 E.14571
G1 X95.978 Y95.978 E.01496
G1 X96.522 Y96.522 E.02604
G1 X97.295 Y96.522 E.02617
G1 X99.022 Y94.795 E.08267
G1 X99.022 Y94.416 E.01283
G1 X95.978 Y91.373 E.14569
G1 X95.978 Y90.93 E.015
G1 X99.022 Y87.886 E.14571
G1 X99.022 Y87.508 E.01279
G1 X95.978 Y84.464 E.14571
G1 X95.978 Y84.022 E.01496
M73 Q69 S16
G1 X96.522 Y83.478 E.02604
G1 X95.978 Y83.478 E.01841
G1 X95.978 Y83.818 E.01151
M204 P2000
;LAYER_CHANGE
;Z:40.2
;HEIGHT:0.200001
;BEFORE_LAYER_CHANGE
G92 E0.0
;40.2
M201 X3991.29 Y3991.29

G1 E-2.5 F4200
G1 Z40.2 F720
;AFTER_LAYER_CHANGE
;40.2
M74 W3.78482

G1 Z40.4
G1 X95.632 Y96.868 F10800
G1 Z40.2 F720
G1 E2.5 F2400
M204 P2500
;TYPE:Perimeter
;WIDTH:0.449999
G1 F900
G1 X95.632 Y83.132 E.46495
G1 X99.368 Y83.132 E.12646
G1 X99.368 Y96.868 E.46495
G1 X95.692 Y96.868 E.12443
M73 P69 R16
M204 P2000
G1 X95.225 Y97.275 F10800
;TYPE:External perimeter
G1 F900
G1 X95.225 Y82.725 E.4925
G1 X99.775 Y82.725 E.15401
G1 X99.775 Y97.275 E.4925
G1 X95.285 Y97.275 E.15198
G1 X95.226 Y96.879 F10800
G1 E-2.5 F4200
G1 Z40.4 F720
G1 X99.022 Y94.998 F10800
G1 Z40.2 F720
G1 E2.5 F2400
M204 P4000
;TYPE:Internal infill
;WIDTH:0.45
G1 F900
G1 X99.022 Y96.522 E.05159
G1 X98.825 Y96.522 E.00667
G1 X95.978 Y93.675 E.13628
G1 X95.978 Y93.233 E.01496
G1 X99.022 Y90.189 E.14571
G1 X99.022 Y89.811 E.01279
G1 X95.978 Y86.767 E.14571
G1 X95.978 Y86.325 E.01496
G1 X98.825 Y83.478 E.13628
G1 X97.295 Y83.478 E.05179
G1 X99.022 Y85.205 E.08267
G1 X99.022 Y85.584 E.01283
G1 X95.978 Y88.627 E.14569
G1 X95.978 Y89.07 E.015
G1 X99.022 Y92.114 E.14571
G1 X99.022 Y92.492 E.01279
G1 X95.978 Y95.536 E.14571
G1 X95.978 Y95.978 E.01496
G1 X96.522 Y96.522 E.02604
G1 X97.295 Y96.522 E.02617
G1 X99.022 Y94.795 E.08267
G1 X99.022 Y94.416 E.01283
M73 P69 R15
G1 X95.978 Y91.373 E.14569
G1 X95.978 Y90.93 E.015
G1 X99.022 Y87.886 E.14571
G1 X99.022 Y87.508 E.01279
G1 X95.978 Y84.464 E.14571
G1 X95.978 Y84.022 E.01496
G1 X96.522 Y83.478 E.02604
G1 X95.978 Y83.478 E.01841
G1 X95.978 Y83.818 E.01151
M204 P2000
;LAYER_CHANGE
;Z:40.4
;HEIGHT:0.200001
;BEFORE_LAYER_CHANGE
G92 E0.0
;40.4
M201 X3991.26 Y3991.26

G1 E-2.5 F4200
G1 Z40.4 F720
;AFTER_LAYER_CHANGE
;40.4
M74 W3.79808

G1 Z40.6
G1 X95.632 Y96.868 F10800
G1 Z40.4 F720
G1 E2.5 F2400
M204 P2500
;TYPE:Perimeter
;WIDTH:0.449999
G1 F900
G1 X95.632 Y83.132 E.46495
G1 X99.368 Y83.132 E.12646
G1 X99.368 Y96.868 E.46495
G1 X95.692 Y96.868 E.12443
M204 P2000
G1 X95.225 Y97.275 F10800
;TYPE:External perimeter
G1 F900
G1 X95.225 Y82.725 E.4925
G1 X99.775 Y82.725 E.15401
G1 X99.775 Y97.275 E.4925
G1 X95.285 Y97.275 E.15198
M73 Q69 S15
G1 X95.226 Y96.879 F10800
G1 E-2.5 F4200
G1 Z40.6 F720
G1 X99.022 Y94.998 F10800
G1 Z40.4 F720
G1 E2.5 F2400
M204 P4000
;TYPE:Internal infill
;WIDTH:0.45
G1 F900
G1 X99.022 Y96.522 E.05159
G1 X98.825 Y96.522 E.00667
G1 X95.978 Y93.675 E.13628
G1 X95.978 Y93.233 E.01496
G1 X99.022 Y90.189 E.14571
G1 X99.022 Y89.811 E.01279
G1 X95.978 Y86.767 E.14571
G1 X95.978 Y86.325 E.01496
G1 X98.825 Y83.478 E.13628
G1 X97.295 Y83.478 E.05179
G1 X99.022 Y85.205 E.08267
G1 X99.022 Y85.584 E.01283
G1 X95.978 Y88.627 E.14569
G1 X95.978 Y89.07 E.015
G1 X99.022 Y92.114 E.14571
G1 X99.022 Y92.492 E.01279
G1 X95.978 Y95.536 E.14571
G1 X95.978 Y95.978 E.01496
G1 X96.522 Y96.522 E.02604
G1 X97.295 Y96.522 E.02617
G1 X99.022 Y94.795 E.08267
G1 X99.022 Y94.416 E.01283
G1 X95.978 Y91.373 E.14569
G1 X95.978 Y90.93 E.015
G1 X99.022 Y87.886 E.14571
G1 X99.022 Y87.508 E.01279
G1 X95.978 Y84.464 E.14571
G1 X95.978 Y84.022 E.01496
G1 X96.522 Y83.478 E.02604
G1 X95.978 Y83.478 E.01841
G1 X95.978 Y83.818 E.01151
M204 P2000
;LAYER_CHANGE
;Z:40.6
;HEIGHT:0.199997
;BEFORE_LAYER_CHANGE
G92 E0.0
;40.6
M201 X3991.23 Y3991.23

G1 E-2.5 F4200
G1 Z40.6 F720
;AFTER_LAYER_CHANGE
;40.6
M74 W3.81135

G1 Z40.8
G1 X95.632 Y96.868 F10800
G1 Z40.6 F720
G1 E2.5 F2400
M204 P2500
;TYPE:Perimeter
;WIDTH:0.449999
G1 F900
G1 X95.632 Y83.132 E.46495
G1 X99.368 Y83.132 E.12646
G1 X99.368 Y96.868 E.46495
G1 X95.692 Y96.868 E.12443
M204 P2000
G1 X95.225 Y97.275 F10800
;TYPE:External perimeter
G1 F900
G1 X95.225 Y82.725 E.4925
G1 X99.775 Y82.725 E.15401
G1 X99.775 Y97.275 E.4925
G1 X95.285 Y97.275 E.15198
G1 X95.226 Y96.879 F10800
G1 E-2.5 F4200
G1 Z40.8 F720
G1 X99.022 Y94.998 F10800
G1 Z40.6 F720
G1 E2.5 F2400
M204 P4000
;TYPE:Internal infill
;WIDTH:0.45
G1 F900
G1 X99.022 Y96.522 E.05159
G1 X98.825 Y96.522 E.00667
G1 X95.978 Y93.675 E.13628
G1 X95.978 Y93.233 E.01496
G1 X99.022 Y90.189 E.14571
G1 X99.022 Y89.811 E.01279
G1 X95.978 Y86.767 E.14571
G1 X95.978 Y86.325 E.01496
G1 X98.825 Y83.478 E.13628
G1 X97.295 Y83.478 E.05179
G1 X99.022 Y85.205 E.08267
G1 X99.022 Y85.584 E.01283
G1 X95.978 Y88.627 E.14569
G1 X95.978 Y89.07 E.015
G1 X99.022 Y92.114 E.14571
G1 X99.022 Y92.492 E.01279
G1 X95.978 Y95.536 E.14571
G1 X95.978 Y95.978 E.01496
G1 X96.522 Y96.522 E.02604
G1 X97.295 Y96.522 E.02617
G1 X99.022 Y94.795 E.08267
G1 X99.022 Y94.416 E.01283
G1 X95.978 Y91.373 E.14569
G1 X95.978 Y90.93 E.015
G1 X99.022 Y87.886 E.14571
G1 X99.022 Y87.508 E.01279
G1 X95.978 Y84.464 E.14571
G1 X95.978 Y84.022 E.01496
G1 X96.522 Y83.478 E.02604
G1 X95.978 Y83.478 E.01841
G1 X95.978 Y83.818 E.01151
M204 P2000
;LAYER_CHANGE
;Z:40.8
;HEIGHT:0.200001
;BEFORE_LAYER_CHANGE
G92 E0.0
;40.8
M201 X3991.2 Y3991.2

G1 E-2.5 F4200
G1 Z40.8 F720
;AFTER_LAYER_CHANGE
;40.8
M74 W3.82461

G1 Z41
G1 X95.632 Y96.868 F10800
G1 Z40.8 F720
G1 E2.5 F2400
M204 P2500
;TYPE:Perimeter
;WIDTH:0.449999
G1 F900
G1 X95.632 Y83.132 E.46495
G1 X99.368 Y83.132 E.12646
G1 X99.368 Y96.868 E.46495
G1 X95.692 Y96.868 E.12443
M204 P2000
G1 X95.225 Y97.275 F10800
;TYPE:External perimeter
G1 F900
G1 X95.225 Y82.725 E.4925
G1 X99.775 Y82.725 E.15401
M73 Q70 S15
G1 X99.775 Y97.275 E.4925
G1 X95.285 Y97.275 E.15198
M73 P70 R15
G1 X95.226 Y96.879 F10800
G1 E-2.5 F4200
G1 Z41 F720
G1 X99.022 Y94.998 F10800
G1 Z40.8 F720
G1 E2.5 F2400
M204 P4000
;TYPE:Internal infill
;WIDTH:0.45
G1 F900
G1 X99.022 Y96.522 E.05159
G1 X98.825 Y96.522 E.00667
G1 X95.978 Y93.675 E.13628
G1 X95.978 Y93.233 E.01496
G1 X99.022 Y90.189 E.14571
G1 X99.022 Y89.811 E.01279
G1 X95.978 Y86.767 E.14571
G1 X95.978 Y86.325 E.01496
G1 X98.825 Y83.478 E.13628
G1 X97.295 Y83.478 E.05179
G1 X99.022 Y85.205 E.08267
G1 X99.022 Y85.584 E.01283
G1 X95.978 Y88.627 E.14569
G1 X95.978 Y89.07 E.015
G1 X99.022 Y92.114 E.14571
G1 X99.022 Y92.492 E.01279
G1 X95.978 Y95.536 E.14571
G1 X95.978 Y95.978 E.01496
G1 X96.522 Y96.522 E.02604
G1 X97.295 Y96.522 E.02617
G1 X99.022 Y94.795 E.08267
G1 X99.022 Y94.416 E.01283
G1 X95.978 Y91.373 E.14569
G1 X95.978 Y90.93 E.015
G1 X99.022 Y87.886 E.14571
G1 X99.022 Y87.508 E.01279
G1 X95.978 Y84.464 E.14571
G1 X95.978 Y84.022 E.01496
G1 X96.522 Y83.478 E.02604
G1 X95.978 Y83.478 E.01841
G1 X95.978 Y83.818 E.01151
M204 P2000
;LAYER_CHANGE
;Z:41
;HEIGHT:0.200001
;BEFORE_LAYER_CHANGE
G92 E0.0
;41
M201 X3991.17 Y3991.17

G1 E-2.5 F4200
G1 Z41 F720
;AFTER_LAYER_CHANGE
;41
M74 W3.83788

G1 Z41.2
G1 X95.632 Y96.868 F10800
G1 Z41 F720
G1 E2.5 F2400
M204 P2500
;TYPE:Perimeter
;WIDTH:0.449999
G1 F900
G1 X95.632 Y83.132 E.46495
G1 X99.368 Y83.132 E.12646
G1 X99.368 Y96.868 E.46495
G1 X95.692 Y96.868 E.12443
M204 P2000
G1 X95.225 Y97.275 F10800
;TYPE:External perimeter
G1 F900
G1 X95.225 Y82.725 E.4925
G1 X99.775 Y82.725 E.15401
G1 X99.775 Y97.275 E.4925
G1 X95.285 Y97.275 E.15198
G1 X95.226 Y96.879 F10800
G1 E-2.5 F4200
G1 Z41.2 F720
G1 X99.022 Y94.998 F10800
G1 Z41 F720
G1 E2.5 F2400
M204 P4000
;TYPE:Internal infill
;WIDTH:0.45
G1 F900
G1 X99.022 Y96.522 E.05159
G1 X98.825 Y96.522 E.00667
G1 X95.978 Y93.675 E.13628
G1 X95.978 Y93.233 E.01496
G1 X99.022 Y90.189 E.14571
G1 X99.022 Y89.811 E.01279
G1 X95.978 Y86.767 E.14571
G1 X95.978 Y86.325 E.01496
G1 X98.825 Y83.478 E.13628
G1 X97.295 Y83.478 E.05179
G1 X99.022 Y85.205 E.08267
G1 X99.022 Y85.584 E.01283
G1 X95.978 Y88.627 E.14569
G1 X95.978 Y89.07 E.015
G1 X99.022 Y92.114 E.14571
G1 X99.022 Y92.492 E.01279
G1 X95.978 Y95.536 E.14571
G1 X95.978 Y95.978 E.01496
G1 X96.522 Y96.522 E.02604
G1 X97.295 Y96.522 E.02617
G1 X99.022 Y94.795 E.08267
G1 X99.022 Y94.416 E.01283
G1 X95.978 Y91.373 E.14569
G1 X95.978 Y90.93 E.015
G1 X99.022 Y87.886 E.14571
G1 X99.022 Y87.508 E.01279
G1 X95.978 Y84.464 E.14571
G1 X95.978 Y84.022 E.01496
G1 X96.522 Y83.478 E.02604
G1 X95.978 Y83.478 E.01841
G1 X95.978 Y83.818 E.01151
M204 P2000
;LAYER_CHANGE
;Z:41.2
;HEIGHT:0.200001
;BEFORE_LAYER_CHANGE
G92 E0.0
;41.2
M201 X3991.14 Y3991.14

G1 E-2.5 F4200
G1 Z41.2 F720
;AFTER_LAYER_CHANGE
;41.2
M74 W3.85114

G1 Z41.4
G1 X95.632 Y96.868 F10800
G1 Z41.2 F720
G1 E2.5 F2400
M204 P2500
;TYPE:Perimeter
;WIDTH:0.449999
G1 F900
G1 X95.632 Y83.132 E.46495
G1 X99.368 Y83.132 E.12646
G1 X99.368 Y96.868 E.46495
G1 X95.692 Y96.868 E.12443
M204 P2000
G1 X95.225 Y97.275 F10800
;TYPE:External perimeter
G1 F900
G1 X95.225 Y82.725 E.4925
G1 X99.775 Y82.725 E.15401
G1 X99.775 Y97.275 E.4925
G1 X95.285 Y97.275 E.15198
G1 X95.226 Y96.879 F10800
G1 E-2.5 F4200
G1 Z41.4 F720
G1 X99.022 Y94.998 F10800
G1 Z41.2 F720
G1 E2.5 F2400
M204 P4000
;TYPE:Internal infill
;WIDTH:0.45
G1 F900
G1 X99.022 Y96.522 E.05159
G1 X98.825 Y96.522 E.00667
G1 X95.978 Y93.675 E.13628
G1 X95.978 Y93.233 E.01496
G1 X99.022 Y90.189 E.14571
G1 X99.022 Y89.811 E.01279
G1 X95.978 Y86.767 E.14571
G1 X95.978 Y86.325 E.01496
G1 X98.825 Y83.478 E.13628
G1 X97.295 Y83.478 E.05179
G1 X99.022 Y85.205 E.08267
G1 X99.022 Y85.584 E.01283
G1 X95.978 Y88.627 E.14569
G1 X95.978 Y89.07 E.015
G1 X99.022 Y92.114 E.14571
G1 X99.022 Y92.492 E.01279
G1 X95.978 Y95.536 E.14571
G1 X95.978 Y95.978 E.01496
G1 X96.522 Y96.522 E.02604
G1 X97.295 Y96.522 E.02617
G1 X99.022 Y94.795 E.08267
G1 X99.022 Y94.416 E.01283
G1 X95.978 Y91.373 E.14569
G1 X95.978 Y90.93 E.015
G1 X99.022 Y87.886 E.14571
G1 X99.022 Y87.508 E.01279
G1 X95.978 Y84.464 E.14571
G1 X95.978 Y84.022 E.01496
G1 X96.522 Y83.478 E.02604
G1 X95.978 Y83.478 E.01841
G1 X95.978 Y83.818 E.01151
M204 P2000
;LAYER_CHANGE
;Z:41.4
;HEIGHT:0.200001
;BEFORE_LAYER_CHANGE
G92 E0.0
;41.4
M201 X3991.11 Y3991.11

G1 E-2.5 F4200
G1 Z41.4 F720
;AFTER_LAYER_CHANGE
;41.4
M74 W3.86441

G1 Z41.6
G1 X95.632 Y96.868 F10800
G1 Z41.4 F720
G1 E2.5 F2400
M204 P2500
;TYPE:Perimeter
;WIDTH:0.449999
G1 F900
G1 X95.632 Y83.132 E.46495
G1 X99.368 Y83.132 E.12646
G1 X99.368 Y96.868 E.46495
G1 X95.692 Y96.868 E.12443
M204 P2000
G1 X95.225 Y97.275 F10800
;TYPE:External perimeter
G1 F900
G1 X95.225 Y82.725 E.4925
G1 X99.775 Y82.725 E.15401
G1 X99.775 Y97.275 E.4925
G1 X95.285 Y97.275 E.15198
G1 X95.226 Y96.879 F10800
G1 E-2.5 F4200
G1 Z41.6 F720
G1 X99.022 Y94.998 F10800
G1 Z41.4 F720
G1 E2.5 F2400
M204 P4000
;TYPE:Internal infill
;WIDTH:0.45
G1 F900
G1 X99.022 Y96.522 E.05159
G1 X98.825 Y96.522 E.00667
M73 Q71 S15
G1 X95.978 Y93.675 E.13628
G1 X95.978 Y93.233 E.01496
G1 X99.022 Y90.189 E.14571
G1 X99.022 Y89.811 E.01279
G1 X95.978 Y86.767 E.14571
G1 X95.978 Y86.325 E.01496
G1 X98.825 Y83.478 E.13628
G1 X97.295 Y83.478 E.05179
G1 X99.022 Y85.205 E.08267
G1 X99.022 Y85.584 E.01283
G1 X95.978 Y88.627 E.14569
G1 X95.978 Y89.07 E.015
M73 P71 R15
G1 X99.022 Y92.114 E.14571
G1 X99.022 Y92.492 E.01279
G1 X95.978 Y95.536 E.14571
G1 X95.978 Y95.978 E.01496
G1 X96.522 Y96.522 E.02604
G1 X97.295 Y96.522 E.02617
G1 X99.022 Y94.795 E.08267
G1 X99.022 Y94.416 E.01283
G1 X95.978 Y91.373 E.14569
G1 X95.978 Y90.93 E.015
G1 X99.022 Y87.886 E.14571
G1 X99.022 Y87.508 E.01279
G1 X95.978 Y84.464 E.14571
G1 X95.978 Y84.022 E.01496
G1 X96.522 Y83.478 E.02604
G1 X95.978 Y83.478 E.01841
G1 X95.978 Y83.818 E.01151
M204 P2000
;LAYER_CHANGE
;Z:41.6
;HEIGHT:0.199997
;BEFORE_LAYER_CHANGE
G92 E0.0
;41.6
M201 X3991.08 Y3991.08

G1 E-2.5 F4200
G1 Z41.6 F720
;AFTER_LAYER_CHANGE
;41.6
M74 W3.87767

G1 Z41.8
G1 X95.632 Y96.868 F10800
G1 Z41.6 F720
G1 E2.5 F2400
M204 P2500
;TYPE:Perimeter
;WIDTH:0.449999
G1 F900
G1 X95.632 Y83.132 E.46495
G1 X99.368 Y83.132 E.12646
G1 X99.368 Y96.868 E.46495
G1 X95.692 Y96.868 E.12443
M73 P71 R14
M204 P2000
G1 X95.225 Y97.275 F10800
;TYPE:External perimeter
G1 F900
G1 X95.225 Y82.725 E.4925
G1 X99.775 Y82.725 E.15401
G1 X99.775 Y97.275 E.4925
G1 X95.285 Y97.275 E.15198
G1 X95.226 Y96.879 F10800
G1 E-2.5 F4200
G1 Z41.8 F720
G1 X99.022 Y94.998 F10800
G1 Z41.6 F720
G1 E2.5 F2400
M204 P4000
;TYPE:Internal infill
;WIDTH:0.45
G1 F900
G1 X99.022 Y96.522 E.05159
G1 X98.825 Y96.522 E.00667
G1 X95.978 Y93.675 E.13628
G1 X95.978 Y93.233 E.01496
G1 X99.022 Y90.189 E.14571
G1 X99.022 Y89.811 E.01279
G1 X95.978 Y86.767 E.14571
G1 X95.978 Y86.325 E.01496
G1 X98.825 Y83.478 E.13628
G1 X97.295 Y83.478 E.05179
G1 X99.022 Y85.205 E.08267
G1 X99.022 Y85.584 E.01283
G1 X95.978 Y88.627 E.14569
G1 X95.978 Y89.07 E.015
G1 X99.022 Y92.114 E.14571
G1 X99.022 Y92.492 E.01279
M73 Q71 S14
G1 X95.978 Y95.536 E.14571
G1 X95.978 Y95.978 E.01496
G1 X96.522 Y96.522 E.02604
G1 X97.295 Y96.522 E.02617
G1 X99.022 Y94.795 E.08267
G1 X99.022 Y94.416 E.01283
G1 X95.978 Y91.373 E.14569
G1 X95.978 Y90.93 E.015
G1 X99.022 Y87.886 E.14571
G1 X99.022 Y87.508 E.01279
G1 X95.978 Y84.464 E.14571
G1 X95.978 Y84.022 E.01496
G1 X96.522 Y83.478 E.02604
G1 X95.978 Y83.478 E.01841
G1 X95.978 Y83.818 E.01151
M204 P2000
;LAYER_CHANGE
;Z:41.8
;HEIGHT:0.200001
;BEFORE_LAYER_CHANGE
G92 E0.0
;41.8
M201 X3991.05 Y3991.05

G1 E-2.5 F4200
G1 Z41.8 F720
;AFTER_LAYER_CHANGE
;41.8
M74 W3.89093

G1 Z42
G1 X95.632 Y96.868 F10800
G1 Z41.8 F720
G1 E2.5 F2400
M204 P2500
;TYPE:Perimeter
;WIDTH:0.449999
G1 F900
G1 X95.632 Y83.132 E.46495
G1 X99.368 Y83.132 E.12646
G1 X99.368 Y96.868 E.46495
G1 X95.692 Y96.868 E.12443
M204 P2000
G1 X95.225 Y97.275 F10800
;TYPE:External perimeter
G1 F900
G1 X95.225 Y82.725 E.4925
G1 X99.775 Y82.725 E.15401
G1 X99.775 Y97.275 E.4925
G1 X95.285 Y97.275 E.15198
G1 X95.226 Y96.879 F10800
G1 E-2.5 F4200
G1 Z42 F720
G1 X99.022 Y94.998 F10800
G1 Z41.8 F720
G1 E2.5 F2400
M204 P4000
;TYPE:Internal infill
;WIDTH:0.45
G1 F900
G1 X99.022 Y96.522 E.05159
G1 X98.825 Y96.522 E.00667
G1 X95.978 Y93.675 E.13628
G1 X95.978 Y93.233 E.01496
G1 X99.022 Y90.189 E.14571
G1 X99.022 Y89.811 E.01279
G1 X95.978 Y86.767 E.14571
G1 X95.978 Y86.325 E.01496
G1 X98.825 Y83.478 E.13628
G1 X97.295 Y83.478 E.05179
G1 X99.022 Y85.205 E.08267
G1 X99.022 Y85.584 E.01283
G1 X95.978 Y88.627 E.14569
G1 X95.978 Y89.07 E.015
G1 X99.022 Y92.114 E.14571
G1 X99.022 Y92.492 E.01279
G1 X95.978 Y95.536 E.14571
G1 X95.978 Y95.978 E.01496
G1 X96.522 Y96.522 E.02604
G1 X97.295 Y96.522 E.02617
G1 X99.022 Y94.795 E.08267
G1 X99.022 Y94.416 E.01283
G1 X95.978 Y91.373 E.14569
G1 X95.978 Y90.93 E.015
G1 X99.022 Y87.886 E.14571
G1 X99.022 Y87.508 E.01279
G1 X95.978 Y84.464 E.14571
G1 X95.978 Y84.022 E.01496
G1 X96.522 Y83.478 E.02604
G1 X95.978 Y83.478 E.01841
G1 X95.978 Y83.818 E.01151
M204 P2000
;LAYER_CHANGE
;Z:42
;HEIGHT:0.200001
;BEFORE_LAYER_CHANGE
G92 E0.0
;42
M201 X3991.02 Y3991.02

G1 E-2.5 F4200
G1 Z42 F720
;AFTER_LAYER_CHANGE
;42
M74 W3.9042

G1 Z42.2
G1 X95.632 Y96.868 F10800
G1 Z42 F720
G1 E2.5 F2400
M204 P2500
;TYPE:Perimeter
;WIDTH:0.449999
G1 F900
G1 X95.632 Y83.132 E.46495
G1 X99.368 Y83.132 E.12646
G1 X99.368 Y96.868 E.46495
G1 X95.692 Y96.868 E.12443
M204 P2000
G1 X95.225 Y97.275 F10800
;TYPE:External perimeter
G1 F900
G1 X95.225 Y82.725 E.4925
G1 X99.775 Y82.725 E.15401
G1 X99.775 Y97.275 E.4925
G1 X95.285 Y97.275 E.15198
G1 X95.226 Y96.879 F10800
G1 E-2.5 F4200
G1 Z42.2 F720
G1 X99.022 Y94.998 F10800
G1 Z42 F720
G1 E2.5 F2400
M204 P4000
;TYPE:Internal infill
;WIDTH:0.45
G1 F900
G1 X99.022 Y96.522 E.05159
G1 X98.825 Y96.522 E.00667
G1 X95.978 Y93.675 E.13628
G1 X95.978 Y93.233 E.01496
G1 X99.022 Y90.189 E.14571
G1 X99.022 Y89.811 E.01279
G1 X95.978 Y86.767 E.14571
G1 X95.978 Y86.325 E.01496
G1 X98.825 Y83.478 E.13628
G1 X97.295 Y83.478 E.05179
G1 X99.022 Y85.205 E.08267
G1 X99.022 Y85.584 E.01283
G1 X95.978 Y88.627 E.14569
G1 X95.978 Y89.07 E.015
G1 X99.022 Y92.114 E.14571
G1 X99.022 Y92.492 E.01279
G1 X95.978 Y95.536 E.14571
G1 X95.978 Y95.978 E.01496
G1 X96.522 Y96.522 E.02604
G1 X97.295 Y96.522 E.02617
G1 X99.022 Y94.795 E.08267
G1 X99.022 Y94.416 E.01283
G1 X95.978 Y91.373 E.14569
G1 X95.978 Y90.93 E.015
M73 Q72 S14
G1 X99.022 Y87.886 E.14571
G1 X99.022 Y87.508 E.01279
G1 X95.978 Y84.464 E.14571
G1 X95.978 Y84.022 E.01496
G1 X96.522 Y83.478 E.02604
G1 X95.978 Y83.478 E.01841
G1 X95.978 Y83.818 E.01151
M204 P2000
;LAYER_CHANGE
;Z:42.2
;HEIGHT:0.200001
;BEFORE_LAYER_CHANGE
G92 E0.0
;42.2
M201 X3990.99 Y3990.99

G1 E-2.5 F4200
G1 Z42.2 F720
;AFTER_LAYER_CHANGE
;42.2
M74 W3.91746

G1 Z42.4
G1 X95.632 Y96.868 F10800
G1 Z42.2 F720
G1 E2.5 F2400
M204 P2500
;TYPE:Perimeter
;WIDTH:0.449999
G1 F900
G1 X95.632 Y83.132 E.46495
G1 X99.368 Y83.132 E.12646
M73 P72 R14
G1 X99.368 Y96.868 E.46495
G1 X95.692 Y96.868 E.12443
M204 P2000
G1 X95.225 Y97.275 F10800
;TYPE:External perimeter
G1 F900
G1 X95.225 Y82.725 E.4925
G1 X99.775 Y82.725 E.15401
G1 X99.775 Y97.275 E.4925
G1 X95.285 Y97.275 E.15198
G1 X95.226 Y96.879 F10800
G1 E-2.5 F4200
G1 Z42.4 F720
G1 X99.022 Y94.998 F10800
G1 Z42.2 F720
G1 E2.5 F2400
M204 P4000
;TYPE:Internal infill
;WIDTH:0.45
G1 F900
G1 X99.022 Y96.522 E.05159
G1 X98.825 Y96.522 E.00667
G1 X95.978 Y93.675 E.13628
G1 X95.978 Y93.233 E.01496
G1 X99.022 Y90.189 E.14571
G1 X99.022 Y89.811 E.01279
G1 X95.978 Y86.767 E.14571
G1 X95.978 Y86.325 E.01496
G1 X98.825 Y83.478 E.13628
G1 X97.295 Y83.478 E.05179
G1 X99.022 Y85.205 E.08267
G1 X99.022 Y85.584 E.01283
G1 X95.978 Y88.627 E.14569
G1 X95.978 Y89.07 E.015
G1 X99.022 Y92.114 E.14571
G1 X99.022 Y92.492 E.01279
G1 X95.978 Y95.536 E.14571
G1 X95.978 Y95.978 E.01496
G1 X96.522 Y96.522 E.02604
G1 X97.295 Y96.522 E.02617
G1 X99.022 Y94.795 E.08267
G1 X99.022 Y94.416 E.01283
G1 X95.978 Y91.373 E.14569
G1 X95.978 Y90.93 E.015
G1 X99.022 Y87.886 E.14571
G1 X99.022 Y87.508 E.01279
G1 X95.978 Y84.464 E.14571
G1 X95.978 Y84.022 E.01496
G1 X96.522 Y83.478 E.02604
G1 X95.978 Y83.478 E.01841
G1 X95.978 Y83.818 E.01151
M204 P2000
;LAYER_CHANGE
;Z:42.4
;HEIGHT:0.200001
;BEFORE_LAYER_CHANGE
G92 E0.0
;42.4
M201 X3990.96 Y3990.96

G1 E-2.5 F4200
G1 Z42.4 F720
;AFTER_LAYER_CHANGE
;42.4
M74 W3.93073

G1 Z42.6
G1 X95.632 Y96.868 F10800
G1 Z42.4 F720
G1 E2.5 F2400
M204 P2500
;TYPE:Perimeter
;WIDTH:0.449999
G1 F900
G1 X95.632 Y83.132 E.46495
G1 X99.368 Y83.132 E.12646
G1 X99.368 Y96.868 E.46495
G1 X95.692 Y96.868 E.12443
M204 P2000
G1 X95.225 Y97.275 F10800
;TYPE:External perimeter
G1 F900
G1 X95.225 Y82.725 E.4925
G1 X99.775 Y82.725 E.15401
G1 X99.775 Y97.275 E.4925
G1 X95.285 Y97.275 E.15198
G1 X95.226 Y96.879 F10800
G1 E-2.5 F4200
G1 Z42.6 F720
G1 X99.022 Y94.998 F10800
G1 Z42.4 F720
G1 E2.5 F2400
M204 P4000
;TYPE:Internal infill
;WIDTH:0.45
G1 F900
G1 X99.022 Y96.522 E.05159
G1 X98.825 Y96.522 E.00667
G1 X95.978 Y93.675 E.13628
G1 X95.978 Y93.233 E.01496
G1 X99.022 Y90.189 E.14571
G1 X99.022 Y89.811 E.01279
G1 X95.978 Y86.767 E.14571
G1 X95.978 Y86.325 E.01496
G1 X98.825 Y83.478 E.13628
G1 X97.295 Y83.478 E.05179
G1 X99.022 Y85.205 E.08267
G1 X99.022 Y85.584 E.01283
G1 X95.978 Y88.627 E.14569
G1 X95.978 Y89.07 E.015
G1 X99.022 Y92.114 E.14571
G1 X99.022 Y92.492 E.01279
G1 X95.978 Y95.536 E.14571
G1 X95.978 Y95.978 E.01496
G1 X96.522 Y96.522 E.02604
G1 X97.295 Y96.522 E.02617
G1 X99.022 Y94.795 E.08267
G1 X99.022 Y94.416 E.01283
G1 X95.978 Y91.373 E.14569
G1 X95.978 Y90.93 E.015
G1 X99.022 Y87.886 E.14571
G1 X99.022 Y87.508 E.01279
G1 X95.978 Y84.464 E.14571
G1 X95.978 Y84.022 E.01496
G1 X96.522 Y83.478 E.02604
G1 X95.978 Y83.478 E.01841
G1 X95.978 Y83.818 E.01151
M204 P2000
;LAYER_CHANGE
;Z:42.6
;HEIGHT:0.199997
;BEFORE_LAYER_CHANGE
G92 E0.0
;42.6
M201 X3990.93 Y3990.93

G1 E-2.5 F4200
G1 Z42.6 F720
;AFTER_LAYER_CHANGE
;42.6
M74 W3.94399

G1 Z42.8
G1 X95.632 Y96.868 F10800
G1 Z42.6 F720
G1 E2.5 F2400
M204 P2500
;TYPE:Perimeter
;WIDTH:0.449999
G1 F900
G1 X95.632 Y83.132 E.46495
G1 X99.368 Y83.132 E.12646
G1 X99.368 Y96.868 E.46495
G1 X95.692 Y96.868 E.12443
M204 P2000
G1 X95.225 Y97.275 F10800
;TYPE:External perimeter
G1 F900
G1 X95.225 Y82.725 E.4925
G1 X99.775 Y82.725 E.15401
G1 X99.775 Y97.275 E.4925
G1 X95.285 Y97.275 E.15198
G1 X95.226 Y96.879 F10800
G1 E-2.5 F4200
G1 Z42.8 F720
G1 X99.022 Y94.998 F10800
G1 Z42.6 F720
G1 E2.5 F2400
M204 P4000
;TYPE:Internal infill
;WIDTH:0.45
G1 F900
G1 X99.022 Y96.522 E.05159
G1 X98.825 Y96.522 E.00667
G1 X95.978 Y93.675 E.13628
G1 X95.978 Y93.233 E.01496
G1 X99.022 Y90.189 E.14571
G1 X99.022 Y89.811 E.01279
G1 X95.978 Y86.767 E.14571
G1 X95.978 Y86.325 E.01496
G1 X98.825 Y83.478 E.13628
G1 X97.295 Y83.478 E.05179
G1 X99.022 Y85.205 E.08267
G1 X99.022 Y85.584 E.01283
G1 X95.978 Y88.627 E.14569
G1 X95.978 Y89.07 E.015
G1 X99.022 Y92.114 E.14571
G1 X99.022 Y92.492 E.01279
G1 X95.978 Y95.536 E.14571
G1 X95.978 Y95.978 E.01496
G1 X96.522 Y96.522 E.02604
G1 X97.295 Y96.522 E.02617
G1 X99.022 Y94.795 E.08267
G1 X99.022 Y94.416 E.01283
G1 X95.978 Y91.373 E.14569
G1 X95.978 Y90.93 E.015
G1 X99.022 Y87.886 E.14571
G1 X99.022 Y87.508 E.01279
G1 X95.978 Y84.464 E.14571
G1 X95.978 Y84.022 E.01496
G1 X96.522 Y83.478 E.02604
G1 X95.978 Y83.478 E.01841
G1 X95.978 Y83.818 E.01151
M204 P2000
;LAYER_CHANGE
;Z:42.8
;HEIGHT:0.200001
;BEFORE_LAYER_CHANGE
G92 E0.0
;42.8
M201 X3990.9 Y3990.9

G1 E-2.5 F4200
G1 Z42.8 F720
;AFTER_LAYER_CHANGE
;42.8
M74 W3.95726

G1 Z43
G1 X95.632 Y96.868 F10800
G1 Z42.8 F720
G1 E2.5 F2400
M204 P2500
;TYPE:Perimeter
;WIDTH:0.449999
G1 F900
G1 X95.632 Y83.132 E.46495
G1 X99.368 Y83.132 E.12646
G1 X99.368 Y96.868 E.46495
G1 X95.692 Y96.868 E.12443
M73 Q73 S14
M204 P2000
G1 X95.225 Y97.275 F10800
;TYPE:External perimeter
G1 F900
G1 X95.225 Y82.725 E.4925
G1 X99.775 Y82.725 E.15401
M73 P73 R14
G1 X99.775 Y97.275 E.4925
G1 X95.285 Y97.275 E.15198
G1 X95.226 Y96.879 F10800
G1 E-2.5 F4200
G1 Z43 F720
G1 X99.022 Y94.998 F10800
G1 Z42.8 F720
M73 P73 R13
G1 E2.5 F2400
M204 P4000
;TYPE:Internal infill
;WIDTH:0.45
G1 F900
G1 X99.022 Y96.522 E.05159
G1 X98.825 Y96.522 E.00667
G1 X95.978 Y93.675 E.13628
G1 X95.978 Y93.233 E.01496
G1 X99.022 Y90.189 E.14571
G1 X99.022 Y89.811 E.01279
G1 X95.978 Y86.767 E.14571
G1 X95.978 Y86.325 E.01496
G1 X98.825 Y83.478 E.13628
G1 X97.295 Y83.478 E.05179
G1 X99.022 Y85.205 E.08267
G1 X99.022 Y85.584 E.01283
G1 X95.978 Y88.627 E.14569
G1 X95.978 Y89.07 E.015
G1 X99.022 Y92.114 E.14571
G1 X99.022 Y92.492 E.01279
G1 X95.978 Y95.536 E.14571
G1 X95.978 Y95.978 E.01496
G1 X96.522 Y96.522 E.02604
G1 X97.295 Y96.522 E.02617
G1 X99.022 Y94.795 E.08267
G1 X99.022 Y94.416 E.01283
G1 X95.978 Y91.373 E.14569
G1 X95.978 Y90.93 E.015
G1 X99.022 Y87.886 E.14571
G1 X99.022 Y87.508 E.01279
G1 X95.978 Y84.464 E.14571
G1 X95.978 Y84.022 E.01496
G1 X96.522 Y83.478 E.02604
G1 X95.978 Y83.478 E.01841
G1 X95.978 Y83.818 E.01151
M204 P2000
;LAYER_CHANGE
;Z:43
;HEIGHT:0.200001
;BEFORE_LAYER_CHANGE
G92 E0.0
;43
M201 X3990.87 Y3990.87

G1 E-2.5 F4200
G1 Z43 F720
;AFTER_LAYER_CHANGE
;43
M74 W3.97052

G1 Z43.2
G1 X95.632 Y96.868 F10800
G1 Z43 F720
G1 E2.5 F2400
M204 P2500
;TYPE:Perimeter
;WIDTH:0.449999
G1 F900
G1 X95.632 Y83.132 E.46495
G1 X99.368 Y83.132 E.12646
M73 Q73 S13
G1 X99.368 Y96.868 E.46495
G1 X95.692 Y96.868 E.12443
M204 P2000
G1 X95.225 Y97.275 F10800
;TYPE:External perimeter
G1 F900
G1 X95.225 Y82.725 E.4925
G1 X99.775 Y82.725 E.15401
G1 X99.775 Y97.275 E.4925
G1 X95.285 Y97.275 E.15198
G1 X95.226 Y96.879 F10800
G1 E-2.5 F4200
G1 Z43.2 F720
G1 X99.022 Y94.998 F10800
G1 Z43 F720
G1 E2.5 F2400
M204 P4000
;TYPE:Internal infill
;WIDTH:0.45
G1 F900
G1 X99.022 Y96.522 E.05159
G1 X98.825 Y96.522 E.00667
G1 X95.978 Y93.675 E.13628
G1 X95.978 Y93.233 E.01496
G1 X99.022 Y90.189 E.14571
G1 X99.022 Y89.811 E.01279
G1 X95.978 Y86.767 E.14571
G1 X95.978 Y86.325 E.01496
G1 X98.825 Y83.478 E.13628
G1 X97.295 Y83.478 E.05179
G1 X99.022 Y85.205 E.08267
G1 X99.022 Y85.584 E.01283
G1 X95.978 Y88.627 E.14569
G1 X95.978 Y89.07 E.015
G1 X99.022 Y92.114 E.14571
G1 X99.022 Y92.492 E.01279
G1 X95.978 Y95.536 E.14571
G1 X95.978 Y95.978 E.01496
G1 X96.522 Y96.522 E.02604
G1 X97.295 Y96.522 E.02617
G1 X99.022 Y94.795 E.08267
G1 X99.022 Y94.416 E.01283
G1 X95.978 Y91.373 E.14569
G1 X95.978 Y90.93 E.015
G1 X99.022 Y87.886 E.14571
G1 X99.022 Y87.508 E.01279
G1 X95.978 Y84.464 E.14571
G1 X95.978 Y84.022 E.01496
G1 X96.522 Y83.478 E.02604
G1 X95.978 Y83.478 E.01841
G1 X95.978 Y83.818 E.01151
M204 P2000
;LAYER_CHANGE
;Z:43.2
;HEIGHT:0.200001
;BEFORE_LAYER_CHANGE
G92 E0.0
;43.2
M201 X3990.84 Y3990.84

G1 E-2.5 F4200
G1 Z43.2 F720
;AFTER_LAYER_CHANGE
;43.2
M74 W3.98379

G1 Z43.4
G1 X95.632 Y96.868 F10800
G1 Z43.2 F720
G1 E2.5 F2400
M204 P2500
;TYPE:Perimeter
;WIDTH:0.449999
G1 F900
G1 X95.632 Y83.132 E.46495
G1 X99.368 Y83.132 E.12646
G1 X99.368 Y96.868 E.46495
G1 X95.692 Y96.868 E.12443
M204 P2000
G1 X95.225 Y97.275 F10800
;TYPE:External perimeter
G1 F900
G1 X95.225 Y82.725 E.4925
G1 X99.775 Y82.725 E.15401
G1 X99.775 Y97.275 E.4925
G1 X95.285 Y97.275 E.15198
G1 X95.226 Y96.879 F10800
G1 E-2.5 F4200
G1 Z43.4 F720
G1 X99.022 Y94.998 F10800
G1 Z43.2 F720
G1 E2.5 F2400
M204 P4000
;TYPE:Internal infill
;WIDTH:0.45
G1 F900
G1 X99.022 Y96.522 E.05159
G1 X98.825 Y96.522 E.00667
G1 X95.978 Y93.675 E.13628
G1 X95.978 Y93.233 E.01496
G1 X99.022 Y90.189 E.14571
G1 X99.022 Y89.811 E.01279
G1 X95.978 Y86.767 E.14571
G1 X95.978 Y86.325 E.01496
G1 X98.825 Y83.478 E.13628
G1 X97.295 Y83.478 E.05179
G1 X99.022 Y85.205 E.08267
G1 X99.022 Y85.584 E.01283
G1 X95.978 Y88.627 E.14569
G1 X95.978 Y89.07 E.015
G1 X99.022 Y92.114 E.14571
G1 X99.022 Y92.492 E.01279
G1 X95.978 Y95.536 E.14571
G1 X95.978 Y95.978 E.01496
G1 X96.522 Y96.522 E.02604
G1 X97.295 Y96.522 E.02617
G1 X99.022 Y94.795 E.08267
G1 X99.022 Y94.416 E.01283
G1 X95.978 Y91.373 E.14569
G1 X95.978 Y90.93 E.015
G1 X99.022 Y87.886 E.14571
G1 X99.022 Y87.508 E.01279
G1 X95.978 Y84.464 E.14571
G1 X95.978 Y84.022 E.01496
G1 X96.522 Y83.478 E.02604
G1 X95.978 Y83.478 E.01841
G1 X95.978 Y83.818 E.01151
M204 P2000
;LAYER_CHANGE
;Z:43.4
;HEIGHT:0.200001
;BEFORE_LAYER_CHANGE
G92 E0.0
;43.4
M201 X3990.81 Y3990.81

G1 E-2.5 F4200
G1 Z43.4 F720
;AFTER_LAYER_CHANGE
;43.4
M74 W3.99705

G1 Z43.6
G1 X95.632 Y96.868 F10800
G1 Z43.4 F720
G1 E2.5 F2400
M204 P2500
;TYPE:Perimeter
;WIDTH:0.449999
G1 F900
G1 X95.632 Y83.132 E.46495
G1 X99.368 Y83.132 E.12646
G1 X99.368 Y96.868 E.46495
G1 X95.692 Y96.868 E.12443
M204 P2000
G1 X95.225 Y97.275 F10800
;TYPE:External perimeter
G1 F900
G1 X95.225 Y82.725 E.4925
G1 X99.775 Y82.725 E.15401
G1 X99.775 Y97.275 E.4925
G1 X95.285 Y97.275 E.15198
M73 Q74 S13
G1 X95.226 Y96.879 F10800
G1 E-2.5 F4200
G1 Z43.6 F720
G1 X99.022 Y94.998 F10800
G1 Z43.4 F720
G1 E2.5 F2400
M204 P4000
;TYPE:Internal infill
;WIDTH:0.45
G1 F900
G1 X99.022 Y96.522 E.05159
G1 X98.825 Y96.522 E.00667
G1 X95.978 Y93.675 E.13628
G1 X95.978 Y93.233 E.01496
G1 X99.022 Y90.189 E.14571
G1 X99.022 Y89.811 E.01279
M73 P74 R13
G1 X95.978 Y86.767 E.14571
G1 X95.978 Y86.325 E.01496
G1 X98.825 Y83.478 E.13628
G1 X97.295 Y83.478 E.05179
G1 X99.022 Y85.205 E.08267
G1 X99.022 Y85.584 E.01283
G1 X95.978 Y88.627 E.14569
G1 X95.978 Y89.07 E.015
G1 X99.022 Y92.114 E.14571
G1 X99.022 Y92.492 E.01279
G1 X95.978 Y95.536 E.14571
G1 X95.978 Y95.978 E.01496
G1 X96.522 Y96.522 E.02604
G1 X97.295 Y96.522 E.02617
G1 X99.022 Y94.795 E.08267
G1 X99.022 Y94.416 E.01283
G1 X95.978 Y91.373 E.14569
G1 X95.978 Y90.93 E.015
G1 X99.022 Y87.886 E.14571
G1 X99.022 Y87.508 E.01279
G1 X95.978 Y84.464 E.14571
G1 X95.978 Y84.022 E.01496
G1 X96.522 Y83.478 E.02604
G1 X95.978 Y83.478 E.01841
G1 X95.978 Y83.818 E.01151
M204 P2000
;LAYER_CHANGE
;Z:43.6
;HEIGHT:0.199997
;BEFORE_LAYER_CHANGE
G92 E0.0
;43.6
M201 X3990.78 Y3990.78

G1 E-2.5 F4200
G1 Z43.6 F720
;AFTER_LAYER_CHANGE
;43.6
M74 W4.01032

G1 Z43.8
G1 X95.632 Y96.868 F10800
G1 Z43.6 F720
G1 E2.5 F2400
M204 P2500
;TYPE:Perimeter
;WIDTH:0.449999
G1 F900
G1 X95.632 Y83.132 E.46495
G1 X99.368 Y83.132 E.12646
G1 X99.368 Y96.868 E.46495
G1 X95.692 Y96.868 E.12443
M204 P2000
G1 X95.225 Y97.275 F10800
;TYPE:External perimeter
G1 F900
G1 X95.225 Y82.725 E.4925
G1 X99.775 Y82.725 E.15401
G1 X99.775 Y97.275 E.4925
G1 X95.285 Y97.275 E.15198
G1 X95.226 Y96.879 F10800
G1 E-2.5 F4200
G1 Z43.8 F720
G1 X99.022 Y94.998 F10800
G1 Z43.6 F720
G1 E2.5 F2400
M204 P4000
;TYPE:Internal infill
;WIDTH:0.45
G1 F900
G1 X99.022 Y96.522 E.05159
G1 X98.825 Y96.522 E.00667
G1 X95.978 Y93.675 E.13628
G1 X95.978 Y93.233 E.01496
G1 X99.022 Y90.189 E.14571
G1 X99.022 Y89.811 E.01279
G1 X95.978 Y86.767 E.14571
G1 X95.978 Y86.325 E.01496
G1 X98.825 Y83.478 E.13628
G1 X97.295 Y83.478 E.05179
G1 X99.022 Y85.205 E.08267
G1 X99.022 Y85.584 E.01283
G1 X95.978 Y88.627 E.14569
G1 X95.978 Y89.07 E.015
G1 X99.022 Y92.114 E.14571
G1 X99.022 Y92.492 E.01279
G1 X95.978 Y95.536 E.14571
G1 X95.978 Y95.978 E.01496
G1 X96.522 Y96.522 E.02604
G1 X97.295 Y96.522 E.02617
G1 X99.022 Y94.795 E.08267
G1 X99.022 Y94.416 E.01283
G1 X95.978 Y91.373 E.14569
G1 X95.978 Y90.93 E.015
G1 X99.022 Y87.886 E.14571
G1 X99.022 Y87.508 E.01279
G1 X95.978 Y84.464 E.14571
G1 X95.978 Y84.022 E.01496
G1 X96.522 Y83.478 E.02604
G1 X95.978 Y83.478 E.01841
G1 X95.978 Y83.818 E.01151
M204 P2000
;LAYER_CHANGE
;Z:43.8
;HEIGHT:0.200001
;BEFORE_LAYER_CHANGE
G92 E0.0
;43.8
M201 X3990.75 Y3990.75

G1 E-2.5 F4200
G1 Z43.8 F720
;AFTER_LAYER_CHANGE
;43.8
M74 W4.02358

G1 Z44
G1 X95.632 Y96.868 F10800
G1 Z43.8 F720
G1 E2.5 F2400
M204 P2500
;TYPE:Perimeter
;WIDTH:0.449999
G1 F900
G1 X95.632 Y83.132 E.46495
G1 X99.368 Y83.132 E.12646
G1 X99.368 Y96.868 E.46495
G1 X95.692 Y96.868 E.12443
M204 P2000
G1 X95.225 Y97.275 F10800
;TYPE:External perimeter
G1 F900
G1 X95.225 Y82.725 E.4925
G1 X99.775 Y82.725 E.15401
G1 X99.775 Y97.275 E.4925
G1 X95.285 Y97.275 E.15198
G1 X95.226 Y96.879 F10800
G1 E-2.5 F4200
G1 Z44 F720
G1 X99.022 Y94.998 F10800
G1 Z43.8 F720
G1 E2.5 F2400
M204 P4000
;TYPE:Internal infill
;WIDTH:0.45
G1 F900
G1 X99.022 Y96.522 E.05159
G1 X98.825 Y96.522 E.00667
G1 X95.978 Y93.675 E.13628
G1 X95.978 Y93.233 E.01496
G1 X99.022 Y90.189 E.14571
G1 X99.022 Y89.811 E.01279
G1 X95.978 Y86.767 E.14571
G1 X95.978 Y86.325 E.01496
G1 X98.825 Y83.478 E.13628
G1 X97.295 Y83.478 E.05179
G1 X99.022 Y85.205 E.08267
G1 X99.022 Y85.584 E.01283
G1 X95.978 Y88.627 E.14569
G1 X95.978 Y89.07 E.015
G1 X99.022 Y92.114 E.14571
G1 X99.022 Y92.492 E.01279
G1 X95.978 Y95.536 E.14571
G1 X95.978 Y95.978 E.01496
G1 X96.522 Y96.522 E.02604
G1 X97.295 Y96.522 E.02617
G1 X99.022 Y94.795 E.08267
G1 X99.022 Y94.416 E.01283
G1 X95.978 Y91.373 E.14569
G1 X95.978 Y90.93 E.015
G1 X99.022 Y87.886 E.14571
G1 X99.022 Y87.508 E.01279
G1 X95.978 Y84.464 E.14571
G1 X95.978 Y84.022 E.01496
G1 X96.522 Y83.478 E.02604
G1 X95.978 Y83.478 E.01841
G1 X95.978 Y83.818 E.01151
M204 P2000
;LAYER_CHANGE
;Z:44
;HEIGHT:0.200001
;BEFORE_LAYER_CHANGE
G92 E0.0
;44
M201 X3990.72 Y3990.72

G1 E-2.5 F4200
G1 Z44 F720
;AFTER_LAYER_CHANGE
;44
M74 W4.03685

G1 Z44.2
G1 X95.632 Y96.868 F10800
G1 Z44 F720
G1 E2.5 F2400
M204 P2500
;TYPE:Perimeter
;WIDTH:0.449999
G1 F900
G1 X95.632 Y83.132 E.46495
G1 X99.368 Y83.132 E.12646
G1 X99.368 Y96.868 E.46495
G1 X95.692 Y96.868 E.12443
M204 P2000
G1 X95.225 Y97.275 F10800
;TYPE:External perimeter
G1 F900
G1 X95.225 Y82.725 E.4925
G1 X99.775 Y82.725 E.15401
G1 X99.775 Y97.275 E.4925
G1 X95.285 Y97.275 E.15198
G1 X95.226 Y96.879 F10800
G1 E-2.5 F4200
G1 Z44.2 F720
G1 X99.022 Y94.998 F10800
G1 Z44 F720
G1 E2.5 F2400
M204 P4000
;TYPE:Internal infill
;WIDTH:0.45
G1 F900
G1 X99.022 Y96.522 E.05159
G1 X98.825 Y96.522 E.00667
G1 X95.978 Y93.675 E.13628
G1 X95.978 Y93.233 E.01496
G1 X99.022 Y90.189 E.14571
G1 X99.022 Y89.811 E.01279
G1 X95.978 Y86.767 E.14571
G1 X95.978 Y86.325 E.01496
G1 X98.825 Y83.478 E.13628
G1 X97.295 Y83.478 E.05179
G1 X99.022 Y85.205 E.08267
G1 X99.022 Y85.584 E.01283
G1 X95.978 Y88.627 E.14569
G1 X95.978 Y89.07 E.015
G1 X99.022 Y92.114 E.14571
G1 X99.022 Y92.492 E.01279
M73 Q75 S13
G1 X95.978 Y95.536 E.14571
G1 X95.978 Y95.978 E.01496
G1 X96.522 Y96.522 E.02604
G1 X97.295 Y96.522 E.02617
G1 X99.022 Y94.795 E.08267
G1 X99.022 Y94.416 E.01283
G1 X95.978 Y91.373 E.14569
G1 X95.978 Y90.93 E.015
G1 X99.022 Y87.886 E.14571
G1 X99.022 Y87.508 E.01279
M73 P74 R12
G1 X95.978 Y84.464 E.14571
G1 X95.978 Y84.022 E.01496
M73 P75 R12
G1 X96.522 Y83.478 E.02604
G1 X95.978 Y83.478 E.01841
G1 X95.978 Y83.818 E.01151
M204 P2000
;LAYER_CHANGE
;Z:44.2
;HEIGHT:0.200001
;BEFORE_LAYER_CHANGE
G92 E0.0
;44.2
M201 X3990.68 Y3990.68

G1 E-2.5 F4200
G1 Z44.2 F720
;AFTER_LAYER_CHANGE
;44.2
M74 W4.05011

G1 Z44.4
G1 X95.632 Y96.868 F10800
G1 Z44.2 F720
G1 E2.5 F2400
M204 P2500
;TYPE:Perimeter
;WIDTH:0.449999
G1 F900
G1 X95.632 Y83.132 E.46495
G1 X99.368 Y83.132 E.12646
G1 X99.368 Y96.868 E.46495
G1 X95.692 Y96.868 E.12443
M204 P2000
G1 X95.225 Y97.275 F10800
;TYPE:External perimeter
G1 F900
G1 X95.225 Y82.725 E.4925
G1 X99.775 Y82.725 E.15401
G1 X99.775 Y97.275 E.4925
M73 Q75 S12
G1 X95.285 Y97.275 E.15198
G1 X95.226 Y96.879 F10800
G1 E-2.5 F4200
G1 Z44.4 F720
G1 X99.022 Y94.998 F10800
G1 Z44.2 F720
G1 E2.5 F2400
M204 P4000
;TYPE:Internal infill
;WIDTH:0.45
G1 F900
G1 X99.022 Y96.522 E.05159
G1 X98.825 Y96.522 E.00667
G1 X95.978 Y93.675 E.13628
G1 X95.978 Y93.233 E.01496
G1 X99.022 Y90.189 E.14571
G1 X99.022 Y89.811 E.01279
G1 X95.978 Y86.767 E.14571
G1 X95.978 Y86.325 E.01496
G1 X98.825 Y83.478 E.13628
G1 X97.295 Y83.478 E.05179
G1 X99.022 Y85.205 E.08267
G1 X99.022 Y85.584 E.01283
G1 X95.978 Y88.627 E.14569
G1 X95.978 Y89.07 E.015
G1 X99.022 Y92.114 E.14571
G1 X99.022 Y92.492 E.01279
G1 X95.978 Y95.536 E.14571
G1 X95.978 Y95.978 E.01496
G1 X96.522 Y96.522 E.02604
G1 X97.295 Y96.522 E.02617
G1 X99.022 Y94.795 E.08267
G1 X99.022 Y94.416 E.01283
G1 X95.978 Y91.373 E.14569
G1 X95.978 Y90.93 E.015
G1 X99.022 Y87.886 E.14571
G1 X99.022 Y87.508 E.01279
G1 X95.978 Y84.464 E.14571
G1 X95.978 Y84.022 E.01496
G1 X96.522 Y83.478 E.02604
G1 X95.978 Y83.478 E.01841
G1 X95.978 Y83.818 E.01151
M204 P2000
;LAYER_CHANGE
;Z:44.4
;HEIGHT:0.200001
;BEFORE_LAYER_CHANGE
G92 E0.0
;44.4
M201 X3990.65 Y3990.65

G1 E-2.5 F4200
G1 Z44.4 F720
;AFTER_LAYER_CHANGE
;44.4
M74 W4.06338

G1 Z44.6
G1 X95.632 Y96.868 F10800
G1 Z44.4 F720
G1 E2.5 F2400
M204 P2500
;TYPE:Perimeter
;WIDTH:0.449999
G1 F900
G1 X95.632 Y83.132 E.46495
G1 X99.368 Y83.132 E.12646
G1 X99.368 Y96.868 E.46495
G1 X95.692 Y96.868 E.12443
M204 P2000
G1 X95.225 Y97.275 F10800
;TYPE:External perimeter
G1 F900
G1 X95.225 Y82.725 E.4925
G1 X99.775 Y82.725 E.15401
G1 X99.775 Y97.275 E.4925
G1 X95.285 Y97.275 E.15198
G1 X95.226 Y96.879 F10800
G1 E-2.5 F4200
G1 Z44.6 F720
G1 X99.022 Y94.998 F10800
G1 Z44.4 F720
G1 E2.5 F2400
M204 P4000
;TYPE:Internal infill
;WIDTH:0.45
G1 F900
G1 X99.022 Y96.522 E.05159
G1 X98.825 Y96.522 E.00667
G1 X95.978 Y93.675 E.13628
G1 X95.978 Y93.233 E.01496
G1 X99.022 Y90.189 E.14571
G1 X99.022 Y89.811 E.01279
G1 X95.978 Y86.767 E.14571
G1 X95.978 Y86.325 E.01496
G1 X98.825 Y83.478 E.13628
G1 X97.295 Y83.478 E.05179
G1 X99.022 Y85.205 E.08267
G1 X99.022 Y85.584 E.01283
G1 X95.978 Y88.627 E.14569
G1 X95.978 Y89.07 E.015
G1 X99.022 Y92.114 E.14571
G1 X99.022 Y92.492 E.01279
G1 X95.978 Y95.536 E.14571
G1 X95.978 Y95.978 E.01496
G1 X96.522 Y96.522 E.02604
G1 X97.295 Y96.522 E.02617
G1 X99.022 Y94.795 E.08267
G1 X99.022 Y94.416 E.01283
G1 X95.978 Y91.373 E.14569
G1 X95.978 Y90.93 E.015
G1 X99.022 Y87.886 E.14571
G1 X99.022 Y87.508 E.01279
G1 X95.978 Y84.464 E.14571
G1 X95.978 Y84.022 E.01496
G1 X96.522 Y83.478 E.02604
G1 X95.978 Y83.478 E.01841
G1 X95.978 Y83.818 E.01151
M204 P2000
;LAYER_CHANGE
;Z:44.6
;HEIGHT:0.199997
;BEFORE_LAYER_CHANGE
G92 E0.0
;44.6
M201 X3990.62 Y3990.62

G1 E-2.5 F4200
G1 Z44.6 F720
;AFTER_LAYER_CHANGE
;44.6
M74 W4.07664

G1 Z44.8
G1 X95.632 Y96.868 F10800
G1 Z44.6 F720
G1 E2.5 F2400
M204 P2500
;TYPE:Perimeter
;WIDTH:0.449999
G1 F900
G1 X95.632 Y83.132 E.46495
G1 X99.368 Y83.132 E.12646
G1 X99.368 Y96.868 E.46495
G1 X95.692 Y96.868 E.12443
M204 P2000
G1 X95.225 Y97.275 F10800
;TYPE:External perimeter
G1 F900
G1 X95.225 Y82.725 E.4925
G1 X99.775 Y82.725 E.15401
G1 X99.775 Y97.275 E.4925
G1 X95.285 Y97.275 E.15198
G1 X95.226 Y96.879 F10800
G1 E-2.5 F4200
G1 Z44.8 F720
G1 X99.022 Y94.998 F10800
G1 Z44.6 F720
G1 E2.5 F2400
M204 P4000
;TYPE:Internal infill
;WIDTH:0.45
G1 F900
G1 X99.022 Y96.522 E.05159
G1 X98.825 Y96.522 E.00667
G1 X95.978 Y93.675 E.13628
G1 X95.978 Y93.233 E.01496
G1 X99.022 Y90.189 E.14571
G1 X99.022 Y89.811 E.01279
G1 X95.978 Y86.767 E.14571
G1 X95.978 Y86.325 E.01496
G1 X98.825 Y83.478 E.13628
G1 X97.295 Y83.478 E.05179
G1 X99.022 Y85.205 E.08267
G1 X99.022 Y85.584 E.01283
G1 X95.978 Y88.627 E.14569
G1 X95.978 Y89.07 E.015
G1 X99.022 Y92.114 E.14571
G1 X99.022 Y92.492 E.01279
G1 X95.978 Y95.536 E.14571
G1 X95.978 Y95.978 E.01496
G1 X96.522 Y96.522 E.02604
G1 X97.295 Y96.522 E.02617
G1 X99.022 Y94.795 E.08267
G1 X99.022 Y94.416 E.01283
G1 X95.978 Y91.373 E.14569
G1 X95.978 Y90.93 E.015
G1 X99.022 Y87.886 E.14571
G1 X99.022 Y87.508 E.01279
G1 X95.978 Y84.464 E.14571
G1 X95.978 Y84.022 E.01496
G1 X96.522 Y83.478 E.02604
G1 X95.978 Y83.478 E.01841
G1 X95.978 Y83.818 E.01151
M204 P2000
;LAYER_CHANGE
;Z:44.8
;HEIGHT:0.200001
;BEFORE_LAYER_CHANGE
G92 E0.0
;44.8
M201 X3990.59 Y3990.59

G1 E-2.5 F4200
G1 Z44.8 F720
;AFTER_LAYER_CHANGE
;44.8
M74 W4.0899

G1 Z45
G1 X95.632 Y96.868 F10800
G1 Z44.8 F720
G1 E2.5 F2400
M204 P2500
;TYPE:Perimeter
;WIDTH:0.449999
G1 F900
G1 X95.632 Y83.132 E.46495
G1 X99.368 Y83.132 E.12646
M73 Q76 S12
G1 X99.368 Y96.868 E.46495
G1 X95.692 Y96.868 E.12443
M73 P76 R12
M204 P2000
G1 X95.225 Y97.275 F10800
;TYPE:External perimeter
G1 F900
G1 X95.225 Y82.725 E.4925
G1 X99.775 Y82.725 E.15401
G1 X99.775 Y97.275 E.4925
G1 X95.285 Y97.275 E.15198
G1 X95.226 Y96.879 F10800
G1 E-2.5 F4200
G1 Z45 F720
G1 X99.022 Y94.998 F10800
G1 Z44.8 F720
G1 E2.5 F2400
M204 P4000
;TYPE:Internal infill
;WIDTH:0.45
G1 F900
G1 X99.022 Y96.522 E.05159
G1 X98.825 Y96.522 E.00667
G1 X95.978 Y93.675 E.13628
G1 X95.978 Y93.233 E.01496
G1 X99.022 Y90.189 E.14571
G1 X99.022 Y89.811 E.01279
G1 X95.978 Y86.767 E.14571
G1 X95.978 Y86.325 E.01496
G1 X98.825 Y83.478 E.13628
G1 X97.295 Y83.478 E.05179
G1 X99.022 Y85.205 E.08267
G1 X99.022 Y85.584 E.01283
G1 X95.978 Y88.627 E.14569
G1 X95.978 Y89.07 E.015
G1 X99.022 Y92.114 E.14571
G1 X99.022 Y92.492 E.01279
G1 X95.978 Y95.536 E.14571
G1 X95.978 Y95.978 E.01496
G1 X96.522 Y96.522 E.02604
G1 X97.295 Y96.522 E.02617
G1 X99.022 Y94.795 E.08267
G1 X99.022 Y94.416 E.01283
G1 X95.978 Y91.373 E.14569
G1 X95.978 Y90.93 E.015
G1 X99.022 Y87.886 E.14571
G1 X99.022 Y87.508 E.01279
G1 X95.978 Y84.464 E.14571
G1 X95.978 Y84.022 E.01496
G1 X96.522 Y83.478 E.02604
G1 X95.978 Y83.478 E.01841
G1 X95.978 Y83.818 E.01151
M204 P2000
;LAYER_CHANGE
;Z:45
;HEIGHT:0.200001
;BEFORE_LAYER_CHANGE
G92 E0.0
;45
M201 X3990.56 Y3990.56

G1 E-2.5 F4200
G1 Z45 F720
;AFTER_LAYER_CHANGE
;45
M74 W4.10317

G1 Z45.2
G1 X95.632 Y96.868 F10800
G1 Z45 F720
G1 E2.5 F2400
M204 P2500
;TYPE:Perimeter
;WIDTH:0.449999
G1 F900
G1 X95.632 Y83.132 E.46495
G1 X99.368 Y83.132 E.12646
G1 X99.368 Y96.868 E.46495
G1 X95.692 Y96.868 E.12443
M204 P2000
G1 X95.225 Y97.275 F10800
;TYPE:External perimeter
G1 F900
G1 X95.225 Y82.725 E.4925
G1 X99.775 Y82.725 E.15401
G1 X99.775 Y97.275 E.4925
G1 X95.285 Y97.275 E.15198
G1 X95.226 Y96.879 F10800
G1 E-2.5 F4200
G1 Z45.2 F720
G1 X99.022 Y94.998 F10800
G1 Z45 F720
G1 E2.5 F2400
M204 P4000
;TYPE:Internal infill
;WIDTH:0.45
G1 F900
G1 X99.022 Y96.522 E.05159
G1 X98.825 Y96.522 E.00667
G1 X95.978 Y93.675 E.13628
G1 X95.978 Y93.233 E.01496
G1 X99.022 Y90.189 E.14571
G1 X99.022 Y89.811 E.01279
G1 X95.978 Y86.767 E.14571
G1 X95.978 Y86.325 E.01496
G1 X98.825 Y83.478 E.13628
G1 X97.295 Y83.478 E.05179
G1 X99.022 Y85.205 E.08267
G1 X99.022 Y85.584 E.01283
G1 X95.978 Y88.627 E.14569
G1 X95.978 Y89.07 E.015
G1 X99.022 Y92.114 E.14571
G1 X99.022 Y92.492 E.01279
G1 X95.978 Y95.536 E.14571
G1 X95.978 Y95.978 E.01496
G1 X96.522 Y96.522 E.02604
G1 X97.295 Y96.522 E.02617
G1 X99.022 Y94.795 E.08267
G1 X99.022 Y94.416 E.01283
G1 X95.978 Y91.373 E.14569
G1 X95.978 Y90.93 E.015
G1 X99.022 Y87.886 E.14571
G1 X99.022 Y87.508 E.01279
G1 X95.978 Y84.464 E.14571
G1 X95.978 Y84.022 E.01496
G1 X96.522 Y83.478 E.02604
G1 X95.978 Y83.478 E.01841
G1 X95.978 Y83.818 E.01151
M204 P2000
;LAYER_CHANGE
;Z:45.2
;HEIGHT:0.200001
;BEFORE_LAYER_CHANGE
G92 E0.0
;45.2
M201 X3990.53 Y3990.53

G1 E-2.5 F4200
G1 Z45.2 F720
;AFTER_LAYER_CHANGE
;45.2
M74 W4.11643

G1 Z45.4
G1 X95.632 Y96.868 F10800
G1 Z45.2 F720
G1 E2.5 F2400
M204 P2500
;TYPE:Perimeter
;WIDTH:0.449999
G1 F900
G1 X95.632 Y83.132 E.46495
G1 X99.368 Y83.132 E.12646
G1 X99.368 Y96.868 E.46495
G1 X95.692 Y96.868 E.12443
M204 P2000
G1 X95.225 Y97.275 F10800
;TYPE:External perimeter
G1 F900
G1 X95.225 Y82.725 E.4925
G1 X99.775 Y82.725 E.15401
G1 X99.775 Y97.275 E.4925
G1 X95.285 Y97.275 E.15198
G1 X95.226 Y96.879 F10800
G1 E-2.5 F4200
G1 Z45.4 F720
G1 X99.022 Y94.998 F10800
G1 Z45.2 F720
G1 E2.5 F2400
M204 P4000
;TYPE:Internal infill
;WIDTH:0.45
G1 F900
G1 X99.022 Y96.522 E.05159
G1 X98.825 Y96.522 E.00667
G1 X95.978 Y93.675 E.13628
G1 X95.978 Y93.233 E.01496
G1 X99.022 Y90.189 E.14571
G1 X99.022 Y89.811 E.01279
G1 X95.978 Y86.767 E.14571
G1 X95.978 Y86.325 E.01496
G1 X98.825 Y83.478 E.13628
G1 X97.295 Y83.478 E.05179
G1 X99.022 Y85.205 E.08267
G1 X99.022 Y85.584 E.01283
G1 X95.978 Y88.627 E.14569
G1 X95.978 Y89.07 E.015
G1 X99.022 Y92.114 E.14571
G1 X99.022 Y92.492 E.01279
G1 X95.978 Y95.536 E.14571
G1 X95.978 Y95.978 E.01496
G1 X96.522 Y96.522 E.02604
G1 X97.295 Y96.522 E.02617
G1 X99.022 Y94.795 E.08267
G1 X99.022 Y94.416 E.01283
G1 X95.978 Y91.373 E.14569
G1 X95.978 Y90.93 E.015
G1 X99.022 Y87.886 E.14571
G1 X99.022 Y87.508 E.01279
G1 X95.978 Y84.464 E.14571
G1 X95.978 Y84.022 E.01496
G1 X96.522 Y83.478 E.02604
G1 X95.978 Y83.478 E.01841
G1 X95.978 Y83.818 E.01151
M204 P2000
;LAYER_CHANGE
;Z:45.4
;HEIGHT:0.200001
;BEFORE_LAYER_CHANGE
G92 E0.0
;45.4
M201 X3990.5 Y3990.5

G1 E-2.5 F4200
G1 Z45.4 F720
;AFTER_LAYER_CHANGE
;45.4
M74 W4.1297

G1 Z45.6
G1 X95.632 Y96.868 F10800
G1 Z45.4 F720
G1 E2.5 F2400
M204 P2500
;TYPE:Perimeter
;WIDTH:0.449999
G1 F900
G1 X95.632 Y83.132 E.46495
G1 X99.368 Y83.132 E.12646
G1 X99.368 Y96.868 E.46495
G1 X95.692 Y96.868 E.12443
M204 P2000
G1 X95.225 Y97.275 F10800
M73 P76 R11
;TYPE:External perimeter
G1 F900
G1 X95.225 Y82.725 E.4925
G1 X99.775 Y82.725 E.15401
G1 X99.775 Y97.275 E.4925
M73 Q77 S12
G1 X95.285 Y97.275 E.15198
G1 X95.226 Y96.879 F10800
M73 P77 R11
G1 E-2.5 F4200
G1 Z45.6 F720
G1 X99.022 Y94.998 F10800
G1 Z45.4 F720
G1 E2.5 F2400
M204 P4000
;TYPE:Internal infill
;WIDTH:0.45
G1 F900
G1 X99.022 Y96.522 E.05159
G1 X98.825 Y96.522 E.00667
G1 X95.978 Y93.675 E.13628
G1 X95.978 Y93.233 E.01496
G1 X99.022 Y90.189 E.14571
G1 X99.022 Y89.811 E.01279
G1 X95.978 Y86.767 E.14571
G1 X95.978 Y86.325 E.01496
G1 X98.825 Y83.478 E.13628
G1 X97.295 Y83.478 E.05179
G1 X99.022 Y85.205 E.08267
M73 Q77 S11
G1 X99.022 Y85.584 E.01283
G1 X95.978 Y88.627 E.14569
G1 X95.978 Y89.07 E.015
G1 X99.022 Y92.114 E.14571
G1 X99.022 Y92.492 E.01279
G1 X95.978 Y95.536 E.14571
G1 X95.978 Y95.978 E.01496
G1 X96.522 Y96.522 E.02604
G1 X97.295 Y96.522 E.02617
G1 X99.022 Y94.795 E.08267
G1 X99.022 Y94.416 E.01283
G1 X95.978 Y91.373 E.14569
G1 X95.978 Y90.93 E.015
G1 X99.022 Y87.886 E.14571
G1 X99.022 Y87.508 E.01279
G1 X95.978 Y84.464 E.14571
G1 X95.978 Y84.022 E.01496
G1 X96.522 Y83.478 E.02604
G1 X95.978 Y83.478 E.01841
G1 X95.978 Y83.818 E.01151
M204 P2000
;LAYER_CHANGE
;Z:45.6
;HEIGHT:0.199997
;BEFORE_LAYER_CHANGE
G92 E0.0
;45.6
M201 X3990.47 Y3990.47

G1 E-2.5 F4200
G1 Z45.6 F720
;AFTER_LAYER_CHANGE
;45.6
M74 W4.14296

G1 Z45.8
G1 X95.632 Y96.868 F10800
G1 Z45.6 F720
G1 E2.5 F2400
M204 P2500
;TYPE:Perimeter
;WIDTH:0.449999
G1 F900
G1 X95.632 Y83.132 E.46495
G1 X99.368 Y83.132 E.12646
G1 X99.368 Y96.868 E.46495
G1 X95.692 Y96.868 E.12443
M204 P2000
G1 X95.225 Y97.275 F10800
;TYPE:External perimeter
G1 F900
G1 X95.225 Y82.725 E.4925
G1 X99.775 Y82.725 E.15401
G1 X99.775 Y97.275 E.4925
G1 X95.285 Y97.275 E.15198
G1 X95.226 Y96.879 F10800
G1 E-2.5 F4200
G1 Z45.8 F720
G1 X99.022 Y94.998 F10800
G1 Z45.6 F720
G1 E2.5 F2400
M204 P4000
;TYPE:Internal infill
;WIDTH:0.45
G1 F900
G1 X99.022 Y96.522 E.05159
G1 X98.825 Y96.522 E.00667
G1 X95.978 Y93.675 E.13628
G1 X95.978 Y93.233 E.01496
G1 X99.022 Y90.189 E.14571
G1 X99.022 Y89.811 E.01279
G1 X95.978 Y86.767 E.14571
G1 X95.978 Y86.325 E.01496
G1 X98.825 Y83.478 E.13628
G1 X97.295 Y83.478 E.05179
G1 X99.022 Y85.205 E.08267
G1 X99.022 Y85.584 E.01283
G1 X95.978 Y88.627 E.14569
G1 X95.978 Y89.07 E.015
G1 X99.022 Y92.114 E.14571
G1 X99.022 Y92.492 E.01279
G1 X95.978 Y95.536 E.14571
G1 X95.978 Y95.978 E.01496
G1 X96.522 Y96.522 E.02604
G1 X97.295 Y96.522 E.02617
G1 X99.022 Y94.795 E.08267
G1 X99.022 Y94.416 E.01283
G1 X95.978 Y91.373 E.14569
G1 X95.978 Y90.93 E.015
G1 X99.022 Y87.886 E.14571
G1 X99.022 Y87.508 E.01279
G1 X95.978 Y84.464 E.14571
G1 X95.978 Y84.022 E.01496
G1 X96.522 Y83.478 E.02604
G1 X95.978 Y83.478 E.01841
G1 X95.978 Y83.818 E.01151
M204 P2000
;LAYER_CHANGE
;Z:45.8
;HEIGHT:0.200001
;BEFORE_LAYER_CHANGE
G92 E0.0
;45.8
M201 X3990.44 Y3990.44

G1 E-2.5 F4200
G1 Z45.8 F720
;AFTER_LAYER_CHANGE
;45.8
M74 W4.15623

G1 Z46
G1 X95.632 Y96.868 F10800
G1 Z45.8 F720
G1 E2.5 F2400
M204 P2500
;TYPE:Perimeter
;WIDTH:0.449999
G1 F900
G1 X95.632 Y83.132 E.46495
G1 X99.368 Y83.132 E.12646
G1 X99.368 Y96.868 E.46495
G1 X95.692 Y96.868 E.12443
M204 P2000
G1 X95.225 Y97.275 F10800
;TYPE:External perimeter
G1 F900
G1 X95.225 Y82.725 E.4925
G1 X99.775 Y82.725 E.15401
G1 X99.775 Y97.275 E.4925
G1 X95.285 Y97.275 E.15198
G1 X95.226 Y96.879 F10800
G1 E-2.5 F4200
G1 Z46 F720
G1 X99.022 Y94.998 F10800
G1 Z45.8 F720
G1 E2.5 F2400
M204 P4000
;TYPE:Internal infill
;WIDTH:0.45
G1 F900
G1 X99.022 Y96.522 E.05159
G1 X98.825 Y96.522 E.00667
G1 X95.978 Y93.675 E.13628
G1 X95.978 Y93.233 E.01496
G1 X99.022 Y90.189 E.14571
G1 X99.022 Y89.811 E.01279
G1 X95.978 Y86.767 E.14571
G1 X95.978 Y86.325 E.01496
G1 X98.825 Y83.478 E.13628
G1 X97.295 Y83.478 E.05179
G1 X99.022 Y85.205 E.08267
G1 X99.022 Y85.584 E.01283
G1 X95.978 Y88.627 E.14569
G1 X95.978 Y89.07 E.015
G1 X99.022 Y92.114 E.14571
G1 X99.022 Y92.492 E.01279
G1 X95.978 Y95.536 E.14571
G1 X95.978 Y95.978 E.01496
G1 X96.522 Y96.522 E.02604
G1 X97.295 Y96.522 E.02617
G1 X99.022 Y94.795 E.08267
G1 X99.022 Y94.416 E.01283
G1 X95.978 Y91.373 E.14569
G1 X95.978 Y90.93 E.015
G1 X99.022 Y87.886 E.14571
G1 X99.022 Y87.508 E.01279
G1 X95.978 Y84.464 E.14571
G1 X95.978 Y84.022 E.01496
G1 X96.522 Y83.478 E.02604
G1 X95.978 Y83.478 E.01841
G1 X95.978 Y83.818 E.01151
M204 P2000
;LAYER_CHANGE
;Z:46
;HEIGHT:0.200001
;BEFORE_LAYER_CHANGE
G92 E0.0
;46
M201 X3990.41 Y3990.41

G1 E-2.5 F4200
G1 Z46 F720
;AFTER_LAYER_CHANGE
;46
M74 W4.16949

G1 Z46.2
G1 X95.632 Y96.868 F10800
G1 Z46 F720
G1 E2.5 F2400
M204 P2500
;TYPE:Perimeter
;WIDTH:0.449999
G1 F900
G1 X95.632 Y83.132 E.46495
G1 X99.368 Y83.132 E.12646
G1 X99.368 Y96.868 E.46495
G1 X95.692 Y96.868 E.12443
M204 P2000
G1 X95.225 Y97.275 F10800
;TYPE:External perimeter
G1 F900
G1 X95.225 Y82.725 E.4925
G1 X99.775 Y82.725 E.15401
G1 X99.775 Y97.275 E.4925
G1 X95.285 Y97.275 E.15198
G1 X95.226 Y96.879 F10800
G1 E-2.5 F4200
G1 Z46.2 F720
G1 X99.022 Y94.998 F10800
G1 Z46 F720
G1 E2.5 F2400
M204 P4000
;TYPE:Internal infill
;WIDTH:0.45
G1 F900
G1 X99.022 Y96.522 E.05159
G1 X98.825 Y96.522 E.00667
G1 X95.978 Y93.675 E.13628
G1 X95.978 Y93.233 E.01496
G1 X99.022 Y90.189 E.14571
G1 X99.022 Y89.811 E.01279
G1 X95.978 Y86.767 E.14571
G1 X95.978 Y86.325 E.01496
G1 X98.825 Y83.478 E.13628
G1 X97.295 Y83.478 E.05179
M73 Q78 S11
G1 X99.022 Y85.205 E.08267
G1 X99.022 Y85.584 E.01283
G1 X95.978 Y88.627 E.14569
G1 X95.978 Y89.07 E.015
G1 X99.022 Y92.114 E.14571
G1 X99.022 Y92.492 E.01279
G1 X95.978 Y95.536 E.14571
G1 X95.978 Y95.978 E.01496
M73 P78 R11
G1 X96.522 Y96.522 E.02604
G1 X97.295 Y96.522 E.02617
G1 X99.022 Y94.795 E.08267
G1 X99.022 Y94.416 E.01283
G1 X95.978 Y91.373 E.14569
G1 X95.978 Y90.93 E.015
G1 X99.022 Y87.886 E.14571
G1 X99.022 Y87.508 E.01279
G1 X95.978 Y84.464 E.14571
G1 X95.978 Y84.022 E.01496
G1 X96.522 Y83.478 E.02604
G1 X95.978 Y83.478 E.01841
G1 X95.978 Y83.818 E.01151
M204 P2000
;LAYER_CHANGE
;Z:46.2
;HEIGHT:0.200001
;BEFORE_LAYER_CHANGE
G92 E0.0
;46.2
M201 X3990.38 Y3990.38

G1 E-2.5 F4200
G1 Z46.2 F720
;AFTER_LAYER_CHANGE
;46.2
M74 W4.18276

G1 Z46.4
G1 X95.632 Y96.868 F10800
G1 Z46.2 F720
G1 E2.5 F2400
M204 P2500
;TYPE:Perimeter
;WIDTH:0.449999
G1 F900
G1 X95.632 Y83.132 E.46495
G1 X99.368 Y83.132 E.12646
G1 X99.368 Y96.868 E.46495
G1 X95.692 Y96.868 E.12443
M204 P2000
G1 X95.225 Y97.275 F10800
;TYPE:External perimeter
G1 F900
G1 X95.225 Y82.725 E.4925
G1 X99.775 Y82.725 E.15401
G1 X99.775 Y97.275 E.4925
G1 X95.285 Y97.275 E.15198
G1 X95.226 Y96.879 F10800
G1 E-2.5 F4200
G1 Z46.4 F720
G1 X99.022 Y94.998 F10800
G1 Z46.2 F720
G1 E2.5 F2400
M204 P4000
;TYPE:Internal infill
;WIDTH:0.45
G1 F900
G1 X99.022 Y96.522 E.05159
G1 X98.825 Y96.522 E.00667
G1 X95.978 Y93.675 E.13628
G1 X95.978 Y93.233 E.01496
G1 X99.022 Y90.189 E.14571
G1 X99.022 Y89.811 E.01279
G1 X95.978 Y86.767 E.14571
G1 X95.978 Y86.325 E.01496
G1 X98.825 Y83.478 E.13628
G1 X97.295 Y83.478 E.05179
G1 X99.022 Y85.205 E.08267
G1 X99.022 Y85.584 E.01283
G1 X95.978 Y88.627 E.14569
G1 X95.978 Y89.07 E.015
G1 X99.022 Y92.114 E.14571
G1 X99.022 Y92.492 E.01279
G1 X95.978 Y95.536 E.14571
G1 X95.978 Y95.978 E.01496
G1 X96.522 Y96.522 E.02604
G1 X97.295 Y96.522 E.02617
G1 X99.022 Y94.795 E.08267
G1 X99.022 Y94.416 E.01283
G1 X95.978 Y91.373 E.14569
G1 X95.978 Y90.93 E.015
G1 X99.022 Y87.886 E.14571
G1 X99.022 Y87.508 E.01279
G1 X95.978 Y84.464 E.14571
G1 X95.978 Y84.022 E.01496
G1 X96.522 Y83.478 E.02604
G1 X95.978 Y83.478 E.01841
G1 X95.978 Y83.818 E.01151
M204 P2000
;LAYER_CHANGE
;Z:46.4
;HEIGHT:0.200001
;BEFORE_LAYER_CHANGE
G92 E0.0
;46.4
M201 X3990.35 Y3990.35

G1 E-2.5 F4200
G1 Z46.4 F720
;AFTER_LAYER_CHANGE
;46.4
M74 W4.19602

G1 Z46.6
G1 X95.632 Y96.868 F10800
G1 Z46.4 F720
G1 E2.5 F2400
M204 P2500
;TYPE:Perimeter
;WIDTH:0.449999
G1 F900
G1 X95.632 Y83.132 E.46495
G1 X99.368 Y83.132 E.12646
G1 X99.368 Y96.868 E.46495
G1 X95.692 Y96.868 E.12443
M204 P2000
G1 X95.225 Y97.275 F10800
;TYPE:External perimeter
G1 F900
G1 X95.225 Y82.725 E.4925
G1 X99.775 Y82.725 E.15401
G1 X99.775 Y97.275 E.4925
G1 X95.285 Y97.275 E.15198
G1 X95.226 Y96.879 F10800
G1 E-2.5 F4200
G1 Z46.6 F720
G1 X99.022 Y94.998 F10800
G1 Z46.4 F720
G1 E2.5 F2400
M204 P4000
;TYPE:Internal infill
;WIDTH:0.45
G1 F900
G1 X99.022 Y96.522 E.05159
G1 X98.825 Y96.522 E.00667
G1 X95.978 Y93.675 E.13628
G1 X95.978 Y93.233 E.01496
G1 X99.022 Y90.189 E.14571
G1 X99.022 Y89.811 E.01279
G1 X95.978 Y86.767 E.14571
G1 X95.978 Y86.325 E.01496
G1 X98.825 Y83.478 E.13628
G1 X97.295 Y83.478 E.05179
G1 X99.022 Y85.205 E.08267
G1 X99.022 Y85.584 E.01283
G1 X95.978 Y88.627 E.14569
G1 X95.978 Y89.07 E.015
G1 X99.022 Y92.114 E.14571
G1 X99.022 Y92.492 E.01279
G1 X95.978 Y95.536 E.14571
G1 X95.978 Y95.978 E.01496
G1 X96.522 Y96.522 E.02604
G1 X97.295 Y96.522 E.02617
G1 X99.022 Y94.795 E.08267
G1 X99.022 Y94.416 E.01283
G1 X95.978 Y91.373 E.14569
G1 X95.978 Y90.93 E.015
G1 X99.022 Y87.886 E.14571
G1 X99.022 Y87.508 E.01279
G1 X95.978 Y84.464 E.14571
G1 X95.978 Y84.022 E.01496
G1 X96.522 Y83.478 E.02604
G1 X95.978 Y83.478 E.01841
G1 X95.978 Y83.818 E.01151
M204 P2000
;LAYER_CHANGE
;Z:46.6
;HEIGHT:0.199997
;BEFORE_LAYER_CHANGE
G92 E0.0
;46.6
M201 X3990.32 Y3990.32

G1 E-2.5 F4200
G1 Z46.6 F720
;AFTER_LAYER_CHANGE
;46.6
M74 W4.20929

G1 Z46.8
G1 X95.632 Y96.868 F10800
G1 Z46.6 F720
G1 E2.5 F2400
M204 P2500
;TYPE:Perimeter
;WIDTH:0.449999
G1 F900
G1 X95.632 Y83.132 E.46495
G1 X99.368 Y83.132 E.12646
G1 X99.368 Y96.868 E.46495
G1 X95.692 Y96.868 E.12443
M204 P2000
G1 X95.225 Y97.275 F10800
;TYPE:External perimeter
G1 F900
G1 X95.225 Y82.725 E.4925
G1 X99.775 Y82.725 E.15401
G1 X99.775 Y97.275 E.4925
G1 X95.285 Y97.275 E.15198
G1 X95.226 Y96.879 F10800
G1 E-2.5 F4200
G1 Z46.8 F720
G1 X99.022 Y94.998 F10800
G1 Z46.6 F720
G1 E2.5 F2400
M204 P4000
;TYPE:Internal infill
;WIDTH:0.45
G1 F900
G1 X99.022 Y96.522 E.05159
G1 X98.825 Y96.522 E.00667
G1 X95.978 Y93.675 E.13628
G1 X95.978 Y93.233 E.01496
M73 P78 R10
G1 X99.022 Y90.189 E.14571
G1 X99.022 Y89.811 E.01279
G1 X95.978 Y86.767 E.14571
G1 X95.978 Y86.325 E.01496
G1 X98.825 Y83.478 E.13628
G1 X97.295 Y83.478 E.05179
G1 X99.022 Y85.205 E.08267
G1 X99.022 Y85.584 E.01283
G1 X95.978 Y88.627 E.14569
G1 X95.978 Y89.07 E.015
G1 X99.022 Y92.114 E.14571
G1 X99.022 Y92.492 E.01279
G1 X95.978 Y95.536 E.14571
G1 X95.978 Y95.978 E.01496
G1 X96.522 Y96.522 E.02604
G1 X97.295 Y96.522 E.02617
G1 X99.022 Y94.795 E.08267
G1 X99.022 Y94.416 E.01283
G1 X95.978 Y91.373 E.14569
G1 X95.978 Y90.93 E.015
G1 X99.022 Y87.886 E.14571
G1 X99.022 Y87.508 E.01279
G1 X95.978 Y84.464 E.14571
G1 X95.978 Y84.022 E.01496
G1 X96.522 Y83.478 E.02604
G1 X95.978 Y83.478 E.01841
G1 X95.978 Y83.818 E.01151
M204 P2000
;LAYER_CHANGE
;Z:46.8
;HEIGHT:0.200001
;BEFORE_LAYER_CHANGE
G92 E0.0
;46.8
M201 X3990.29 Y3990.29

G1 E-2.5 F4200
G1 Z46.8 F720
;AFTER_LAYER_CHANGE
;46.8
M74 W4.22255

G1 Z47
G1 X95.632 Y96.868 F10800
G1 Z46.8 F720
M73 Q79 S11
G1 E2.5 F2400
M204 P2500
;TYPE:Perimeter
;WIDTH:0.449999
G1 F900
G1 X95.632 Y83.132 E.46495
G1 X99.368 Y83.132 E.12646
M73 Q79 S10
G1 X99.368 Y96.868 E.46495
M73 P79 R10
G1 X95.692 Y96.868 E.12443
M204 P2000
G1 X95.225 Y97.275 F10800
;TYPE:External perimeter
G1 F900
G1 X95.225 Y82.725 E.4925
G1 X99.775 Y82.725 E.15401
G1 X99.775 Y97.275 E.4925
G1 X95.285 Y97.275 E.15198
G1 X95.226 Y96.879 F10800
G1 E-2.5 F4200
G1 Z47 F720
G1 X99.022 Y94.998 F10800
G1 Z46.8 F720
G1 E2.5 F2400
M204 P4000
;TYPE:Internal infill
;WIDTH:0.45
G1 F900
G1 X99.022 Y96.522 E.05159
G1 X98.825 Y96.522 E.00667
G1 X95.978 Y93.675 E.13628
G1 X95.978 Y93.233 E.01496
G1 X99.022 Y90.189 E.14571
G1 X99.022 Y89.811 E.01279
G1 X95.978 Y86.767 E.14571
G1 X95.978 Y86.325 E.01496
G1 X98.825 Y83.478 E.13628
G1 X97.295 Y83.478 E.05179
G1 X99.022 Y85.205 E.08267
G1 X99.022 Y85.584 E.01283
G1 X95.978 Y88.627 E.14569
G1 X95.978 Y89.07 E.015
G1 X99.022 Y92.114 E.14571
G1 X99.022 Y92.492 E.01279
G1 X95.978 Y95.536 E.14571
G1 X95.978 Y95.978 E.01496
G1 X96.522 Y96.522 E.02604
G1 X97.295 Y96.522 E.02617
G1 X99.022 Y94.795 E.08267
G1 X99.022 Y94.416 E.01283
G1 X95.978 Y91.373 E.14569
G1 X95.978 Y90.93 E.015
G1 X99.022 Y87.886 E.14571
G1 X99.022 Y87.508 E.01279
G1 X95.978 Y84.464 E.14571
G1 X95.978 Y84.022 E.01496
G1 X96.522 Y83.478 E.02604
G1 X95.978 Y83.478 E.01841
G1 X95.978 Y83.818 E.01151
M204 P2000
;LAYER_CHANGE
;Z:47
;HEIGHT:0.200001
;BEFORE_LAYER_CHANGE
G92 E0.0
;47
M201 X3990.26 Y3990.26

G1 E-2.5 F4200
G1 Z47 F720
;AFTER_LAYER_CHANGE
;47
M74 W4.23582

G1 Z47.2
G1 X95.632 Y96.868 F10800
G1 Z47 F720
G1 E2.5 F2400
M204 P2500
;TYPE:Perimeter
;WIDTH:0.449999
G1 F900
G1 X95.632 Y83.132 E.46495
G1 X99.368 Y83.132 E.12646
G1 X99.368 Y96.868 E.46495
G1 X95.692 Y96.868 E.12443
M204 P2000
G1 X95.225 Y97.275 F10800
;TYPE:External perimeter
G1 F900
G1 X95.225 Y82.725 E.4925
G1 X99.775 Y82.725 E.15401
G1 X99.775 Y97.275 E.4925
G1 X95.285 Y97.275 E.15198
G1 X95.226 Y96.879 F10800
G1 E-2.5 F4200
G1 Z47.2 F720
G1 X99.022 Y94.998 F10800
G1 Z47 F720
G1 E2.5 F2400
M204 P4000
;TYPE:Internal infill
;WIDTH:0.45
G1 F900
G1 X99.022 Y96.522 E.05159
G1 X98.825 Y96.522 E.00667
G1 X95.978 Y93.675 E.13628
G1 X95.978 Y93.233 E.01496
G1 X99.022 Y90.189 E.14571
G1 X99.022 Y89.811 E.01279
G1 X95.978 Y86.767 E.14571
G1 X95.978 Y86.325 E.01496
G1 X98.825 Y83.478 E.13628
G1 X97.295 Y83.478 E.05179
G1 X99.022 Y85.205 E.08267
G1 X99.022 Y85.584 E.01283
G1 X95.978 Y88.627 E.14569
G1 X95.978 Y89.07 E.015
G1 X99.022 Y92.114 E.14571
G1 X99.022 Y92.492 E.01279
G1 X95.978 Y95.536 E.14571
G1 X95.978 Y95.978 E.01496
G1 X96.522 Y96.522 E.02604
G1 X97.295 Y96.522 E.02617
G1 X99.022 Y94.795 E.08267
G1 X99.022 Y94.416 E.01283
G1 X95.978 Y91.373 E.14569
G1 X95.978 Y90.93 E.015
G1 X99.022 Y87.886 E.14571
G1 X99.022 Y87.508 E.01279
G1 X95.978 Y84.464 E.14571
G1 X95.978 Y84.022 E.01496
G1 X96.522 Y83.478 E.02604
G1 X95.978 Y83.478 E.01841
G1 X95.978 Y83.818 E.01151
M204 P2000
;LAYER_CHANGE
;Z:47.2
;HEIGHT:0.200001
;BEFORE_LAYER_CHANGE
G92 E0.0
;47.2
M201 X3990.23 Y3990.23

G1 E-2.5 F4200
G1 Z47.2 F720
;AFTER_LAYER_CHANGE
;47.2
M74 W4.24908

G1 Z47.4
G1 X95.632 Y96.868 F10800
G1 Z47.2 F720
G1 E2.5 F2400
M204 P2500
;TYPE:Perimeter
;WIDTH:0.449999
G1 F900
G1 X95.632 Y83.132 E.46495
G1 X99.368 Y83.132 E.12646
G1 X99.368 Y96.868 E.46495
G1 X95.692 Y96.868 E.12443
M204 P2000
G1 X95.225 Y97.275 F10800
;TYPE:External perimeter
G1 F900
G1 X95.225 Y82.725 E.4925
G1 X99.775 Y82.725 E.15401
G1 X99.775 Y97.275 E.4925
G1 X95.285 Y97.275 E.15198
G1 X95.226 Y96.879 F10800
G1 E-2.5 F4200
G1 Z47.4 F720
G1 X99.022 Y94.998 F10800
G1 Z47.2 F720
G1 E2.5 F2400
M204 P4000
;TYPE:Internal infill
;WIDTH:0.45
G1 F900
G1 X99.022 Y96.522 E.05159
G1 X98.825 Y96.522 E.00667
G1 X95.978 Y93.675 E.13628
G1 X95.978 Y93.233 E.01496
G1 X99.022 Y90.189 E.14571
G1 X99.022 Y89.811 E.01279
G1 X95.978 Y86.767 E.14571
G1 X95.978 Y86.325 E.01496
G1 X98.825 Y83.478 E.13628
G1 X97.295 Y83.478 E.05179
G1 X99.022 Y85.205 E.08267
G1 X99.022 Y85.584 E.01283
G1 X95.978 Y88.627 E.14569
G1 X95.978 Y89.07 E.015
G1 X99.022 Y92.114 E.14571
G1 X99.022 Y92.492 E.01279
G1 X95.978 Y95.536 E.14571
G1 X95.978 Y95.978 E.01496
G1 X96.522 Y96.522 E.02604
G1 X97.295 Y96.522 E.02617
G1 X99.022 Y94.795 E.08267
G1 X99.022 Y94.416 E.01283
G1 X95.978 Y91.373 E.14569
G1 X95.978 Y90.93 E.015
G1 X99.022 Y87.886 E.14571
G1 X99.022 Y87.508 E.01279
G1 X95.978 Y84.464 E.14571
G1 X95.978 Y84.022 E.01496
G1 X96.522 Y83.478 E.02604
G1 X95.978 Y83.478 E.01841
G1 X95.978 Y83.818 E.01151
M204 P2000
;LAYER_CHANGE
;Z:47.4
;HEIGHT:0.200001
;BEFORE_LAYER_CHANGE
G92 E0.0
;47.4
M201 X3990.2 Y3990.2

G1 E-2.5 F4200
G1 Z47.4 F720
;AFTER_LAYER_CHANGE
;47.4
M74 W4.26234

G1 Z47.6
G1 X95.632 Y96.868 F10800
G1 Z47.4 F720
G1 E2.5 F2400
M204 P2500
;TYPE:Perimeter
;WIDTH:0.449999
G1 F900
G1 X95.632 Y83.132 E.46495
G1 X99.368 Y83.132 E.12646
G1 X99.368 Y96.868 E.46495
G1 X95.692 Y96.868 E.12443
M204 P2000
G1 X95.225 Y97.275 F10800
;TYPE:External perimeter
G1 F900
G1 X95.225 Y82.725 E.4925
G1 X99.775 Y82.725 E.15401
M73 Q80 S10
G1 X99.775 Y97.275 E.4925
G1 X95.285 Y97.275 E.15198
M73 P80 R10
G1 X95.226 Y96.879 F10800
G1 E-2.5 F4200
G1 Z47.6 F720
G1 X99.022 Y94.998 F10800
G1 Z47.4 F720
G1 E2.5 F2400
M204 P4000
;TYPE:Internal infill
;WIDTH:0.45
G1 F900
G1 X99.022 Y96.522 E.05159
G1 X98.825 Y96.522 E.00667
G1 X95.978 Y93.675 E.13628
G1 X95.978 Y93.233 E.01496
G1 X99.022 Y90.189 E.14571
G1 X99.022 Y89.811 E.01279
G1 X95.978 Y86.767 E.14571
G1 X95.978 Y86.325 E.01496
G1 X98.825 Y83.478 E.13628
G1 X97.295 Y83.478 E.05179
G1 X99.022 Y85.205 E.08267
G1 X99.022 Y85.584 E.01283
G1 X95.978 Y88.627 E.14569
G1 X95.978 Y89.07 E.015
G1 X99.022 Y92.114 E.14571
G1 X99.022 Y92.492 E.01279
G1 X95.978 Y95.536 E.14571
G1 X95.978 Y95.978 E.01496
G1 X96.522 Y96.522 E.02604
G1 X97.295 Y96.522 E.02617
G1 X99.022 Y94.795 E.08267
G1 X99.022 Y94.416 E.01283
G1 X95.978 Y91.373 E.14569
G1 X95.978 Y90.93 E.015
G1 X99.022 Y87.886 E.14571
G1 X99.022 Y87.508 E.01279
G1 X95.978 Y84.464 E.14571
G1 X95.978 Y84.022 E.01496
G1 X96.522 Y83.478 E.02604
G1 X95.978 Y83.478 E.01841
G1 X95.978 Y83.818 E.01151
M204 P2000
;LAYER_CHANGE
;Z:47.6
;HEIGHT:0.199997
;BEFORE_LAYER_CHANGE
G92 E0.0
;47.6
M201 X3990.17 Y3990.17

G1 E-2.5 F4200
G1 Z47.6 F720
;AFTER_LAYER_CHANGE
;47.6
M74 W4.27561

G1 Z47.8
G1 X95.632 Y96.868 F10800
G1 Z47.6 F720
G1 E2.5 F2400
M204 P2500
;TYPE:Perimeter
;WIDTH:0.449999
G1 F900
G1 X95.632 Y83.132 E.46495
G1 X99.368 Y83.132 E.12646
G1 X99.368 Y96.868 E.46495
G1 X95.692 Y96.868 E.12443
M204 P2000
G1 X95.225 Y97.275 F10800
;TYPE:External perimeter
G1 F900
G1 X95.225 Y82.725 E.4925
G1 X99.775 Y82.725 E.15401
G1 X99.775 Y97.275 E.4925
G1 X95.285 Y97.275 E.15198
G1 X95.226 Y96.879 F10800
G1 E-2.5 F4200
G1 Z47.8 F720
G1 X99.022 Y94.998 F10800
G1 Z47.6 F720
G1 E2.5 F2400
M204 P4000
;TYPE:Internal infill
;WIDTH:0.45
G1 F900
G1 X99.022 Y96.522 E.05159
G1 X98.825 Y96.522 E.00667
G1 X95.978 Y93.675 E.13628
G1 X95.978 Y93.233 E.01496
G1 X99.022 Y90.189 E.14571
G1 X99.022 Y89.811 E.01279
G1 X95.978 Y86.767 E.14571
G1 X95.978 Y86.325 E.01496
G1 X98.825 Y83.478 E.13628
G1 X97.295 Y83.478 E.05179
G1 X99.022 Y85.205 E.08267
G1 X99.022 Y85.584 E.01283
G1 X95.978 Y88.627 E.14569
G1 X95.978 Y89.07 E.015
G1 X99.022 Y92.114 E.14571
G1 X99.022 Y92.492 E.01279
G1 X95.978 Y95.536 E.14571
G1 X95.978 Y95.978 E.01496
G1 X96.522 Y96.522 E.02604
G1 X97.295 Y96.522 E.02617
G1 X99.022 Y94.795 E.08267
G1 X99.022 Y94.416 E.01283
G1 X95.978 Y91.373 E.14569
G1 X95.978 Y90.93 E.015
G1 X99.022 Y87.886 E.14571
G1 X99.022 Y87.508 E.01279
G1 X95.978 Y84.464 E.14571
G1 X95.978 Y84.022 E.01496
G1 X96.522 Y83.478 E.02604
G1 X95.978 Y83.478 E.01841
G1 X95.978 Y83.818 E.01151
M204 P2000
;LAYER_CHANGE
;Z:47.8
;HEIGHT:0.200001
;BEFORE_LAYER_CHANGE
G92 E0.0
;47.8
M201 X3990.14 Y3990.14

G1 E-2.5 F4200
G1 Z47.8 F720
;AFTER_LAYER_CHANGE
;47.8
M74 W4.28887

G1 Z48
G1 X95.632 Y96.868 F10800
G1 Z47.8 F720
G1 E2.5 F2400
M204 P2500
;TYPE:Perimeter
;WIDTH:0.449999
G1 F900
G1 X95.632 Y83.132 E.46495
G1 X99.368 Y83.132 E.12646
G1 X99.368 Y96.868 E.46495
G1 X95.692 Y96.868 E.12443
M204 P2000
G1 X95.225 Y97.275 F10800
;TYPE:External perimeter
G1 F900
G1 X95.225 Y82.725 E.4925
G1 X99.775 Y82.725 E.15401
G1 X99.775 Y97.275 E.4925
G1 X95.285 Y97.275 E.15198
G1 X95.226 Y96.879 F10800
G1 E-2.5 F4200
G1 Z48 F720
G1 X99.022 Y94.998 F10800
G1 Z47.8 F720
G1 E2.5 F2400
M204 P4000
;TYPE:Internal infill
;WIDTH:0.45
G1 F900
G1 X99.022 Y96.522 E.05159
G1 X98.825 Y96.522 E.00667
G1 X95.978 Y93.675 E.13628
G1 X95.978 Y93.233 E.01496
G1 X99.022 Y90.189 E.14571
G1 X99.022 Y89.811 E.01279
G1 X95.978 Y86.767 E.14571
G1 X95.978 Y86.325 E.01496
G1 X98.825 Y83.478 E.13628
G1 X97.295 Y83.478 E.05179
G1 X99.022 Y85.205 E.08267
G1 X99.022 Y85.584 E.01283
G1 X95.978 Y88.627 E.14569
G1 X95.978 Y89.07 E.015
G1 X99.022 Y92.114 E.14571
G1 X99.022 Y92.492 E.01279
G1 X95.978 Y95.536 E.14571
G1 X95.978 Y95.978 E.01496
G1 X96.522 Y96.522 E.02604
G1 X97.295 Y96.522 E.02617
G1 X99.022 Y94.795 E.08267
G1 X99.022 Y94.416 E.01283
G1 X95.978 Y91.373 E.14569
G1 X95.978 Y90.93 E.015
G1 X99.022 Y87.886 E.14571
G1 X99.022 Y87.508 E.01279
G1 X95.978 Y84.464 E.14571
G1 X95.978 Y84.022 E.01496
M73 P80 R9
G1 X96.522 Y83.478 E.02604
G1 X95.978 Y83.478 E.01841
G1 X95.978 Y83.818 E.01151
M204 P2000
;LAYER_CHANGE
;Z:48
;HEIGHT:0.200001
;BEFORE_LAYER_CHANGE
G92 E0.0
;48
M201 X3990.11 Y3990.11

G1 E-2.5 F4200
G1 Z48 F720
;AFTER_LAYER_CHANGE
;48
M74 W4.30214

G1 Z48.2
G1 X95.632 Y96.868 F10800
G1 Z48 F720
G1 E2.5 F2400
M204 P2500
;TYPE:Perimeter
;WIDTH:0.449999
G1 F900
G1 X95.632 Y83.132 E.46495
G1 X99.368 Y83.132 E.12646
G1 X99.368 Y96.868 E.46495
G1 X95.692 Y96.868 E.12443
M204 P2000
G1 X95.225 Y97.275 F10800
;TYPE:External perimeter
G1 F900
G1 X95.225 Y82.725 E.4925
G1 X99.775 Y82.725 E.15401
M73 Q80 S9
G1 X99.775 Y97.275 E.4925
G1 X95.285 Y97.275 E.15198
G1 X95.226 Y96.879 F10800
G1 E-2.5 F4200
G1 Z48.2 F720
G1 X99.022 Y94.998 F10800
G1 Z48 F720
G1 E2.5 F2400
M204 P4000
;TYPE:Internal infill
;WIDTH:0.45
G1 F900
G1 X99.022 Y96.522 E.05159
G1 X98.825 Y96.522 E.00667
G1 X95.978 Y93.675 E.13628
G1 X95.978 Y93.233 E.01496
G1 X99.022 Y90.189 E.14571
G1 X99.022 Y89.811 E.01279
M73 Q81 S9
G1 X95.978 Y86.767 E.14571
G1 X95.978 Y86.325 E.01496
G1 X98.825 Y83.478 E.13628
G1 X97.295 Y83.478 E.05179
G1 X99.022 Y85.205 E.08267
G1 X99.022 Y85.584 E.01283
M73 P81 R9
G1 X95.978 Y88.627 E.14569
G1 X95.978 Y89.07 E.015
G1 X99.022 Y92.114 E.14571
G1 X99.022 Y92.492 E.01279
G1 X95.978 Y95.536 E.14571
G1 X95.978 Y95.978 E.01496
G1 X96.522 Y96.522 E.02604
G1 X97.295 Y96.522 E.02617
G1 X99.022 Y94.795 E.08267
G1 X99.022 Y94.416 E.01283
G1 X95.978 Y91.373 E.14569
G1 X95.978 Y90.93 E.015
G1 X99.022 Y87.886 E.14571
G1 X99.022 Y87.508 E.01279
G1 X95.978 Y84.464 E.14571
G1 X95.978 Y84.022 E.01496
G1 X96.522 Y83.478 E.02604
G1 X95.978 Y83.478 E.01841
G1 X95.978 Y83.818 E.01151
M204 P2000
;LAYER_CHANGE
;Z:48.2
;HEIGHT:0.200001
;BEFORE_LAYER_CHANGE
G92 E0.0
;48.2
M201 X3990.07 Y3990.07

G1 E-2.5 F4200
G1 Z48.2 F720
;AFTER_LAYER_CHANGE
;48.2
M74 W4.3154

G1 Z48.4
G1 X95.632 Y96.868 F10800
G1 Z48.2 F720
G1 E2.5 F2400
M204 P2500
;TYPE:Perimeter
;WIDTH:0.449999
G1 F900
G1 X95.632 Y83.132 E.46495
G1 X99.368 Y83.132 E.12646
G1 X99.368 Y96.868 E.46495
G1 X95.692 Y96.868 E.12443
M204 P2000
G1 X95.225 Y97.275 F10800
;TYPE:External perimeter
G1 F900
G1 X95.225 Y82.725 E.4925
G1 X99.775 Y82.725 E.15401
G1 X99.775 Y97.275 E.4925
G1 X95.285 Y97.275 E.15198
G1 X95.226 Y96.879 F10800
G1 E-2.5 F4200
G1 Z48.4 F720
G1 X99.022 Y94.998 F10800
G1 Z48.2 F720
G1 E2.5 F2400
M204 P4000
;TYPE:Internal infill
;WIDTH:0.45
G1 F900
G1 X99.022 Y96.522 E.05159
G1 X98.825 Y96.522 E.00667
G1 X95.978 Y93.675 E.13628
G1 X95.978 Y93.233 E.01496
G1 X99.022 Y90.189 E.14571
G1 X99.022 Y89.811 E.01279
G1 X95.978 Y86.767 E.14571
G1 X95.978 Y86.325 E.01496
G1 X98.825 Y83.478 E.13628
G1 X97.295 Y83.478 E.05179
G1 X99.022 Y85.205 E.08267
G1 X99.022 Y85.584 E.01283
G1 X95.978 Y88.627 E.14569
G1 X95.978 Y89.07 E.015
G1 X99.022 Y92.114 E.14571
G1 X99.022 Y92.492 E.01279
G1 X95.978 Y95.536 E.14571
G1 X95.978 Y95.978 E.01496
G1 X96.522 Y96.522 E.02604
G1 X97.295 Y96.522 E.02617
G1 X99.022 Y94.795 E.08267
G1 X99.022 Y94.416 E.01283
G1 X95.978 Y91.373 E.14569
G1 X95.978 Y90.93 E.015
G1 X99.022 Y87.886 E.14571
G1 X99.022 Y87.508 E.01279
G1 X95.978 Y84.464 E.14571
G1 X95.978 Y84.022 E.01496
G1 X96.522 Y83.478 E.02604
G1 X95.978 Y83.478 E.01841
G1 X95.978 Y83.818 E.01151
M204 P2000
;LAYER_CHANGE
;Z:48.4
;HEIGHT:0.200001
;BEFORE_LAYER_CHANGE
G92 E0.0
;48.4
M201 X3990.04 Y3990.04

G1 E-2.5 F4200
G1 Z48.4 F720
;AFTER_LAYER_CHANGE
;48.4
M74 W4.32867

G1 Z48.6
G1 X95.632 Y96.868 F10800
G1 Z48.4 F720
G1 E2.5 F2400
M204 P2500
;TYPE:Perimeter
;WIDTH:0.449999
G1 F900
G1 X95.632 Y83.132 E.46495
G1 X99.368 Y83.132 E.12646
G1 X99.368 Y96.868 E.46495
G1 X95.692 Y96.868 E.12443
M204 P2000
G1 X95.225 Y97.275 F10800
;TYPE:External perimeter
G1 F900
G1 X95.225 Y82.725 E.4925
G1 X99.775 Y82.725 E.15401
G1 X99.775 Y97.275 E.4925
G1 X95.285 Y97.275 E.15198
G1 X95.226 Y96.879 F10800
G1 E-2.5 F4200
G1 Z48.6 F720
G1 X99.022 Y94.998 F10800
G1 Z48.4 F720
G1 E2.5 F2400
M204 P4000
;TYPE:Internal infill
;WIDTH:0.45
G1 F900
G1 X99.022 Y96.522 E.05159
G1 X98.825 Y96.522 E.00667
G1 X95.978 Y93.675 E.13628
G1 X95.978 Y93.233 E.01496
G1 X99.022 Y90.189 E.14571
G1 X99.022 Y89.811 E.01279
G1 X95.978 Y86.767 E.14571
G1 X95.978 Y86.325 E.01496
G1 X98.825 Y83.478 E.13628
G1 X97.295 Y83.478 E.05179
G1 X99.022 Y85.205 E.08267
G1 X99.022 Y85.584 E.01283
G1 X95.978 Y88.627 E.14569
G1 X95.978 Y89.07 E.015
G1 X99.022 Y92.114 E.14571
G1 X99.022 Y92.492 E.01279
G1 X95.978 Y95.536 E.14571
G1 X95.978 Y95.978 E.01496
G1 X96.522 Y96.522 E.02604
G1 X97.295 Y96.522 E.02617
G1 X99.022 Y94.795 E.08267
G1 X99.022 Y94.416 E.01283
G1 X95.978 Y91.373 E.14569
G1 X95.978 Y90.93 E.015
G1 X99.022 Y87.886 E.14571
G1 X99.022 Y87.508 E.01279
G1 X95.978 Y84.464 E.14571
G1 X95.978 Y84.022 E.01496
G1 X96.522 Y83.478 E.02604
G1 X95.978 Y83.478 E.01841
G1 X95.978 Y83.818 E.01151
M204 P2000
;LAYER_CHANGE
;Z:48.6
;HEIGHT:0.199997
;BEFORE_LAYER_CHANGE
G92 E0.0
;48.6
M201 X3990.01 Y3990.01

G1 E-2.5 F4200
G1 Z48.6 F720
;AFTER_LAYER_CHANGE
;48.6
M74 W4.34193

G1 Z48.8
G1 X95.632 Y96.868 F10800
G1 Z48.6 F720
G1 E2.5 F2400
M204 P2500
;TYPE:Perimeter
;WIDTH:0.449999
G1 F900
G1 X95.632 Y83.132 E.46495
G1 X99.368 Y83.132 E.12646
G1 X99.368 Y96.868 E.46495
G1 X95.692 Y96.868 E.12443
M204 P2000
G1 X95.225 Y97.275 F10800
;TYPE:External perimeter
G1 F900
G1 X95.225 Y82.725 E.4925
G1 X99.775 Y82.725 E.15401
G1 X99.775 Y97.275 E.4925
G1 X95.285 Y97.275 E.15198
G1 X95.226 Y96.879 F10800
G1 E-2.5 F4200
G1 Z48.8 F720
G1 X99.022 Y94.998 F10800
G1 Z48.6 F720
G1 E2.5 F2400
M204 P4000
;TYPE:Internal infill
;WIDTH:0.45
G1 F900
G1 X99.022 Y96.522 E.05159
G1 X98.825 Y96.522 E.00667
G1 X95.978 Y93.675 E.13628
G1 X95.978 Y93.233 E.01496
G1 X99.022 Y90.189 E.14571
G1 X99.022 Y89.811 E.01279
G1 X95.978 Y86.767 E.14571
G1 X95.978 Y86.325 E.01496
G1 X98.825 Y83.478 E.13628
G1 X97.295 Y83.478 E.05179
G1 X99.022 Y85.205 E.08267
G1 X99.022 Y85.584 E.01283
G1 X95.978 Y88.627 E.14569
G1 X95.978 Y89.07 E.015
G1 X99.022 Y92.114 E.14571
G1 X99.022 Y92.492 E.01279
G1 X95.978 Y95.536 E.14571
G1 X95.978 Y95.978 E.01496
G1 X96.522 Y96.522 E.02604
G1 X97.295 Y96.522 E.02617
G1 X99.022 Y94.795 E.08267
G1 X99.022 Y94.416 E.01283
G1 X95.978 Y91.373 E.14569
G1 X95.978 Y90.93 E.015
G1 X99.022 Y87.886 E.14571
G1 X99.022 Y87.508 E.01279
M73 Q82 S9
G1 X95.978 Y84.464 E.14571
G1 X95.978 Y84.022 E.01496
G1 X96.522 Y83.478 E.02604
G1 X95.978 Y83.478 E.01841
G1 X95.978 Y83.818 E.01151
M204 P2000
;LAYER_CHANGE
;Z:48.8
;HEIGHT:0.200001
;BEFORE_LAYER_CHANGE
G92 E0.0
;48.8
M201 X3989.98 Y3989.98

G1 E-2.5 F4200
G1 Z48.8 F720
;AFTER_LAYER_CHANGE
;48.8
M74 W4.3552

G1 Z49
G1 X95.632 Y96.868 F10800
G1 Z48.8 F720
G1 E2.5 F2400
M204 P2500
;TYPE:Perimeter
;WIDTH:0.449999
G1 F900
G1 X95.632 Y83.132 E.46495
G1 X99.368 Y83.132 E.12646
M73 P82 R9
G1 X99.368 Y96.868 E.46495
G1 X95.692 Y96.868 E.12443
M204 P2000
G1 X95.225 Y97.275 F10800
;TYPE:External perimeter
G1 F900
G1 X95.225 Y82.725 E.4925
G1 X99.775 Y82.725 E.15401
G1 X99.775 Y97.275 E.4925
G1 X95.285 Y97.275 E.15198
G1 X95.226 Y96.879 F10800
G1 E-2.5 F4200
G1 Z49 F720
G1 X99.022 Y94.998 F10800
G1 Z48.8 F720
G1 E2.5 F2400
M204 P4000
;TYPE:Internal infill
;WIDTH:0.45
G1 F900
G1 X99.022 Y96.522 E.05159
G1 X98.825 Y96.522 E.00667
G1 X95.978 Y93.675 E.13628
G1 X95.978 Y93.233 E.01496
G1 X99.022 Y90.189 E.14571
G1 X99.022 Y89.811 E.01279
G1 X95.978 Y86.767 E.14571
G1 X95.978 Y86.325 E.01496
G1 X98.825 Y83.478 E.13628
G1 X97.295 Y83.478 E.05179
G1 X99.022 Y85.205 E.08267
G1 X99.022 Y85.584 E.01283
G1 X95.978 Y88.627 E.14569
G1 X95.978 Y89.07 E.015
G1 X99.022 Y92.114 E.14571
G1 X99.022 Y92.492 E.01279
G1 X95.978 Y95.536 E.14571
G1 X95.978 Y95.978 E.01496
G1 X96.522 Y96.522 E.02604
G1 X97.295 Y96.522 E.02617
G1 X99.022 Y94.795 E.08267
G1 X99.022 Y94.416 E.01283
G1 X95.978 Y91.373 E.14569
G1 X95.978 Y90.93 E.015
G1 X99.022 Y87.886 E.14571
G1 X99.022 Y87.508 E.01279
G1 X95.978 Y84.464 E.14571
G1 X95.978 Y84.022 E.01496
G1 X96.522 Y83.478 E.02604
G1 X95.978 Y83.478 E.01841
G1 X95.978 Y83.818 E.01151
M204 P2000
;LAYER_CHANGE
;Z:49
;HEIGHT:0.200001
;BEFORE_LAYER_CHANGE
G92 E0.0
;49
M201 X3989.95 Y3989.95

G1 E-2.5 F4200
G1 Z49 F720
;AFTER_LAYER_CHANGE
;49
M74 W4.36846

G1 Z49.2
G1 X95.632 Y96.868 F10800
G1 Z49 F720
G1 E2.5 F2400
M204 P2500
;TYPE:Perimeter
;WIDTH:0.449999
G1 F900
G1 X95.632 Y83.132 E.46495
G1 X99.368 Y83.132 E.12646
G1 X99.368 Y96.868 E.46495
G1 X95.692 Y96.868 E.12443
M204 P2000
G1 X95.225 Y97.275 F10800
;TYPE:External perimeter
G1 F900
G1 X95.225 Y82.725 E.4925
G1 X99.775 Y82.725 E.15401
G1 X99.775 Y97.275 E.4925
G1 X95.285 Y97.275 E.15198
G1 X95.226 Y96.879 F10800
G1 E-2.5 F4200
G1 Z49.2 F720
G1 X99.022 Y94.998 F10800
G1 Z49 F720
G1 E2.5 F2400
M204 P4000
;TYPE:Internal infill
;WIDTH:0.45
G1 F900
G1 X99.022 Y96.522 E.05159
G1 X98.825 Y96.522 E.00667
G1 X95.978 Y93.675 E.13628
G1 X95.978 Y93.233 E.01496
G1 X99.022 Y90.189 E.14571
G1 X99.022 Y89.811 E.01279
G1 X95.978 Y86.767 E.14571
G1 X95.978 Y86.325 E.01496
G1 X98.825 Y83.478 E.13628
G1 X97.295 Y83.478 E.05179
G1 X99.022 Y85.205 E.08267
G1 X99.022 Y85.584 E.01283
G1 X95.978 Y88.627 E.14569
G1 X95.978 Y89.07 E.015
G1 X99.022 Y92.114 E.14571
G1 X99.022 Y92.492 E.01279
G1 X95.978 Y95.536 E.14571
G1 X95.978 Y95.978 E.01496
G1 X96.522 Y96.522 E.02604
G1 X97.295 Y96.522 E.02617
G1 X99.022 Y94.795 E.08267
G1 X99.022 Y94.416 E.01283
G1 X95.978 Y91.373 E.14569
G1 X95.978 Y90.93 E.015
G1 X99.022 Y87.886 E.14571
G1 X99.022 Y87.508 E.01279
G1 X95.978 Y84.464 E.14571
G1 X95.978 Y84.022 E.01496
G1 X96.522 Y83.478 E.02604
G1 X95.978 Y83.478 E.01841
G1 X95.978 Y83.818 E.01151
M204 P2000
;LAYER_CHANGE
;Z:49.2
;HEIGHT:0.200001
;BEFORE_LAYER_CHANGE
G92 E0.0
;49.2
M201 X3989.92 Y3989.92

G1 E-2.5 F4200
G1 Z49.2 F720
;AFTER_LAYER_CHANGE
;49.2
M74 W4.38173

G1 Z49.4
G1 X95.632 Y96.868 F10800
G1 Z49.2 F720
G1 E2.5 F2400
M204 P2500
;TYPE:Perimeter
;WIDTH:0.449999
G1 F900
G1 X95.632 Y83.132 E.46495
G1 X99.368 Y83.132 E.12646
G1 X99.368 Y96.868 E.46495
G1 X95.692 Y96.868 E.12443
M204 P2000
G1 X95.225 Y97.275 F10800
;TYPE:External perimeter
G1 F900
G1 X95.225 Y82.725 E.4925
G1 X99.775 Y82.725 E.15401
M73 P82 R8
G1 X99.775 Y97.275 E.4925
G1 X95.285 Y97.275 E.15198
G1 X95.226 Y96.879 F10800
G1 E-2.5 F4200
G1 Z49.4 F720
G1 X99.022 Y94.998 F10800
G1 Z49.2 F720
G1 E2.5 F2400
M204 P4000
;TYPE:Internal infill
;WIDTH:0.45
G1 F900
G1 X99.022 Y96.522 E.05159
G1 X98.825 Y96.522 E.00667
G1 X95.978 Y93.675 E.13628
G1 X95.978 Y93.233 E.01496
G1 X99.022 Y90.189 E.14571
G1 X99.022 Y89.811 E.01279
G1 X95.978 Y86.767 E.14571
M73 Q82 S8
G1 X95.978 Y86.325 E.01496
G1 X98.825 Y83.478 E.13628
G1 X97.295 Y83.478 E.05179
G1 X99.022 Y85.205 E.08267
G1 X99.022 Y85.584 E.01283
G1 X95.978 Y88.627 E.14569
G1 X95.978 Y89.07 E.015
G1 X99.022 Y92.114 E.14571
G1 X99.022 Y92.492 E.01279
G1 X95.978 Y95.536 E.14571
G1 X95.978 Y95.978 E.01496
G1 X96.522 Y96.522 E.02604
G1 X97.295 Y96.522 E.02617
G1 X99.022 Y94.795 E.08267
G1 X99.022 Y94.416 E.01283
G1 X95.978 Y91.373 E.14569
G1 X95.978 Y90.93 E.015
G1 X99.022 Y87.886 E.14571
G1 X99.022 Y87.508 E.01279
G1 X95.978 Y84.464 E.14571
G1 X95.978 Y84.022 E.01496
G1 X96.522 Y83.478 E.02604
G1 X95.978 Y83.478 E.01841
G1 X95.978 Y83.818 E.01151
M204 P2000
;LAYER_CHANGE
;Z:49.4
;HEIGHT:0.200001
;BEFORE_LAYER_CHANGE
G92 E0.0
;49.4
M201 X3989.89 Y3989.89

G1 E-2.5 F4200
G1 Z49.4 F720
;AFTER_LAYER_CHANGE
;49.4
M74 W4.39499

G1 Z49.6
G1 X95.632 Y96.868 F10800
G1 Z49.4 F720
G1 E2.5 F2400
M204 P2500
;TYPE:Perimeter
;WIDTH:0.449999
G1 F900
G1 X95.632 Y83.132 E.46495
G1 X99.368 Y83.132 E.12646
G1 X99.368 Y96.868 E.46495
G1 X95.692 Y96.868 E.12443
M73 Q83 S8
M204 P2000
G1 X95.225 Y97.275 F10800
;TYPE:External perimeter
G1 F900
G1 X95.225 Y82.725 E.4925
G1 X99.775 Y82.725 E.15401
M73 P83 R8
G1 X99.775 Y97.275 E.4925
G1 X95.285 Y97.275 E.15198
G1 X95.226 Y96.879 F10800
G1 E-2.5 F4200
G1 Z49.6 F720
G1 X99.022 Y94.998 F10800
G1 Z49.4 F720
G1 E2.5 F2400
M204 P4000
;TYPE:Internal infill
;WIDTH:0.45
G1 F900
G1 X99.022 Y96.522 E.05159
G1 X98.825 Y96.522 E.00667
G1 X95.978 Y93.675 E.13628
G1 X95.978 Y93.233 E.01496
G1 X99.022 Y90.189 E.14571
G1 X99.022 Y89.811 E.01279
G1 X95.978 Y86.767 E.14571
G1 X95.978 Y86.325 E.01496
G1 X98.825 Y83.478 E.13628
G1 X97.295 Y83.478 E.05179
G1 X99.022 Y85.205 E.08267
G1 X99.022 Y85.584 E.01283
G1 X95.978 Y88.627 E.14569
G1 X95.978 Y89.07 E.015
G1 X99.022 Y92.114 E.14571
G1 X99.022 Y92.492 E.01279
G1 X95.978 Y95.536 E.14571
G1 X95.978 Y95.978 E.01496
G1 X96.522 Y96.522 E.02604
G1 X97.295 Y96.522 E.02617
G1 X99.022 Y94.795 E.08267
G1 X99.022 Y94.416 E.01283
G1 X95.978 Y91.373 E.14569
G1 X95.978 Y90.93 E.015
G1 X99.022 Y87.886 E.14571
G1 X99.022 Y87.508 E.01279
G1 X95.978 Y84.464 E.14571
G1 X95.978 Y84.022 E.01496
G1 X96.522 Y83.478 E.02604
G1 X95.978 Y83.478 E.01841
G1 X95.978 Y83.818 E.01151
M204 P2000
;LAYER_CHANGE
;Z:49.6
;HEIGHT:0.199997
;BEFORE_LAYER_CHANGE
G92 E0.0
;49.6
M201 X3989.86 Y3989.86

G1 E-2.5 F4200
G1 Z49.6 F720
;AFTER_LAYER_CHANGE
;49.6
M74 W4.40826

G1 Z49.8
G1 X95.632 Y96.868 F10800
G1 Z49.6 F720
G1 E2.5 F2400
M204 P2500
;TYPE:Perimeter
;WIDTH:0.449999
G1 F900
G1 X95.632 Y83.132 E.46495
G1 X99.368 Y83.132 E.12646
G1 X99.368 Y96.868 E.46495
G1 X95.692 Y96.868 E.12443
M204 P2000
G1 X95.225 Y97.275 F10800
;TYPE:External perimeter
G1 F900
G1 X95.225 Y82.725 E.4925
G1 X99.775 Y82.725 E.15401
G1 X99.775 Y97.275 E.4925
G1 X95.285 Y97.275 E.15198
G1 X95.226 Y96.879 F10800
G1 E-2.5 F4200
G1 Z49.8 F720
G1 X99.022 Y94.998 F10800
G1 Z49.6 F720
G1 E2.5 F2400
M204 P4000
;TYPE:Internal infill
;WIDTH:0.45
G1 F900
G1 X99.022 Y96.522 E.05159
G1 X98.825 Y96.522 E.00667
G1 X95.978 Y93.675 E.13628
G1 X95.978 Y93.233 E.01496
G1 X99.022 Y90.189 E.14571
G1 X99.022 Y89.811 E.01279
G1 X95.978 Y86.767 E.14571
G1 X95.978 Y86.325 E.01496
G1 X98.825 Y83.478 E.13628
G1 X97.295 Y83.478 E.05179
G1 X99.022 Y85.205 E.08267
G1 X99.022 Y85.584 E.01283
G1 X95.978 Y88.627 E.14569
G1 X95.978 Y89.07 E.015
G1 X99.022 Y92.114 E.14571
G1 X99.022 Y92.492 E.01279
G1 X95.978 Y95.536 E.14571
G1 X95.978 Y95.978 E.01496
G1 X96.522 Y96.522 E.02604
G1 X97.295 Y96.522 E.02617
G1 X99.022 Y94.795 E.08267
G1 X99.022 Y94.416 E.01283
G1 X95.978 Y91.373 E.14569
G1 X95.978 Y90.93 E.015
G1 X99.022 Y87.886 E.14571
G1 X99.022 Y87.508 E.01279
G1 X95.978 Y84.464 E.14571
G1 X95.978 Y84.022 E.01496
G1 X96.522 Y83.478 E.02604
G1 X95.978 Y83.478 E.01841
G1 X95.978 Y83.818 E.01151
M204 P2000
;LAYER_CHANGE
;Z:49.8
;HEIGHT:0.200001
;BEFORE_LAYER_CHANGE
G92 E0.0
;49.8
M201 X3989.83 Y3989.83

G1 E-2.5 F4200
G1 Z49.8 F720
;AFTER_LAYER_CHANGE
;49.8
M74 W4.42152

G1 Z50
G1 X95.632 Y96.868 F10800
G1 Z49.8 F720
G1 E2.5 F2400
M204 P2500
;TYPE:Perimeter
;WIDTH:0.449999
G1 F900
G1 X95.632 Y83.132 E.46495
G1 X99.368 Y83.132 E.12646
G1 X99.368 Y96.868 E.46495
G1 X95.692 Y96.868 E.12443
M204 P2000
G1 X95.225 Y97.275 F10800
;TYPE:External perimeter
G1 F900
G1 X95.225 Y82.725 E.4925
G1 X99.775 Y82.725 E.15401
G1 X99.775 Y97.275 E.4925
G1 X95.285 Y97.275 E.15198
G1 X95.226 Y96.879 F10800
G1 E-2.5 F4200
G1 Z50 F720
G1 X99.022 Y94.998 F10800
G1 Z49.8 F720
G1 E2.5 F2400
M204 P4000
;TYPE:Internal infill
;WIDTH:0.45
G1 F900
G1 X99.022 Y96.522 E.05159
G1 X98.825 Y96.522 E.00667
G1 X95.978 Y93.675 E.13628
G1 X95.978 Y93.233 E.01496
G1 X99.022 Y90.189 E.14571
G1 X99.022 Y89.811 E.01279
G1 X95.978 Y86.767 E.14571
G1 X95.978 Y86.325 E.01496
G1 X98.825 Y83.478 E.13628
G1 X97.295 Y83.478 E.05179
G1 X99.022 Y85.205 E.08267
G1 X99.022 Y85.584 E.01283
G1 X95.978 Y88.627 E.14569
G1 X95.978 Y89.07 E.015
G1 X99.022 Y92.114 E.14571
G1 X99.022 Y92.492 E.01279
G1 X95.978 Y95.536 E.14571
G1 X95.978 Y95.978 E.01496
G1 X96.522 Y96.522 E.02604
G1 X97.295 Y96.522 E.02617
G1 X99.022 Y94.795 E.08267
G1 X99.022 Y94.416 E.01283
G1 X95.978 Y91.373 E.14569
G1 X95.978 Y90.93 E.015
G1 X99.022 Y87.886 E.14571
G1 X99.022 Y87.508 E.01279
G1 X95.978 Y84.464 E.14571
G1 X95.978 Y84.022 E.01496
G1 X96.522 Y83.478 E.02604
G1 X95.978 Y83.478 E.01841
G1 X95.978 Y83.818 E.01151
M204 P2000
;LAYER_CHANGE
;Z:50
;HEIGHT:0.200001
;BEFORE_LAYER_CHANGE
G92 E0.0
;50
M201 X3989.8 Y3989.8

G1 E-2.5 F4200
G1 Z50 F720
;AFTER_LAYER_CHANGE
;50
M74 W4.43478

G1 Z50.2
G1 X95.632 Y96.868 F10800
G1 Z50 F720
G1 E2.5 F2400
M204 P2500
;TYPE:Perimeter
;WIDTH:0.449999
G1 F900
G1 X95.632 Y83.132 E.46495
G1 X99.368 Y83.132 E.12646
G1 X99.368 Y96.868 E.46495
G1 X95.692 Y96.868 E.12443
M204 P2000
G1 X95.225 Y97.275 F10800
;TYPE:External perimeter
G1 F900
G1 X95.225 Y82.725 E.4925
G1 X99.775 Y82.725 E.15401
G1 X99.775 Y97.275 E.4925
G1 X95.285 Y97.275 E.15198
G1 X95.226 Y96.879 F10800
M73 Q84 S8
G1 E-2.5 F4200
G1 Z50.2 F720
G1 X99.022 Y94.998 F10800
G1 Z50 F720
G1 E2.5 F2400
M204 P4000
;TYPE:Internal infill
;WIDTH:0.45
G1 F900
G1 X99.022 Y96.522 E.05159
G1 X98.825 Y96.522 E.00667
G1 X95.978 Y93.675 E.13628
G1 X95.978 Y93.233 E.01496
G1 X99.022 Y90.189 E.14571
G1 X99.022 Y89.811 E.01279
M73 P84 R8
G1 X95.978 Y86.767 E.14571
G1 X95.978 Y86.325 E.01496
G1 X98.825 Y83.478 E.13628
G1 X97.295 Y83.478 E.05179
G1 X99.022 Y85.205 E.08267
G1 X99.022 Y85.584 E.01283
G1 X95.978 Y88.627 E.14569
G1 X95.978 Y89.07 E.015
G1 X99.022 Y92.114 E.14571
G1 X99.022 Y92.492 E.01279
G1 X95.978 Y95.536 E.14571
G1 X95.978 Y95.978 E.01496
G1 X96.522 Y96.522 E.02604
G1 X97.295 Y96.522 E.02617
G1 X99.022 Y94.795 E.08267
G1 X99.022 Y94.416 E.01283
G1 X95.978 Y91.373 E.14569
G1 X95.978 Y90.93 E.015
G1 X99.022 Y87.886 E.14571
G1 X99.022 Y87.508 E.01279
G1 X95.978 Y84.464 E.14571
G1 X95.978 Y84.022 E.01496
G1 X96.522 Y83.478 E.02604
G1 X95.978 Y83.478 E.01841
G1 X95.978 Y83.818 E.01151
M204 P2000
;LAYER_CHANGE
;Z:50.2
;HEIGHT:0.200001
;BEFORE_LAYER_CHANGE
G92 E0.0
;50.2
M201 X3989.77 Y3989.77

G1 E-2.5 F4200
G1 Z50.2 F720
;AFTER_LAYER_CHANGE
;50.2
M74 W4.44805

G1 Z50.4
G1 X95.632 Y96.868 F10800
G1 Z50.2 F720
G1 E2.5 F2400
M204 P2500
;TYPE:Perimeter
;WIDTH:0.449999
G1 F900
G1 X95.632 Y83.132 E.46495
G1 X99.368 Y83.132 E.12646
G1 X99.368 Y96.868 E.46495
G1 X95.692 Y96.868 E.12443
M204 P2000
G1 X95.225 Y97.275 F10800
;TYPE:External perimeter
G1 F900
G1 X95.225 Y82.725 E.4925
G1 X99.775 Y82.725 E.15401
G1 X99.775 Y97.275 E.4925
G1 X95.285 Y97.275 E.15198
G1 X95.226 Y96.879 F10800
G1 E-2.5 F4200
G1 Z50.4 F720
G1 X99.022 Y94.998 F10800
G1 Z50.2 F720
G1 E2.5 F2400
M204 P4000
;TYPE:Internal infill
;WIDTH:0.45
G1 F900
G1 X99.022 Y96.522 E.05159
G1 X98.825 Y96.522 E.00667
G1 X95.978 Y93.675 E.13628
G1 X95.978 Y93.233 E.01496
G1 X99.022 Y90.189 E.14571
G1 X99.022 Y89.811 E.01279
G1 X95.978 Y86.767 E.14571
G1 X95.978 Y86.325 E.01496
G1 X98.825 Y83.478 E.13628
G1 X97.295 Y83.478 E.05179
G1 X99.022 Y85.205 E.08267
G1 X99.022 Y85.584 E.01283
G1 X95.978 Y88.627 E.14569
G1 X95.978 Y89.07 E.015
G1 X99.022 Y92.114 E.14571
G1 X99.022 Y92.492 E.01279
G1 X95.978 Y95.536 E.14571
G1 X95.978 Y95.978 E.01496
G1 X96.522 Y96.522 E.02604
G1 X97.295 Y96.522 E.02617
G1 X99.022 Y94.795 E.08267
G1 X99.022 Y94.416 E.01283
G1 X95.978 Y91.373 E.14569
G1 X95.978 Y90.93 E.015
G1 X99.022 Y87.886 E.14571
G1 X99.022 Y87.508 E.01279
G1 X95.978 Y84.464 E.14571
G1 X95.978 Y84.022 E.01496
G1 X96.522 Y83.478 E.02604
G1 X95.978 Y83.478 E.01841
G1 X95.978 Y83.818 E.01151
M204 P2000
;LAYER_CHANGE
;Z:50.4
;HEIGHT:0.200001
;BEFORE_LAYER_CHANGE
G92 E0.0
;50.4
M201 X3989.74 Y3989.74

G1 E-2.5 F4200
G1 Z50.4 F720
;AFTER_LAYER_CHANGE
;50.4
M74 W4.46131

G1 Z50.6
G1 X95.632 Y96.868 F10800
G1 Z50.4 F720
G1 E2.5 F2400
M204 P2500
;TYPE:Perimeter
;WIDTH:0.449999
G1 F900
G1 X95.632 Y83.132 E.46495
G1 X99.368 Y83.132 E.12646
G1 X99.368 Y96.868 E.46495
G1 X95.692 Y96.868 E.12443
M204 P2000
G1 X95.225 Y97.275 F10800
;TYPE:External perimeter
G1 F900
G1 X95.225 Y82.725 E.4925
G1 X99.775 Y82.725 E.15401
G1 X99.775 Y97.275 E.4925
G1 X95.285 Y97.275 E.15198
G1 X95.226 Y96.879 F10800
G1 E-2.5 F4200
G1 Z50.6 F720
G1 X99.022 Y94.998 F10800
G1 Z50.4 F720
G1 E2.5 F2400
M204 P4000
;TYPE:Internal infill
;WIDTH:0.45
G1 F900
G1 X99.022 Y96.522 E.05159
G1 X98.825 Y96.522 E.00667
G1 X95.978 Y93.675 E.13628
G1 X95.978 Y93.233 E.01496
G1 X99.022 Y90.189 E.14571
G1 X99.022 Y89.811 E.01279
G1 X95.978 Y86.767 E.14571
M73 P84 R7
G1 X95.978 Y86.325 E.01496
G1 X98.825 Y83.478 E.13628
G1 X97.295 Y83.478 E.05179
G1 X99.022 Y85.205 E.08267
G1 X99.022 Y85.584 E.01283
G1 X95.978 Y88.627 E.14569
G1 X95.978 Y89.07 E.015
G1 X99.022 Y92.114 E.14571
G1 X99.022 Y92.492 E.01279
G1 X95.978 Y95.536 E.14571
G1 X95.978 Y95.978 E.01496
G1 X96.522 Y96.522 E.02604
G1 X97.295 Y96.522 E.02617
G1 X99.022 Y94.795 E.08267
G1 X99.022 Y94.416 E.01283
G1 X95.978 Y91.373 E.14569
G1 X95.978 Y90.93 E.015
G1 X99.022 Y87.886 E.14571
G1 X99.022 Y87.508 E.01279
G1 X95.978 Y84.464 E.14571
G1 X95.978 Y84.022 E.01496
M73 Q84 S7
G1 X96.522 Y83.478 E.02604
G1 X95.978 Y83.478 E.01841
G1 X95.978 Y83.818 E.01151
M204 P2000
;LAYER_CHANGE
;Z:50.6
;HEIGHT:0.199997
;BEFORE_LAYER_CHANGE
G92 E0.0
;50.6
M201 X3989.71 Y3989.71

G1 E-2.5 F4200
G1 Z50.6 F720
;AFTER_LAYER_CHANGE
;50.6
M74 W4.47458

G1 Z50.8
G1 X95.632 Y96.868 F10800
G1 Z50.6 F720
G1 E2.5 F2400
M204 P2500
;TYPE:Perimeter
;WIDTH:0.449999
G1 F900
G1 X95.632 Y83.132 E.46495
G1 X99.368 Y83.132 E.12646
G1 X99.368 Y96.868 E.46495
G1 X95.692 Y96.868 E.12443
M204 P2000
G1 X95.225 Y97.275 F10800
;TYPE:External perimeter
G1 F900
G1 X95.225 Y82.725 E.4925
G1 X99.775 Y82.725 E.15401
G1 X99.775 Y97.275 E.4925
G1 X95.285 Y97.275 E.15198
G1 X95.226 Y96.879 F10800
G1 E-2.5 F4200
G1 Z50.8 F720
G1 X99.022 Y94.998 F10800
G1 Z50.6 F720
G1 E2.5 F2400
M204 P4000
;TYPE:Internal infill
;WIDTH:0.45
G1 F900
G1 X99.022 Y96.522 E.05159
G1 X98.825 Y96.522 E.00667
G1 X95.978 Y93.675 E.13628
G1 X95.978 Y93.233 E.01496
G1 X99.022 Y90.189 E.14571
G1 X99.022 Y89.811 E.01279
G1 X95.978 Y86.767 E.14571
G1 X95.978 Y86.325 E.01496
G1 X98.825 Y83.478 E.13628
G1 X97.295 Y83.478 E.05179
G1 X99.022 Y85.205 E.08267
G1 X99.022 Y85.584 E.01283
G1 X95.978 Y88.627 E.14569
G1 X95.978 Y89.07 E.015
G1 X99.022 Y92.114 E.14571
G1 X99.022 Y92.492 E.01279
G1 X95.978 Y95.536 E.14571
G1 X95.978 Y95.978 E.01496
M73 Q85 S7
G1 X96.522 Y96.522 E.02604
G1 X97.295 Y96.522 E.02617
G1 X99.022 Y94.795 E.08267
G1 X99.022 Y94.416 E.01283
G1 X95.978 Y91.373 E.14569
G1 X95.978 Y90.93 E.015
G1 X99.022 Y87.886 E.14571
G1 X99.022 Y87.508 E.01279
M73 P85 R7
G1 X95.978 Y84.464 E.14571
G1 X95.978 Y84.022 E.01496
G1 X96.522 Y83.478 E.02604
G1 X95.978 Y83.478 E.01841
G1 X95.978 Y83.818 E.01151
M204 P2000
;LAYER_CHANGE
;Z:50.8
;HEIGHT:0.200001
;BEFORE_LAYER_CHANGE
G92 E0.0
;50.8
M201 X3989.68 Y3989.68

G1 E-2.5 F4200
G1 Z50.8 F720
;AFTER_LAYER_CHANGE
;50.8
M74 W4.48784

G1 Z51
G1 X95.632 Y96.868 F10800
G1 Z50.8 F720
G1 E2.5 F2400
M204 P2500
;TYPE:Perimeter
;WIDTH:0.449999
G1 F900
G1 X95.632 Y83.132 E.46495
G1 X99.368 Y83.132 E.12646
G1 X99.368 Y96.868 E.46495
G1 X95.692 Y96.868 E.12443
M204 P2000
G1 X95.225 Y97.275 F10800
;TYPE:External perimeter
G1 F900
G1 X95.225 Y82.725 E.4925
G1 X99.775 Y82.725 E.15401
G1 X99.775 Y97.275 E.4925
G1 X95.285 Y97.275 E.15198
G1 X95.226 Y96.879 F10800
G1 E-2.5 F4200
G1 Z51 F720
G1 X99.022 Y94.998 F10800
G1 Z50.8 F720
G1 E2.5 F2400
M204 P4000
;TYPE:Internal infill
;WIDTH:0.45
G1 F900
G1 X99.022 Y96.522 E.05159
G1 X98.825 Y96.522 E.00667
G1 X95.978 Y93.675 E.13628
G1 X95.978 Y93.233 E.01496
G1 X99.022 Y90.189 E.14571
G1 X99.022 Y89.811 E.01279
G1 X95.978 Y86.767 E.14571
G1 X95.978 Y86.325 E.01496
G1 X98.825 Y83.478 E.13628
G1 X97.295 Y83.478 E.05179
G1 X99.022 Y85.205 E.08267
G1 X99.022 Y85.584 E.01283
G1 X95.978 Y88.627 E.14569
G1 X95.978 Y89.07 E.015
G1 X99.022 Y92.114 E.14571
G1 X99.022 Y92.492 E.01279
G1 X95.978 Y95.536 E.14571
G1 X95.978 Y95.978 E.01496
G1 X96.522 Y96.522 E.02604
G1 X97.295 Y96.522 E.02617
G1 X99.022 Y94.795 E.08267
G1 X99.022 Y94.416 E.01283
G1 X95.978 Y91.373 E.14569
G1 X95.978 Y90.93 E.015
G1 X99.022 Y87.886 E.14571
G1 X99.022 Y87.508 E.01279
G1 X95.978 Y84.464 E.14571
G1 X95.978 Y84.022 E.01496
G1 X96.522 Y83.478 E.02604
G1 X95.978 Y83.478 E.01841
G1 X95.978 Y83.818 E.01151
M204 P2000
;LAYER_CHANGE
;Z:51
;HEIGHT:0.200001
;BEFORE_LAYER_CHANGE
G92 E0.0
;51
M201 X3989.65 Y3989.65

G1 E-2.5 F4200
G1 Z51 F720
;AFTER_LAYER_CHANGE
;51
M74 W4.50111

G1 Z51.2
G1 X95.632 Y96.868 F10800
G1 Z51 F720
G1 E2.5 F2400
M204 P2500
;TYPE:Perimeter
;WIDTH:0.449999
G1 F900
G1 X95.632 Y83.132 E.46495
G1 X99.368 Y83.132 E.12646
G1 X99.368 Y96.868 E.46495
G1 X95.692 Y96.868 E.12443
M204 P2000
G1 X95.225 Y97.275 F10800
;TYPE:External perimeter
G1 F900
G1 X95.225 Y82.725 E.4925
G1 X99.775 Y82.725 E.15401
G1 X99.775 Y97.275 E.4925
G1 X95.285 Y97.275 E.15198
G1 X95.226 Y96.879 F10800
G1 E-2.5 F4200
G1 Z51.2 F720
G1 X99.022 Y94.998 F10800
G1 Z51 F720
G1 E2.5 F2400
M204 P4000
;TYPE:Internal infill
;WIDTH:0.45
G1 F900
G1 X99.022 Y96.522 E.05159
G1 X98.825 Y96.522 E.00667
G1 X95.978 Y93.675 E.13628
G1 X95.978 Y93.233 E.01496
G1 X99.022 Y90.189 E.14571
G1 X99.022 Y89.811 E.01279
G1 X95.978 Y86.767 E.14571
G1 X95.978 Y86.325 E.01496
G1 X98.825 Y83.478 E.13628
G1 X97.295 Y83.478 E.05179
G1 X99.022 Y85.205 E.08267
G1 X99.022 Y85.584 E.01283
G1 X95.978 Y88.627 E.14569
G1 X95.978 Y89.07 E.015
G1 X99.022 Y92.114 E.14571
G1 X99.022 Y92.492 E.01279
G1 X95.978 Y95.536 E.14571
G1 X95.978 Y95.978 E.01496
G1 X96.522 Y96.522 E.02604
G1 X97.295 Y96.522 E.02617
G1 X99.022 Y94.795 E.08267
G1 X99.022 Y94.416 E.01283
G1 X95.978 Y91.373 E.14569
G1 X95.978 Y90.93 E.015
G1 X99.022 Y87.886 E.14571
G1 X99.022 Y87.508 E.01279
G1 X95.978 Y84.464 E.14571
G1 X95.978 Y84.022 E.01496
G1 X96.522 Y83.478 E.02604
G1 X95.978 Y83.478 E.01841
G1 X95.978 Y83.818 E.01151
M204 P2000
;LAYER_CHANGE
;Z:51.2
;HEIGHT:0.200001
;BEFORE_LAYER_CHANGE
G92 E0.0
;51.2
M201 X3989.62 Y3989.62

G1 E-2.5 F4200
G1 Z51.2 F720
;AFTER_LAYER_CHANGE
;51.2
M74 W4.51437

G1 Z51.4
G1 X95.632 Y96.868 F10800
G1 Z51.2 F720
G1 E2.5 F2400
M204 P2500
;TYPE:Perimeter
;WIDTH:0.449999
G1 F900
G1 X95.632 Y83.132 E.46495
G1 X99.368 Y83.132 E.12646
G1 X99.368 Y96.868 E.46495
G1 X95.692 Y96.868 E.12443
M204 P2000
G1 X95.225 Y97.275 F10800
;TYPE:External perimeter
G1 F900
G1 X95.225 Y82.725 E.4925
G1 X99.775 Y82.725 E.15401
G1 X99.775 Y97.275 E.4925
G1 X95.285 Y97.275 E.15198
G1 X95.226 Y96.879 F10800
G1 E-2.5 F4200
G1 Z51.4 F720
G1 X99.022 Y94.998 F10800
G1 Z51.2 F720
G1 E2.5 F2400
M204 P4000
;TYPE:Internal infill
;WIDTH:0.45
G1 F900
G1 X99.022 Y96.522 E.05159
G1 X98.825 Y96.522 E.00667
G1 X95.978 Y93.675 E.13628
G1 X95.978 Y93.233 E.01496
G1 X99.022 Y90.189 E.14571
G1 X99.022 Y89.811 E.01279
G1 X95.978 Y86.767 E.14571
G1 X95.978 Y86.325 E.01496
G1 X98.825 Y83.478 E.13628
G1 X97.295 Y83.478 E.05179
G1 X99.022 Y85.205 E.08267
G1 X99.022 Y85.584 E.01283
G1 X95.978 Y88.627 E.14569
G1 X95.978 Y89.07 E.015
G1 X99.022 Y92.114 E.14571
G1 X99.022 Y92.492 E.01279
G1 X95.978 Y95.536 E.14571
G1 X95.978 Y95.978 E.01496
G1 X96.522 Y96.522 E.02604
G1 X97.295 Y96.522 E.02617
G1 X99.022 Y94.795 E.08267
G1 X99.022 Y94.416 E.01283
G1 X95.978 Y91.373 E.14569
G1 X95.978 Y90.93 E.015
G1 X99.022 Y87.886 E.14571
G1 X99.022 Y87.508 E.01279
G1 X95.978 Y84.464 E.14571
G1 X95.978 Y84.022 E.01496
G1 X96.522 Y83.478 E.02604
G1 X95.978 Y83.478 E.01841
G1 X95.978 Y83.818 E.01151
M204 P2000
;LAYER_CHANGE
;Z:51.4
;HEIGHT:0.200001
;BEFORE_LAYER_CHANGE
G92 E0.0
;51.4
M201 X3989.59 Y3989.59

G1 E-2.5 F4200
G1 Z51.4 F720
;AFTER_LAYER_CHANGE
;51.4
M74 W4.52764

G1 Z51.6
G1 X95.632 Y96.868 F10800
G1 Z51.4 F720
G1 E2.5 F2400
M204 P2500
;TYPE:Perimeter
;WIDTH:0.449999
G1 F900
G1 X95.632 Y83.132 E.46495
G1 X99.368 Y83.132 E.12646
G1 X99.368 Y96.868 E.46495
M73 Q86 S7
G1 X95.692 Y96.868 E.12443
M73 P86 R7
M204 P2000
G1 X95.225 Y97.275 F10800
;TYPE:External perimeter
G1 F900
G1 X95.225 Y82.725 E.4925
G1 X99.775 Y82.725 E.15401
G1 X99.775 Y97.275 E.4925
G1 X95.285 Y97.275 E.15198
G1 X95.226 Y96.879 F10800
G1 E-2.5 F4200
G1 Z51.6 F720
G1 X99.022 Y94.998 F10800
G1 Z51.4 F720
G1 E2.5 F2400
M204 P4000
;TYPE:Internal infill
;WIDTH:0.45
G1 F900
G1 X99.022 Y96.522 E.05159
G1 X98.825 Y96.522 E.00667
G1 X95.978 Y93.675 E.13628
G1 X95.978 Y93.233 E.01496
G1 X99.022 Y90.189 E.14571
G1 X99.022 Y89.811 E.01279
G1 X95.978 Y86.767 E.14571
G1 X95.978 Y86.325 E.01496
G1 X98.825 Y83.478 E.13628
G1 X97.295 Y83.478 E.05179
G1 X99.022 Y85.205 E.08267
G1 X99.022 Y85.584 E.01283
G1 X95.978 Y88.627 E.14569
G1 X95.978 Y89.07 E.015
G1 X99.022 Y92.114 E.14571
G1 X99.022 Y92.492 E.01279
G1 X95.978 Y95.536 E.14571
G1 X95.978 Y95.978 E.01496
G1 X96.522 Y96.522 E.02604
G1 X97.295 Y96.522 E.02617
G1 X99.022 Y94.795 E.08267
G1 X99.022 Y94.416 E.01283
G1 X95.978 Y91.373 E.14569
G1 X95.978 Y90.93 E.015
G1 X99.022 Y87.886 E.14571
G1 X99.022 Y87.508 E.01279
G1 X95.978 Y84.464 E.14571
G1 X95.978 Y84.022 E.01496
G1 X96.522 Y83.478 E.02604
G1 X95.978 Y83.478 E.01841
G1 X95.978 Y83.818 E.01151
M204 P2000
;LAYER_CHANGE
;Z:51.6
;HEIGHT:0.199997
;BEFORE_LAYER_CHANGE
G92 E0.0
;51.6
M201 X3989.56 Y3989.56

G1 E-2.5 F4200
G1 Z51.6 F720
;AFTER_LAYER_CHANGE
;51.6
M74 W4.5409

G1 Z51.8
G1 X95.632 Y96.868 F10800
G1 Z51.6 F720
G1 E2.5 F2400
M204 P2500
;TYPE:Perimeter
;WIDTH:0.449999
G1 F900
G1 X95.632 Y83.132 E.46495
G1 X99.368 Y83.132 E.12646
G1 X99.368 Y96.868 E.46495
G1 X95.692 Y96.868 E.12443
M204 P2000
G1 X95.225 Y97.275 F10800
;TYPE:External perimeter
G1 F900
G1 X95.225 Y82.725 E.4925
G1 X99.775 Y82.725 E.15401
G1 X99.775 Y97.275 E.4925
G1 X95.285 Y97.275 E.15198
G1 X95.226 Y96.879 F10800
G1 E-2.5 F4200
G1 Z51.8 F720
G1 X99.022 Y94.998 F10800
G1 Z51.6 F720
G1 E2.5 F2400
M204 P4000
;TYPE:Internal infill
;WIDTH:0.45
G1 F900
G1 X99.022 Y96.522 E.05159
G1 X98.825 Y96.522 E.00667
G1 X95.978 Y93.675 E.13628
G1 X95.978 Y93.233 E.01496
G1 X99.022 Y90.189 E.14571
G1 X99.022 Y89.811 E.01279
G1 X95.978 Y86.767 E.14571
G1 X95.978 Y86.325 E.01496
G1 X98.825 Y83.478 E.13628
G1 X97.295 Y83.478 E.05179
G1 X99.022 Y85.205 E.08267
G1 X99.022 Y85.584 E.01283
G1 X95.978 Y88.627 E.14569
G1 X95.978 Y89.07 E.015
G1 X99.022 Y92.114 E.14571
G1 X99.022 Y92.492 E.01279
G1 X95.978 Y95.536 E.14571
G1 X95.978 Y95.978 E.01496
G1 X96.522 Y96.522 E.02604
G1 X97.295 Y96.522 E.02617
G1 X99.022 Y94.795 E.08267
G1 X99.022 Y94.416 E.01283
G1 X95.978 Y91.373 E.14569
G1 X95.978 Y90.93 E.015
G1 X99.022 Y87.886 E.14571
G1 X99.022 Y87.508 E.01279
G1 X95.978 Y84.464 E.14571
G1 X95.978 Y84.022 E.01496
G1 X96.522 Y83.478 E.02604
G1 X95.978 Y83.478 E.01841
G1 X95.978 Y83.818 E.01151
M204 P2000
;LAYER_CHANGE
;Z:51.8
;HEIGHT:0.200001
;BEFORE_LAYER_CHANGE
G92 E0.0
;51.8
M201 X3989.53 Y3989.53

G1 E-2.5 F4200
G1 Z51.8 F720
;AFTER_LAYER_CHANGE
;51.8
M74 W4.55417

G1 Z52
G1 X95.632 Y96.868 F10800
M73 P86 R6
G1 Z51.8 F720
G1 E2.5 F2400
M204 P2500
;TYPE:Perimeter
;WIDTH:0.449999
G1 F900
G1 X95.632 Y83.132 E.46495
G1 X99.368 Y83.132 E.12646
G1 X99.368 Y96.868 E.46495
G1 X95.692 Y96.868 E.12443
M204 P2000
G1 X95.225 Y97.275 F10800
;TYPE:External perimeter
G1 F900
G1 X95.225 Y82.725 E.4925
G1 X99.775 Y82.725 E.15401
M73 Q86 S6
G1 X99.775 Y97.275 E.4925
G1 X95.285 Y97.275 E.15198
G1 X95.226 Y96.879 F10800
G1 E-2.5 F4200
G1 Z52 F720
G1 X99.022 Y94.998 F10800
G1 Z51.8 F720
G1 E2.5 F2400
M204 P4000
;TYPE:Internal infill
;WIDTH:0.45
G1 F900
G1 X99.022 Y96.522 E.05159
G1 X98.825 Y96.522 E.00667
G1 X95.978 Y93.675 E.13628
G1 X95.978 Y93.233 E.01496
G1 X99.022 Y90.189 E.14571
G1 X99.022 Y89.811 E.01279
G1 X95.978 Y86.767 E.14571
G1 X95.978 Y86.325 E.01496
G1 X98.825 Y83.478 E.13628
G1 X97.295 Y83.478 E.05179
G1 X99.022 Y85.205 E.08267
G1 X99.022 Y85.584 E.01283
G1 X95.978 Y88.627 E.14569
G1 X95.978 Y89.07 E.015
G1 X99.022 Y92.114 E.14571
G1 X99.022 Y92.492 E.01279
G1 X95.978 Y95.536 E.14571
G1 X95.978 Y95.978 E.01496
G1 X96.522 Y96.522 E.02604
G1 X97.295 Y96.522 E.02617
G1 X99.022 Y94.795 E.08267
G1 X99.022 Y94.416 E.01283
G1 X95.978 Y91.373 E.14569
G1 X95.978 Y90.93 E.015
G1 X99.022 Y87.886 E.14571
G1 X99.022 Y87.508 E.01279
G1 X95.978 Y84.464 E.14571
G1 X95.978 Y84.022 E.01496
G1 X96.522 Y83.478 E.02604
G1 X95.978 Y83.478 E.01841
G1 X95.978 Y83.818 E.01151
M204 P2000
;LAYER_CHANGE
;Z:52
;HEIGHT:0.200001
;BEFORE_LAYER_CHANGE
G92 E0.0
;52
M201 X3989.49 Y3989.49

G1 E-2.5 F4200
G1 Z52 F720
;AFTER_LAYER_CHANGE
;52
M74 W4.56743

G1 Z52.2
G1 X95.632 Y96.868 F10800
G1 Z52 F720
G1 E2.5 F2400
M204 P2500
;TYPE:Perimeter
;WIDTH:0.449999
G1 F900
G1 X95.632 Y83.132 E.46495
G1 X99.368 Y83.132 E.12646
G1 X99.368 Y96.868 E.46495
G1 X95.692 Y96.868 E.12443
M204 P2000
G1 X95.225 Y97.275 F10800
;TYPE:External perimeter
G1 F900
G1 X95.225 Y82.725 E.4925
G1 X99.775 Y82.725 E.15401
G1 X99.775 Y97.275 E.4925
G1 X95.285 Y97.275 E.15198
M73 Q87 S6
G1 X95.226 Y96.879 F10800
M73 P87 R6
G1 E-2.5 F4200
G1 Z52.2 F720
G1 X99.022 Y94.998 F10800
G1 Z52 F720
G1 E2.5 F2400
M204 P4000
;TYPE:Internal infill
;WIDTH:0.45
G1 F900
G1 X99.022 Y96.522 E.05159
G1 X98.825 Y96.522 E.00667
G1 X95.978 Y93.675 E.13628
G1 X95.978 Y93.233 E.01496
G1 X99.022 Y90.189 E.14571
G1 X99.022 Y89.811 E.01279
G1 X95.978 Y86.767 E.14571
G1 X95.978 Y86.325 E.01496
G1 X98.825 Y83.478 E.13628
G1 X97.295 Y83.478 E.05179
G1 X99.022 Y85.205 E.08267
G1 X99.022 Y85.584 E.01283
G1 X95.978 Y88.627 E.14569
G1 X95.978 Y89.07 E.015
G1 X99.022 Y92.114 E.14571
G1 X99.022 Y92.492 E.01279
G1 X95.978 Y95.536 E.14571
G1 X95.978 Y95.978 E.01496
G1 X96.522 Y96.522 E.02604
G1 X97.295 Y96.522 E.02617
G1 X99.022 Y94.795 E.08267
G1 X99.022 Y94.416 E.01283
G1 X95.978 Y91.373 E.14569
G1 X95.978 Y90.93 E.015
G1 X99.022 Y87.886 E.14571
G1 X99.022 Y87.508 E.01279
G1 X95.978 Y84.464 E.14571
G1 X95.978 Y84.022 E.01496
G1 X96.522 Y83.478 E.02604
G1 X95.978 Y83.478 E.01841
G1 X95.978 Y83.818 E.01151
M204 P2000
;LAYER_CHANGE
;Z:52.2
;HEIGHT:0.200001
;BEFORE_LAYER_CHANGE
G92 E0.0
;52.2
M201 X3989.46 Y3989.46

G1 E-2.5 F4200
G1 Z52.2 F720
;AFTER_LAYER_CHANGE
;52.2
M74 W4.5807

G1 Z52.4
G1 X95.632 Y96.868 F10800
G1 Z52.2 F720
G1 E2.5 F2400
M204 P2500
;TYPE:Perimeter
;WIDTH:0.449999
G1 F900
G1 X95.632 Y83.132 E.46495
G1 X99.368 Y83.132 E.12646
G1 X99.368 Y96.868 E.46495
G1 X95.692 Y96.868 E.12443
M204 P2000
G1 X95.225 Y97.275 F10800
;TYPE:External perimeter
G1 F900
G1 X95.225 Y82.725 E.4925
G1 X99.775 Y82.725 E.15401
G1 X99.775 Y97.275 E.4925
G1 X95.285 Y97.275 E.15198
G1 X95.226 Y96.879 F10800
G1 E-2.5 F4200
G1 Z52.4 F720
G1 X99.022 Y94.998 F10800
G1 Z52.2 F720
G1 E2.5 F2400
M204 P4000
;TYPE:Internal infill
;WIDTH:0.45
G1 F900
G1 X99.022 Y96.522 E.05159
G1 X98.825 Y96.522 E.00667
G1 X95.978 Y93.675 E.13628
G1 X95.978 Y93.233 E.01496
G1 X99.022 Y90.189 E.14571
G1 X99.022 Y89.811 E.01279
G1 X95.978 Y86.767 E.14571
G1 X95.978 Y86.325 E.01496
G1 X98.825 Y83.478 E.13628
G1 X97.295 Y83.478 E.05179
G1 X99.022 Y85.205 E.08267
G1 X99.022 Y85.584 E.01283
G1 X95.978 Y88.627 E.14569
G1 X95.978 Y89.07 E.015
G1 X99.022 Y92.114 E.14571
G1 X99.022 Y92.492 E.01279
G1 X95.978 Y95.536 E.14571
G1 X95.978 Y95.978 E.01496
G1 X96.522 Y96.522 E.02604
G1 X97.295 Y96.522 E.02617
G1 X99.022 Y94.795 E.08267
G1 X99.022 Y94.416 E.01283
G1 X95.978 Y91.373 E.14569
G1 X95.978 Y90.93 E.015
G1 X99.022 Y87.886 E.14571
G1 X99.022 Y87.508 E.01279
G1 X95.978 Y84.464 E.14571
G1 X95.978 Y84.022 E.01496
G1 X96.522 Y83.478 E.02604
G1 X95.978 Y83.478 E.01841
G1 X95.978 Y83.818 E.01151
M204 P2000
;LAYER_CHANGE
;Z:52.4
;HEIGHT:0.200001
;BEFORE_LAYER_CHANGE
G92 E0.0
;52.4
M201 X3989.43 Y3989.43

G1 E-2.5 F4200
G1 Z52.4 F720
;AFTER_LAYER_CHANGE
;52.4
M74 W4.59396

G1 Z52.6
G1 X95.632 Y96.868 F10800
G1 Z52.4 F720
G1 E2.5 F2400
M204 P2500
;TYPE:Perimeter
;WIDTH:0.449999
G1 F900
G1 X95.632 Y83.132 E.46495
G1 X99.368 Y83.132 E.12646
G1 X99.368 Y96.868 E.46495
G1 X95.692 Y96.868 E.12443
M204 P2000
G1 X95.225 Y97.275 F10800
;TYPE:External perimeter
G1 F900
G1 X95.225 Y82.725 E.4925
G1 X99.775 Y82.725 E.15401
G1 X99.775 Y97.275 E.4925
G1 X95.285 Y97.275 E.15198
G1 X95.226 Y96.879 F10800
G1 E-2.5 F4200
G1 Z52.6 F720
G1 X99.022 Y94.998 F10800
G1 Z52.4 F720
G1 E2.5 F2400
M204 P4000
;TYPE:Internal infill
;WIDTH:0.45
G1 F900
G1 X99.022 Y96.522 E.05159
G1 X98.825 Y96.522 E.00667
G1 X95.978 Y93.675 E.13628
G1 X95.978 Y93.233 E.01496
G1 X99.022 Y90.189 E.14571
G1 X99.022 Y89.811 E.01279
G1 X95.978 Y86.767 E.14571
G1 X95.978 Y86.325 E.01496
G1 X98.825 Y83.478 E.13628
G1 X97.295 Y83.478 E.05179
G1 X99.022 Y85.205 E.08267
G1 X99.022 Y85.584 E.01283
G1 X95.978 Y88.627 E.14569
G1 X95.978 Y89.07 E.015
G1 X99.022 Y92.114 E.14571
G1 X99.022 Y92.492 E.01279
G1 X95.978 Y95.536 E.14571
G1 X95.978 Y95.978 E.01496
G1 X96.522 Y96.522 E.02604
G1 X97.295 Y96.522 E.02617
G1 X99.022 Y94.795 E.08267
G1 X99.022 Y94.416 E.01283
G1 X95.978 Y91.373 E.14569
G1 X95.978 Y90.93 E.015
G1 X99.022 Y87.886 E.14571
G1 X99.022 Y87.508 E.01279
G1 X95.978 Y84.464 E.14571
G1 X95.978 Y84.022 E.01496
G1 X96.522 Y83.478 E.02604
G1 X95.978 Y83.478 E.01841
G1 X95.978 Y83.818 E.01151
M204 P2000
;LAYER_CHANGE
;Z:52.6
;HEIGHT:0.199997
;BEFORE_LAYER_CHANGE
G92 E0.0
;52.6
M201 X3989.4 Y3989.4

G1 E-2.5 F4200
G1 Z52.6 F720
;AFTER_LAYER_CHANGE
;52.6
M74 W4.60722

G1 Z52.8
G1 X95.632 Y96.868 F10800
G1 Z52.6 F720
G1 E2.5 F2400
M204 P2500
;TYPE:Perimeter
;WIDTH:0.449999
G1 F900
G1 X95.632 Y83.132 E.46495
G1 X99.368 Y83.132 E.12646
G1 X99.368 Y96.868 E.46495
G1 X95.692 Y96.868 E.12443
M204 P2000
G1 X95.225 Y97.275 F10800
;TYPE:External perimeter
G1 F900
G1 X95.225 Y82.725 E.4925
G1 X99.775 Y82.725 E.15401
G1 X99.775 Y97.275 E.4925
G1 X95.285 Y97.275 E.15198
G1 X95.226 Y96.879 F10800
G1 E-2.5 F4200
G1 Z52.8 F720
G1 X99.022 Y94.998 F10800
G1 Z52.6 F720
G1 E2.5 F2400
M204 P4000
;TYPE:Internal infill
;WIDTH:0.45
G1 F900
G1 X99.022 Y96.522 E.05159
G1 X98.825 Y96.522 E.00667
G1 X95.978 Y93.675 E.13628
G1 X95.978 Y93.233 E.01496
G1 X99.022 Y90.189 E.14571
G1 X99.022 Y89.811 E.01279
G1 X95.978 Y86.767 E.14571
G1 X95.978 Y86.325 E.01496
G1 X98.825 Y83.478 E.13628
G1 X97.295 Y83.478 E.05179
G1 X99.022 Y85.205 E.08267
G1 X99.022 Y85.584 E.01283
G1 X95.978 Y88.627 E.14569
G1 X95.978 Y89.07 E.015
M73 Q88 S6
G1 X99.022 Y92.114 E.14571
G1 X99.022 Y92.492 E.01279
G1 X95.978 Y95.536 E.14571
G1 X95.978 Y95.978 E.01496
M73 P88 R6
G1 X96.522 Y96.522 E.02604
G1 X97.295 Y96.522 E.02617
G1 X99.022 Y94.795 E.08267
G1 X99.022 Y94.416 E.01283
G1 X95.978 Y91.373 E.14569
G1 X95.978 Y90.93 E.015
G1 X99.022 Y87.886 E.14571
G1 X99.022 Y87.508 E.01279
G1 X95.978 Y84.464 E.14571
G1 X95.978 Y84.022 E.01496
G1 X96.522 Y83.478 E.02604
G1 X95.978 Y83.478 E.01841
G1 X95.978 Y83.818 E.01151
M204 P2000
;LAYER_CHANGE
;Z:52.8
;HEIGHT:0.200001
;BEFORE_LAYER_CHANGE
G92 E0.0
;52.8
M201 X3989.37 Y3989.37

G1 E-2.5 F4200
G1 Z52.8 F720
;AFTER_LAYER_CHANGE
;52.8
M74 W4.62049

G1 Z53
G1 X95.632 Y96.868 F10800
G1 Z52.8 F720
G1 E2.5 F2400
M204 P2500
;TYPE:Perimeter
;WIDTH:0.449999
G1 F900
G1 X95.632 Y83.132 E.46495
G1 X99.368 Y83.132 E.12646
G1 X99.368 Y96.868 E.46495
G1 X95.692 Y96.868 E.12443
M204 P2000
G1 X95.225 Y97.275 F10800
;TYPE:External perimeter
G1 F900
G1 X95.225 Y82.725 E.4925
G1 X99.775 Y82.725 E.15401
G1 X99.775 Y97.275 E.4925
G1 X95.285 Y97.275 E.15198
G1 X95.226 Y96.879 F10800
G1 E-2.5 F4200
G1 Z53 F720
G1 X99.022 Y94.998 F10800
G1 Z52.8 F720
G1 E2.5 F2400
M204 P4000
;TYPE:Internal infill
;WIDTH:0.45
G1 F900
G1 X99.022 Y96.522 E.05159
G1 X98.825 Y96.522 E.00667
G1 X95.978 Y93.675 E.13628
G1 X95.978 Y93.233 E.01496
G1 X99.022 Y90.189 E.14571
G1 X99.022 Y89.811 E.01279
G1 X95.978 Y86.767 E.14571
G1 X95.978 Y86.325 E.01496
G1 X98.825 Y83.478 E.13628
G1 X97.295 Y83.478 E.05179
G1 X99.022 Y85.205 E.08267
G1 X99.022 Y85.584 E.01283
G1 X95.978 Y88.627 E.14569
G1 X95.978 Y89.07 E.015
G1 X99.022 Y92.114 E.14571
G1 X99.022 Y92.492 E.01279
G1 X95.978 Y95.536 E.14571
G1 X95.978 Y95.978 E.01496
G1 X96.522 Y96.522 E.02604
G1 X97.295 Y96.522 E.02617
G1 X99.022 Y94.795 E.08267
G1 X99.022 Y94.416 E.01283
G1 X95.978 Y91.373 E.14569
G1 X95.978 Y90.93 E.015
G1 X99.022 Y87.886 E.14571
G1 X99.022 Y87.508 E.01279
G1 X95.978 Y84.464 E.14571
G1 X95.978 Y84.022 E.01496
G1 X96.522 Y83.478 E.02604
G1 X95.978 Y83.478 E.01841
G1 X95.978 Y83.818 E.01151
M204 P2000
;LAYER_CHANGE
;Z:53
;HEIGHT:0.200001
;BEFORE_LAYER_CHANGE
G92 E0.0
;53
M201 X3989.34 Y3989.34

G1 E-2.5 F4200
G1 Z53 F720
;AFTER_LAYER_CHANGE
;53
M74 W4.63375

G1 Z53.2
G1 X95.632 Y96.868 F10800
G1 Z53 F720
G1 E2.5 F2400
M204 P2500
;TYPE:Perimeter
;WIDTH:0.449999
G1 F900
G1 X95.632 Y83.132 E.46495
G1 X99.368 Y83.132 E.12646
G1 X99.368 Y96.868 E.46495
G1 X95.692 Y96.868 E.12443
M204 P2000
G1 X95.225 Y97.275 F10800
;TYPE:External perimeter
G1 F900
G1 X95.225 Y82.725 E.4925
G1 X99.775 Y82.725 E.15401
M73 P88 R5
G1 X99.775 Y97.275 E.4925
G1 X95.285 Y97.275 E.15198
G1 X95.226 Y96.879 F10800
G1 E-2.5 F4200
G1 Z53.2 F720
G1 X99.022 Y94.998 F10800
G1 Z53 F720
G1 E2.5 F2400
M204 P4000
;TYPE:Internal infill
;WIDTH:0.45
G1 F900
G1 X99.022 Y96.522 E.05159
G1 X98.825 Y96.522 E.00667
M73 Q88 S5
G1 X95.978 Y93.675 E.13628
G1 X95.978 Y93.233 E.01496
G1 X99.022 Y90.189 E.14571
G1 X99.022 Y89.811 E.01279
G1 X95.978 Y86.767 E.14571
G1 X95.978 Y86.325 E.01496
G1 X98.825 Y83.478 E.13628
G1 X97.295 Y83.478 E.05179
G1 X99.022 Y85.205 E.08267
G1 X99.022 Y85.584 E.01283
G1 X95.978 Y88.627 E.14569
G1 X95.978 Y89.07 E.015
G1 X99.022 Y92.114 E.14571
G1 X99.022 Y92.492 E.01279
G1 X95.978 Y95.536 E.14571
G1 X95.978 Y95.978 E.01496
G1 X96.522 Y96.522 E.02604
G1 X97.295 Y96.522 E.02617
G1 X99.022 Y94.795 E.08267
G1 X99.022 Y94.416 E.01283
G1 X95.978 Y91.373 E.14569
G1 X95.978 Y90.93 E.015
G1 X99.022 Y87.886 E.14571
G1 X99.022 Y87.508 E.01279
G1 X95.978 Y84.464 E.14571
G1 X95.978 Y84.022 E.01496
G1 X96.522 Y83.478 E.02604
G1 X95.978 Y83.478 E.01841
G1 X95.978 Y83.818 E.01151
M204 P2000
;LAYER_CHANGE
;Z:53.2
;HEIGHT:0.200001
;BEFORE_LAYER_CHANGE
G92 E0.0
;53.2
M201 X3989.31 Y3989.31

G1 E-2.5 F4200
G1 Z53.2 F720
;AFTER_LAYER_CHANGE
;53.2
M74 W4.64702

G1 Z53.4
G1 X95.632 Y96.868 F10800
G1 Z53.2 F720
G1 E2.5 F2400
M204 P2500
;TYPE:Perimeter
;WIDTH:0.449999
G1 F900
G1 X95.632 Y83.132 E.46495
G1 X99.368 Y83.132 E.12646
G1 X99.368 Y96.868 E.46495
G1 X95.692 Y96.868 E.12443
M204 P2000
G1 X95.225 Y97.275 F10800
;TYPE:External perimeter
G1 F900
G1 X95.225 Y82.725 E.4925
G1 X99.775 Y82.725 E.15401
G1 X99.775 Y97.275 E.4925
G1 X95.285 Y97.275 E.15198
G1 X95.226 Y96.879 F10800
G1 E-2.5 F4200
G1 Z53.4 F720
G1 X99.022 Y94.998 F10800
G1 Z53.2 F720
G1 E2.5 F2400
M204 P4000
;TYPE:Internal infill
;WIDTH:0.45
G1 F900
G1 X99.022 Y96.522 E.05159
G1 X98.825 Y96.522 E.00667
G1 X95.978 Y93.675 E.13628
G1 X95.978 Y93.233 E.01496
G1 X99.022 Y90.189 E.14571
G1 X99.022 Y89.811 E.01279
G1 X95.978 Y86.767 E.14571
G1 X95.978 Y86.325 E.01496
G1 X98.825 Y83.478 E.13628
G1 X97.295 Y83.478 E.05179
G1 X99.022 Y85.205 E.08267
G1 X99.022 Y85.584 E.01283
G1 X95.978 Y88.627 E.14569
G1 X95.978 Y89.07 E.015
G1 X99.022 Y92.114 E.14571
G1 X99.022 Y92.492 E.01279
G1 X95.978 Y95.536 E.14571
G1 X95.978 Y95.978 E.01496
G1 X96.522 Y96.522 E.02604
G1 X97.295 Y96.522 E.02617
G1 X99.022 Y94.795 E.08267
G1 X99.022 Y94.416 E.01283
G1 X95.978 Y91.373 E.14569
G1 X95.978 Y90.93 E.015
G1 X99.022 Y87.886 E.14571
G1 X99.022 Y87.508 E.01279
G1 X95.978 Y84.464 E.14571
G1 X95.978 Y84.022 E.01496
G1 X96.522 Y83.478 E.02604
G1 X95.978 Y83.478 E.01841
G1 X95.978 Y83.818 E.01151
M204 P2000
;LAYER_CHANGE
;Z:53.4
;HEIGHT:0.200001
;BEFORE_LAYER_CHANGE
G92 E0.0
;53.4
M201 X3989.28 Y3989.28

G1 E-2.5 F4200
G1 Z53.4 F720
;AFTER_LAYER_CHANGE
;53.4
M74 W4.66028

G1 Z53.6
G1 X95.632 Y96.868 F10800
G1 Z53.4 F720
G1 E2.5 F2400
M204 P2500
;TYPE:Perimeter
;WIDTH:0.449999
G1 F900
G1 X95.632 Y83.132 E.46495
G1 X99.368 Y83.132 E.12646
M73 P89 R5
M73 Q89 S5
G1 X99.368 Y96.868 E.46495
G1 X95.692 Y96.868 E.12443
M204 P2000
G1 X95.225 Y97.275 F10800
;TYPE:External perimeter
G1 F900
G1 X95.225 Y82.725 E.4925
G1 X99.775 Y82.725 E.15401
G1 X99.775 Y97.275 E.4925
G1 X95.285 Y97.275 E.15198
G1 X95.226 Y96.879 F10800
G1 E-2.5 F4200
G1 Z53.6 F720
G1 X99.022 Y94.998 F10800
G1 Z53.4 F720
G1 E2.5 F2400
M204 P4000
;TYPE:Internal infill
;WIDTH:0.45
G1 F900
G1 X99.022 Y96.522 E.05159
G1 X98.825 Y96.522 E.00667
G1 X95.978 Y93.675 E.13628
G1 X95.978 Y93.233 E.01496
G1 X99.022 Y90.189 E.14571
G1 X99.022 Y89.811 E.01279
G1 X95.978 Y86.767 E.14571
G1 X95.978 Y86.325 E.01496
G1 X98.825 Y83.478 E.13628
G1 X97.295 Y83.478 E.05179
G1 X99.022 Y85.205 E.08267
G1 X99.022 Y85.584 E.01283
G1 X95.978 Y88.627 E.14569
G1 X95.978 Y89.07 E.015
G1 X99.022 Y92.114 E.14571
G1 X99.022 Y92.492 E.01279
G1 X95.978 Y95.536 E.14571
G1 X95.978 Y95.978 E.01496
G1 X96.522 Y96.522 E.02604
G1 X97.295 Y96.522 E.02617
G1 X99.022 Y94.795 E.08267
G1 X99.022 Y94.416 E.01283
G1 X95.978 Y91.373 E.14569
G1 X95.978 Y90.93 E.015
G1 X99.022 Y87.886 E.14571
G1 X99.022 Y87.508 E.01279
G1 X95.978 Y84.464 E.14571
G1 X95.978 Y84.022 E.01496
G1 X96.522 Y83.478 E.02604
G1 X95.978 Y83.478 E.01841
G1 X95.978 Y83.818 E.01151
M204 P2000
;LAYER_CHANGE
;Z:53.6
;HEIGHT:0.199997
;BEFORE_LAYER_CHANGE
G92 E0.0
;53.6
M201 X3989.25 Y3989.25

G1 E-2.5 F4200
G1 Z53.6 F720
;AFTER_LAYER_CHANGE
;53.6
M74 W4.67355

G1 Z53.8
G1 X95.632 Y96.868 F10800
G1 Z53.6 F720
G1 E2.5 F2400
M204 P2500
;TYPE:Perimeter
;WIDTH:0.449999
G1 F900
G1 X95.632 Y83.132 E.46495
G1 X99.368 Y83.132 E.12646
G1 X99.368 Y96.868 E.46495
G1 X95.692 Y96.868 E.12443
M204 P2000
G1 X95.225 Y97.275 F10800
;TYPE:External perimeter
G1 F900
G1 X95.225 Y82.725 E.4925
G1 X99.775 Y82.725 E.15401
G1 X99.775 Y97.275 E.4925
G1 X95.285 Y97.275 E.15198
G1 X95.226 Y96.879 F10800
G1 E-2.5 F4200
G1 Z53.8 F720
G1 X99.022 Y94.998 F10800
G1 Z53.6 F720
G1 E2.5 F2400
M204 P4000
;TYPE:Internal infill
;WIDTH:0.45
G1 F900
G1 X99.022 Y96.522 E.05159
G1 X98.825 Y96.522 E.00667
G1 X95.978 Y93.675 E.13628
G1 X95.978 Y93.233 E.01496
G1 X99.022 Y90.189 E.14571
G1 X99.022 Y89.811 E.01279
G1 X95.978 Y86.767 E.14571
G1 X95.978 Y86.325 E.01496
G1 X98.825 Y83.478 E.13628
G1 X97.295 Y83.478 E.05179
G1 X99.022 Y85.205 E.08267
G1 X99.022 Y85.584 E.01283
G1 X95.978 Y88.627 E.14569
G1 X95.978 Y89.07 E.015
G1 X99.022 Y92.114 E.14571
G1 X99.022 Y92.492 E.01279
G1 X95.978 Y95.536 E.14571
G1 X95.978 Y95.978 E.01496
G1 X96.522 Y96.522 E.02604
G1 X97.295 Y96.522 E.02617
G1 X99.022 Y94.795 E.08267
G1 X99.022 Y94.416 E.01283
G1 X95.978 Y91.373 E.14569
G1 X95.978 Y90.93 E.015
G1 X99.022 Y87.886 E.14571
G1 X99.022 Y87.508 E.01279
G1 X95.978 Y84.464 E.14571
G1 X95.978 Y84.022 E.01496
G1 X96.522 Y83.478 E.02604
G1 X95.978 Y83.478 E.01841
G1 X95.978 Y83.818 E.01151
M204 P2000
;LAYER_CHANGE
;Z:53.8
;HEIGHT:0.200001
;BEFORE_LAYER_CHANGE
G92 E0.0
;53.8
M201 X3989.22 Y3989.22

G1 E-2.5 F4200
G1 Z53.8 F720
;AFTER_LAYER_CHANGE
;53.8
M74 W4.68681

G1 Z54
G1 X95.632 Y96.868 F10800
G1 Z53.8 F720
G1 E2.5 F2400
M204 P2500
;TYPE:Perimeter
;WIDTH:0.449999
G1 F900
G1 X95.632 Y83.132 E.46495
G1 X99.368 Y83.132 E.12646
G1 X99.368 Y96.868 E.46495
G1 X95.692 Y96.868 E.12443
M204 P2000
G1 X95.225 Y97.275 F10800
;TYPE:External perimeter
G1 F900
G1 X95.225 Y82.725 E.4925
G1 X99.775 Y82.725 E.15401
G1 X99.775 Y97.275 E.4925
G1 X95.285 Y97.275 E.15198
G1 X95.226 Y96.879 F10800
G1 E-2.5 F4200
G1 Z54 F720
G1 X99.022 Y94.998 F10800
G1 Z53.8 F720
G1 E2.5 F2400
M204 P4000
;TYPE:Internal infill
;WIDTH:0.45
G1 F900
G1 X99.022 Y96.522 E.05159
G1 X98.825 Y96.522 E.00667
G1 X95.978 Y93.675 E.13628
G1 X95.978 Y93.233 E.01496
G1 X99.022 Y90.189 E.14571
G1 X99.022 Y89.811 E.01279
G1 X95.978 Y86.767 E.14571
G1 X95.978 Y86.325 E.01496
G1 X98.825 Y83.478 E.13628
G1 X97.295 Y83.478 E.05179
G1 X99.022 Y85.205 E.08267
G1 X99.022 Y85.584 E.01283
G1 X95.978 Y88.627 E.14569
G1 X95.978 Y89.07 E.015
G1 X99.022 Y92.114 E.14571
G1 X99.022 Y92.492 E.01279
G1 X95.978 Y95.536 E.14571
G1 X95.978 Y95.978 E.01496
G1 X96.522 Y96.522 E.02604
G1 X97.295 Y96.522 E.02617
G1 X99.022 Y94.795 E.08267
G1 X99.022 Y94.416 E.01283
G1 X95.978 Y91.373 E.14569
G1 X95.978 Y90.93 E.015
G1 X99.022 Y87.886 E.14571
G1 X99.022 Y87.508 E.01279
G1 X95.978 Y84.464 E.14571
G1 X95.978 Y84.022 E.01496
G1 X96.522 Y83.478 E.02604
G1 X95.978 Y83.478 E.01841
G1 X95.978 Y83.818 E.01151
M204 P2000
;LAYER_CHANGE
;Z:54
;HEIGHT:0.200001
;BEFORE_LAYER_CHANGE
G92 E0.0
;54
M201 X3989.19 Y3989.19

G1 E-2.5 F4200
G1 Z54 F720
;AFTER_LAYER_CHANGE
;54
M74 W4.70008

G1 Z54.2
G1 X95.632 Y96.868 F10800
G1 Z54 F720
G1 E2.5 F2400
M204 P2500
;TYPE:Perimeter
;WIDTH:0.449999
G1 F900
G1 X95.632 Y83.132 E.46495
G1 X99.368 Y83.132 E.12646
G1 X99.368 Y96.868 E.46495
G1 X95.692 Y96.868 E.12443
M204 P2000
G1 X95.225 Y97.275 F10800
;TYPE:External perimeter
G1 F900
G1 X95.225 Y82.725 E.4925
G1 X99.775 Y82.725 E.15401
M73 Q90 S5
G1 X99.775 Y97.275 E.4925
M73 P90 R5
G1 X95.285 Y97.275 E.15198
G1 X95.226 Y96.879 F10800
G1 E-2.5 F4200
G1 Z54.2 F720
G1 X99.022 Y94.998 F10800
G1 Z54 F720
G1 E2.5 F2400
M204 P4000
;TYPE:Internal infill
;WIDTH:0.45
G1 F900
G1 X99.022 Y96.522 E.05159
G1 X98.825 Y96.522 E.00667
G1 X95.978 Y93.675 E.13628
G1 X95.978 Y93.233 E.01496
G1 X99.022 Y90.189 E.14571
G1 X99.022 Y89.811 E.01279
G1 X95.978 Y86.767 E.14571
G1 X95.978 Y86.325 E.01496
G1 X98.825 Y83.478 E.13628
G1 X97.295 Y83.478 E.05179
G1 X99.022 Y85.205 E.08267
G1 X99.022 Y85.584 E.01283
G1 X95.978 Y88.627 E.14569
G1 X95.978 Y89.07 E.015
G1 X99.022 Y92.114 E.14571
G1 X99.022 Y92.492 E.01279
G1 X95.978 Y95.536 E.14571
G1 X95.978 Y95.978 E.01496
G1 X96.522 Y96.522 E.02604
G1 X97.295 Y96.522 E.02617
G1 X99.022 Y94.795 E.08267
G1 X99.022 Y94.416 E.01283
G1 X95.978 Y91.373 E.14569
G1 X95.978 Y90.93 E.015
G1 X99.022 Y87.886 E.14571
G1 X99.022 Y87.508 E.01279
G1 X95.978 Y84.464 E.14571
G1 X95.978 Y84.022 E.01496
G1 X96.522 Y83.478 E.02604
G1 X95.978 Y83.478 E.01841
G1 X95.978 Y83.818 E.01151
M204 P2000
;LAYER_CHANGE
;Z:54.2
;HEIGHT:0.200001
;BEFORE_LAYER_CHANGE
G92 E0.0
;54.2
M201 X3989.16 Y3989.16

G1 E-2.5 F4200
G1 Z54.2 F720
;AFTER_LAYER_CHANGE
;54.2
M74 W4.71334

G1 Z54.4
G1 X95.632 Y96.868 F10800
G1 Z54.2 F720
G1 E2.5 F2400
M204 P2500
;TYPE:Perimeter
;WIDTH:0.449999
G1 F900
G1 X95.632 Y83.132 E.46495
G1 X99.368 Y83.132 E.12646
G1 X99.368 Y96.868 E.46495
G1 X95.692 Y96.868 E.12443
M204 P2000
G1 X95.225 Y97.275 F10800
;TYPE:External perimeter
G1 F900
G1 X95.225 Y82.725 E.4925
G1 X99.775 Y82.725 E.15401
G1 X99.775 Y97.275 E.4925
G1 X95.285 Y97.275 E.15198
G1 X95.226 Y96.879 F10800
G1 E-2.5 F4200
G1 Z54.4 F720
G1 X99.022 Y94.998 F10800
G1 Z54.2 F720
G1 E2.5 F2400
M204 P4000
;TYPE:Internal infill
;WIDTH:0.45
G1 F900
G1 X99.022 Y96.522 E.05159
G1 X98.825 Y96.522 E.00667
G1 X95.978 Y93.675 E.13628
G1 X95.978 Y93.233 E.01496
G1 X99.022 Y90.189 E.14571
G1 X99.022 Y89.811 E.01279
G1 X95.978 Y86.767 E.14571
G1 X95.978 Y86.325 E.01496
G1 X98.825 Y83.478 E.13628
G1 X97.295 Y83.478 E.05179
M73 P90 R4
G1 X99.022 Y85.205 E.08267
G1 X99.022 Y85.584 E.01283
G1 X95.978 Y88.627 E.14569
G1 X95.978 Y89.07 E.015
G1 X99.022 Y92.114 E.14571
G1 X99.022 Y92.492 E.01279
G1 X95.978 Y95.536 E.14571
G1 X95.978 Y95.978 E.01496
G1 X96.522 Y96.522 E.02604
G1 X97.295 Y96.522 E.02617
G1 X99.022 Y94.795 E.08267
G1 X99.022 Y94.416 E.01283
G1 X95.978 Y91.373 E.14569
G1 X95.978 Y90.93 E.015
M73 Q90 S4
G1 X99.022 Y87.886 E.14571
G1 X99.022 Y87.508 E.01279
G1 X95.978 Y84.464 E.14571
G1 X95.978 Y84.022 E.01496
G1 X96.522 Y83.478 E.02604
G1 X95.978 Y83.478 E.01841
G1 X95.978 Y83.818 E.01151
M204 P2000
;LAYER_CHANGE
;Z:54.4
;HEIGHT:0.200001
;BEFORE_LAYER_CHANGE
G92 E0.0
;54.4
M201 X3989.13 Y3989.13

G1 E-2.5 F4200
G1 Z54.4 F720
;AFTER_LAYER_CHANGE
;54.4
M74 W4.72661

G1 Z54.6
G1 X95.632 Y96.868 F10800
G1 Z54.4 F720
G1 E2.5 F2400
M204 P2500
;TYPE:Perimeter
;WIDTH:0.449999
G1 F900
G1 X95.632 Y83.132 E.46495
G1 X99.368 Y83.132 E.12646
G1 X99.368 Y96.868 E.46495
G1 X95.692 Y96.868 E.12443
M204 P2000
G1 X95.225 Y97.275 F10800
;TYPE:External perimeter
G1 F900
G1 X95.225 Y82.725 E.4925
G1 X99.775 Y82.725 E.15401
G1 X99.775 Y97.275 E.4925
G1 X95.285 Y97.275 E.15198
G1 X95.226 Y96.879 F10800
G1 E-2.5 F4200
G1 Z54.6 F720
G1 X99.022 Y94.998 F10800
G1 Z54.4 F720
G1 E2.5 F2400
M204 P4000
;TYPE:Internal infill
;WIDTH:0.45
G1 F900
G1 X99.022 Y96.522 E.05159
G1 X98.825 Y96.522 E.00667
G1 X95.978 Y93.675 E.13628
G1 X95.978 Y93.233 E.01496
G1 X99.022 Y90.189 E.14571
G1 X99.022 Y89.811 E.01279
G1 X95.978 Y86.767 E.14571
G1 X95.978 Y86.325 E.01496
G1 X98.825 Y83.478 E.13628
G1 X97.295 Y83.478 E.05179
G1 X99.022 Y85.205 E.08267
G1 X99.022 Y85.584 E.01283
G1 X95.978 Y88.627 E.14569
G1 X95.978 Y89.07 E.015
G1 X99.022 Y92.114 E.14571
G1 X99.022 Y92.492 E.01279
G1 X95.978 Y95.536 E.14571
G1 X95.978 Y95.978 E.01496
G1 X96.522 Y96.522 E.02604
G1 X97.295 Y96.522 E.02617
G1 X99.022 Y94.795 E.08267
G1 X99.022 Y94.416 E.01283
G1 X95.978 Y91.373 E.14569
G1 X95.978 Y90.93 E.015
G1 X99.022 Y87.886 E.14571
G1 X99.022 Y87.508 E.01279
G1 X95.978 Y84.464 E.14571
G1 X95.978 Y84.022 E.01496
G1 X96.522 Y83.478 E.02604
G1 X95.978 Y83.478 E.01841
G1 X95.978 Y83.818 E.01151
M204 P2000
;LAYER_CHANGE
;Z:54.6
;HEIGHT:0.199997
;BEFORE_LAYER_CHANGE
G92 E0.0
;54.6
M201 X3989.1 Y3989.1

G1 E-2.5 F4200
G1 Z54.6 F720
;AFTER_LAYER_CHANGE
;54.6
M74 W4.73987

G1 Z54.8
G1 X95.632 Y96.868 F10800
G1 Z54.6 F720
G1 E2.5 F2400
M204 P2500
;TYPE:Perimeter
;WIDTH:0.449999
G1 F900
G1 X95.632 Y83.132 E.46495
G1 X99.368 Y83.132 E.12646
G1 X99.368 Y96.868 E.46495
G1 X95.692 Y96.868 E.12443
M204 P2000
G1 X95.225 Y97.275 F10800
;TYPE:External perimeter
G1 F900
G1 X95.225 Y82.725 E.4925
G1 X99.775 Y82.725 E.15401
G1 X99.775 Y97.275 E.4925
G1 X95.285 Y97.275 E.15198
G1 X95.226 Y96.879 F10800
G1 E-2.5 F4200
G1 Z54.8 F720
G1 X99.022 Y94.998 F10800
G1 Z54.6 F720
G1 E2.5 F2400
M204 P4000
;TYPE:Internal infill
;WIDTH:0.45
G1 F900
G1 X99.022 Y96.522 E.05159
G1 X98.825 Y96.522 E.00667
G1 X95.978 Y93.675 E.13628
G1 X95.978 Y93.233 E.01496
G1 X99.022 Y90.189 E.14571
G1 X99.022 Y89.811 E.01279
G1 X95.978 Y86.767 E.14571
G1 X95.978 Y86.325 E.01496
M73 Q91 S4
G1 X98.825 Y83.478 E.13628
G1 X97.295 Y83.478 E.05179
M73 P91 R4
G1 X99.022 Y85.205 E.08267
G1 X99.022 Y85.584 E.01283
G1 X95.978 Y88.627 E.14569
G1 X95.978 Y89.07 E.015
G1 X99.022 Y92.114 E.14571
G1 X99.022 Y92.492 E.01279
G1 X95.978 Y95.536 E.14571
G1 X95.978 Y95.978 E.01496
G1 X96.522 Y96.522 E.02604
G1 X97.295 Y96.522 E.02617
G1 X99.022 Y94.795 E.08267
G1 X99.022 Y94.416 E.01283
G1 X95.978 Y91.373 E.14569
G1 X95.978 Y90.93 E.015
G1 X99.022 Y87.886 E.14571
G1 X99.022 Y87.508 E.01279
G1 X95.978 Y84.464 E.14571
G1 X95.978 Y84.022 E.01496
G1 X96.522 Y83.478 E.02604
G1 X95.978 Y83.478 E.01841
G1 X95.978 Y83.818 E.01151
M204 P2000
;LAYER_CHANGE
;Z:54.8
;HEIGHT:0.200001
;BEFORE_LAYER_CHANGE
G92 E0.0
;54.8
M201 X3989.07 Y3989.07

G1 E-2.5 F4200
G1 Z54.8 F720
;AFTER_LAYER_CHANGE
;54.8
M74 W4.75314

G1 Z55
G1 X95.632 Y96.868 F10800
G1 Z54.8 F720
G1 E2.5 F2400
M204 P2500
;TYPE:Perimeter
;WIDTH:0.449999
G1 F900
G1 X95.632 Y83.132 E.46495
G1 X99.368 Y83.132 E.12646
G1 X99.368 Y96.868 E.46495
G1 X95.692 Y96.868 E.12443
M204 P2000
G1 X95.225 Y97.275 F10800
;TYPE:External perimeter
G1 F900
G1 X95.225 Y82.725 E.4925
G1 X99.775 Y82.725 E.15401
G1 X99.775 Y97.275 E.4925
G1 X95.285 Y97.275 E.15198
G1 X95.226 Y96.879 F10800
G1 E-2.5 F4200
G1 Z55 F720
G1 X99.022 Y94.998 F10800
G1 Z54.8 F720
G1 E2.5 F2400
M204 P4000
;TYPE:Internal infill
;WIDTH:0.45
G1 F900
G1 X99.022 Y96.522 E.05159
G1 X98.825 Y96.522 E.00667
G1 X95.978 Y93.675 E.13628
G1 X95.978 Y93.233 E.01496
G1 X99.022 Y90.189 E.14571
G1 X99.022 Y89.811 E.01279
G1 X95.978 Y86.767 E.14571
G1 X95.978 Y86.325 E.01496
G1 X98.825 Y83.478 E.13628
G1 X97.295 Y83.478 E.05179
G1 X99.022 Y85.205 E.08267
G1 X99.022 Y85.584 E.01283
G1 X95.978 Y88.627 E.14569
G1 X95.978 Y89.07 E.015
G1 X99.022 Y92.114 E.14571
G1 X99.022 Y92.492 E.01279
G1 X95.978 Y95.536 E.14571
G1 X95.978 Y95.978 E.01496
G1 X96.522 Y96.522 E.02604
G1 X97.295 Y96.522 E.02617
G1 X99.022 Y94.795 E.08267
G1 X99.022 Y94.416 E.01283
G1 X95.978 Y91.373 E.14569
G1 X95.978 Y90.93 E.015
G1 X99.022 Y87.886 E.14571
G1 X99.022 Y87.508 E.01279
G1 X95.978 Y84.464 E.14571
G1 X95.978 Y84.022 E.01496
G1 X96.522 Y83.478 E.02604
G1 X95.978 Y83.478 E.01841
G1 X95.978 Y83.818 E.01151
M204 P2000
;LAYER_CHANGE
;Z:55
;HEIGHT:0.200001
;BEFORE_LAYER_CHANGE
G92 E0.0
;55
M201 X3989.04 Y3989.04

G1 E-2.5 F4200
G1 Z55 F720
;AFTER_LAYER_CHANGE
;55
M74 W4.7664

G1 Z55.2
G1 X95.632 Y96.868 F10800
G1 Z55 F720
G1 E2.5 F2400
M204 P2500
;TYPE:Perimeter
;WIDTH:0.449999
G1 F900
G1 X95.632 Y83.132 E.46495
G1 X99.368 Y83.132 E.12646
G1 X99.368 Y96.868 E.46495
G1 X95.692 Y96.868 E.12443
M204 P2000
G1 X95.225 Y97.275 F10800
;TYPE:External perimeter
G1 F900
G1 X95.225 Y82.725 E.4925
G1 X99.775 Y82.725 E.15401
G1 X99.775 Y97.275 E.4925
G1 X95.285 Y97.275 E.15198
G1 X95.226 Y96.879 F10800
G1 E-2.5 F4200
G1 Z55.2 F720
G1 X99.022 Y94.998 F10800
G1 Z55 F720
G1 E2.5 F2400
M204 P4000
;TYPE:Internal infill
;WIDTH:0.45
G1 F900
G1 X99.022 Y96.522 E.05159
G1 X98.825 Y96.522 E.00667
G1 X95.978 Y93.675 E.13628
G1 X95.978 Y93.233 E.01496
G1 X99.022 Y90.189 E.14571
G1 X99.022 Y89.811 E.01279
G1 X95.978 Y86.767 E.14571
G1 X95.978 Y86.325 E.01496
G1 X98.825 Y83.478 E.13628
G1 X97.295 Y83.478 E.05179
G1 X99.022 Y85.205 E.08267
G1 X99.022 Y85.584 E.01283
G1 X95.978 Y88.627 E.14569
G1 X95.978 Y89.07 E.015
G1 X99.022 Y92.114 E.14571
G1 X99.022 Y92.492 E.01279
G1 X95.978 Y95.536 E.14571
G1 X95.978 Y95.978 E.01496
G1 X96.522 Y96.522 E.02604
G1 X97.295 Y96.522 E.02617
G1 X99.022 Y94.795 E.08267
G1 X99.022 Y94.416 E.01283
G1 X95.978 Y91.373 E.14569
G1 X95.978 Y90.93 E.015
G1 X99.022 Y87.886 E.14571
G1 X99.022 Y87.508 E.01279
G1 X95.978 Y84.464 E.14571
G1 X95.978 Y84.022 E.01496
G1 X96.522 Y83.478 E.02604
G1 X95.978 Y83.478 E.01841
G1 X95.978 Y83.818 E.01151
M204 P2000
;LAYER_CHANGE
;Z:55.2
;HEIGHT:0.200001
;BEFORE_LAYER_CHANGE
G92 E0.0
;55.2
M201 X3989.01 Y3989.01

G1 E-2.5 F4200
G1 Z55.2 F720
;AFTER_LAYER_CHANGE
;55.2
M74 W4.77966

G1 Z55.4
G1 X95.632 Y96.868 F10800
G1 Z55.2 F720
G1 E2.5 F2400
M204 P2500
;TYPE:Perimeter
;WIDTH:0.449999
G1 F900
G1 X95.632 Y83.132 E.46495
G1 X99.368 Y83.132 E.12646
G1 X99.368 Y96.868 E.46495
G1 X95.692 Y96.868 E.12443
M204 P2000
G1 X95.225 Y97.275 F10800
;TYPE:External perimeter
G1 F900
G1 X95.225 Y82.725 E.4925
G1 X99.775 Y82.725 E.15401
G1 X99.775 Y97.275 E.4925
G1 X95.285 Y97.275 E.15198
G1 X95.226 Y96.879 F10800
G1 E-2.5 F4200
G1 Z55.4 F720
G1 X99.022 Y94.998 F10800
G1 Z55.2 F720
G1 E2.5 F2400
M204 P4000
;TYPE:Internal infill
;WIDTH:0.45
G1 F900
G1 X99.022 Y96.522 E.05159
G1 X98.825 Y96.522 E.00667
G1 X95.978 Y93.675 E.13628
G1 X95.978 Y93.233 E.01496
G1 X99.022 Y90.189 E.14571
G1 X99.022 Y89.811 E.01279
G1 X95.978 Y86.767 E.14571
G1 X95.978 Y86.325 E.01496
G1 X98.825 Y83.478 E.13628
G1 X97.295 Y83.478 E.05179
G1 X99.022 Y85.205 E.08267
G1 X99.022 Y85.584 E.01283
G1 X95.978 Y88.627 E.14569
G1 X95.978 Y89.07 E.015
G1 X99.022 Y92.114 E.14571
G1 X99.022 Y92.492 E.01279
G1 X95.978 Y95.536 E.14571
G1 X95.978 Y95.978 E.01496
G1 X96.522 Y96.522 E.02604
G1 X97.295 Y96.522 E.02617
G1 X99.022 Y94.795 E.08267
G1 X99.022 Y94.416 E.01283
G1 X95.978 Y91.373 E.14569
G1 X95.978 Y90.93 E.015
G1 X99.022 Y87.886 E.14571
G1 X99.022 Y87.508 E.01279
G1 X95.978 Y84.464 E.14571
G1 X95.978 Y84.022 E.01496
M73 Q92 S4
G1 X96.522 Y83.478 E.02604
G1 X95.978 Y83.478 E.01841
G1 X95.978 Y83.818 E.01151
M204 P2000
;LAYER_CHANGE
;Z:55.4
;HEIGHT:0.200001
;BEFORE_LAYER_CHANGE
G92 E0.0
;55.4
M201 X3988.98 Y3988.98

G1 E-2.5 F4200
G1 Z55.4 F720
;AFTER_LAYER_CHANGE
;55.4
M74 W4.79293

G1 Z55.6
G1 X95.632 Y96.868 F10800
G1 Z55.4 F720
M73 P92 R4
G1 E2.5 F2400
M204 P2500
;TYPE:Perimeter
;WIDTH:0.449999
G1 F900
G1 X95.632 Y83.132 E.46495
G1 X99.368 Y83.132 E.12646
G1 X99.368 Y96.868 E.46495
G1 X95.692 Y96.868 E.12443
M204 P2000
G1 X95.225 Y97.275 F10800
;TYPE:External perimeter
G1 F900
G1 X95.225 Y82.725 E.4925
G1 X99.775 Y82.725 E.15401
G1 X99.775 Y97.275 E.4925
G1 X95.285 Y97.275 E.15198
G1 X95.226 Y96.879 F10800
G1 E-2.5 F4200
G1 Z55.6 F720
G1 X99.022 Y94.998 F10800
G1 Z55.4 F720
G1 E2.5 F2400
M204 P4000
;TYPE:Internal infill
;WIDTH:0.45
G1 F900
G1 X99.022 Y96.522 E.05159
G1 X98.825 Y96.522 E.00667
G1 X95.978 Y93.675 E.13628
G1 X95.978 Y93.233 E.01496
G1 X99.022 Y90.189 E.14571
G1 X99.022 Y89.811 E.01279
G1 X95.978 Y86.767 E.14571
G1 X95.978 Y86.325 E.01496
G1 X98.825 Y83.478 E.13628
G1 X97.295 Y83.478 E.05179
G1 X99.022 Y85.205 E.08267
G1 X99.022 Y85.584 E.01283
G1 X95.978 Y88.627 E.14569
G1 X95.978 Y89.07 E.015
G1 X99.022 Y92.114 E.14571
G1 X99.022 Y92.492 E.01279
G1 X95.978 Y95.536 E.14571
G1 X95.978 Y95.978 E.01496
G1 X96.522 Y96.522 E.02604
G1 X97.295 Y96.522 E.02617
G1 X99.022 Y94.795 E.08267
G1 X99.022 Y94.416 E.01283
G1 X95.978 Y91.373 E.14569
G1 X95.978 Y90.93 E.015
G1 X99.022 Y87.886 E.14571
G1 X99.022 Y87.508 E.01279
G1 X95.978 Y84.464 E.14571
G1 X95.978 Y84.022 E.01496
G1 X96.522 Y83.478 E.02604
G1 X95.978 Y83.478 E.01841
G1 X95.978 Y83.818 E.01151
M204 P2000
;LAYER_CHANGE
;Z:55.6
;HEIGHT:0.199997
;BEFORE_LAYER_CHANGE
G92 E0.0
;55.6
M201 X3988.95 Y3988.95

G1 E-2.5 F4200
G1 Z55.6 F720
;AFTER_LAYER_CHANGE
;55.6
M74 W4.80619

G1 Z55.8
G1 X95.632 Y96.868 F10800
G1 Z55.6 F720
G1 E2.5 F2400
M204 P2500
;TYPE:Perimeter
;WIDTH:0.449999
G1 F900
G1 X95.632 Y83.132 E.46495
G1 X99.368 Y83.132 E.12646
M73 P92 R3
G1 X99.368 Y96.868 E.46495
G1 X95.692 Y96.868 E.12443
M73 Q92 S3
M204 P2000
G1 X95.225 Y97.275 F10800
;TYPE:External perimeter
G1 F900
G1 X95.225 Y82.725 E.4925
G1 X99.775 Y82.725 E.15401
G1 X99.775 Y97.275 E.4925
G1 X95.285 Y97.275 E.15198
G1 X95.226 Y96.879 F10800
G1 E-2.5 F4200
G1 Z55.8 F720
G1 X99.022 Y94.998 F10800
G1 Z55.6 F720
G1 E2.5 F2400
M204 P4000
;TYPE:Internal infill
;WIDTH:0.45
G1 F900
G1 X99.022 Y96.522 E.05159
G1 X98.825 Y96.522 E.00667
G1 X95.978 Y93.675 E.13628
G1 X95.978 Y93.233 E.01496
G1 X99.022 Y90.189 E.14571
G1 X99.022 Y89.811 E.01279
G1 X95.978 Y86.767 E.14571
G1 X95.978 Y86.325 E.01496
G1 X98.825 Y83.478 E.13628
G1 X97.295 Y83.478 E.05179
G1 X99.022 Y85.205 E.08267
G1 X99.022 Y85.584 E.01283
G1 X95.978 Y88.627 E.14569
G1 X95.978 Y89.07 E.015
G1 X99.022 Y92.114 E.14571
G1 X99.022 Y92.492 E.01279
G1 X95.978 Y95.536 E.14571
G1 X95.978 Y95.978 E.01496
G1 X96.522 Y96.522 E.02604
G1 X97.295 Y96.522 E.02617
G1 X99.022 Y94.795 E.08267
G1 X99.022 Y94.416 E.01283
G1 X95.978 Y91.373 E.14569
G1 X95.978 Y90.93 E.015
G1 X99.022 Y87.886 E.14571
G1 X99.022 Y87.508 E.01279
G1 X95.978 Y84.464 E.14571
G1 X95.978 Y84.022 E.01496
G1 X96.522 Y83.478 E.02604
G1 X95.978 Y83.478 E.01841
G1 X95.978 Y83.818 E.01151
M204 P2000
;LAYER_CHANGE
;Z:55.8
;HEIGHT:0.200001
;BEFORE_LAYER_CHANGE
G92 E0.0
;55.8
M201 X3988.92 Y3988.92

G1 E-2.5 F4200
G1 Z55.8 F720
;AFTER_LAYER_CHANGE
;55.8
M74 W4.81946

G1 Z56
G1 X95.632 Y96.868 F10800
G1 Z55.8 F720
G1 E2.5 F2400
M204 P2500
;TYPE:Perimeter
;WIDTH:0.449999
G1 F900
G1 X95.632 Y83.132 E.46495
G1 X99.368 Y83.132 E.12646
G1 X99.368 Y96.868 E.46495
G1 X95.692 Y96.868 E.12443
M204 P2000
G1 X95.225 Y97.275 F10800
;TYPE:External perimeter
G1 F900
G1 X95.225 Y82.725 E.4925
G1 X99.775 Y82.725 E.15401
G1 X99.775 Y97.275 E.4925
G1 X95.285 Y97.275 E.15198
G1 X95.226 Y96.879 F10800
G1 E-2.5 F4200
G1 Z56 F720
G1 X99.022 Y94.998 F10800
G1 Z55.8 F720
G1 E2.5 F2400
M204 P4000
;TYPE:Internal infill
;WIDTH:0.45
G1 F900
G1 X99.022 Y96.522 E.05159
G1 X98.825 Y96.522 E.00667
G1 X95.978 Y93.675 E.13628
G1 X95.978 Y93.233 E.01496
G1 X99.022 Y90.189 E.14571
G1 X99.022 Y89.811 E.01279
G1 X95.978 Y86.767 E.14571
G1 X95.978 Y86.325 E.01496
G1 X98.825 Y83.478 E.13628
G1 X97.295 Y83.478 E.05179
G1 X99.022 Y85.205 E.08267
G1 X99.022 Y85.584 E.01283
G1 X95.978 Y88.627 E.14569
G1 X95.978 Y89.07 E.015
G1 X99.022 Y92.114 E.14571
G1 X99.022 Y92.492 E.01279
G1 X95.978 Y95.536 E.14571
G1 X95.978 Y95.978 E.01496
G1 X96.522 Y96.522 E.02604
G1 X97.295 Y96.522 E.02617
G1 X99.022 Y94.795 E.08267
G1 X99.022 Y94.416 E.01283
G1 X95.978 Y91.373 E.14569
G1 X95.978 Y90.93 E.015
G1 X99.022 Y87.886 E.14571
G1 X99.022 Y87.508 E.01279
G1 X95.978 Y84.464 E.14571
G1 X95.978 Y84.022 E.01496
G1 X96.522 Y83.478 E.02604
G1 X95.978 Y83.478 E.01841
G1 X95.978 Y83.818 E.01151
M204 P2000
;LAYER_CHANGE
;Z:56
;HEIGHT:0.200001
;BEFORE_LAYER_CHANGE
G92 E0.0
;56
M201 X3988.88 Y3988.88

G1 E-2.5 F4200
G1 Z56 F720
;AFTER_LAYER_CHANGE
;56
M74 W4.83272

G1 Z56.2
G1 X95.632 Y96.868 F10800
G1 Z56 F720
G1 E2.5 F2400
M204 P2500
;TYPE:Perimeter
;WIDTH:0.449999
G1 F900
G1 X95.632 Y83.132 E.46495
G1 X99.368 Y83.132 E.12646
G1 X99.368 Y96.868 E.46495
G1 X95.692 Y96.868 E.12443
M204 P2000
G1 X95.225 Y97.275 F10800
M73 Q93 S3
;TYPE:External perimeter
G1 F900
G1 X95.225 Y82.725 E.4925
G1 X99.775 Y82.725 E.15401
M73 P93 R3
G1 X99.775 Y97.275 E.4925
G1 X95.285 Y97.275 E.15198
G1 X95.226 Y96.879 F10800
G1 E-2.5 F4200
G1 Z56.2 F720
G1 X99.022 Y94.998 F10800
G1 Z56 F720
G1 E2.5 F2400
M204 P4000
;TYPE:Internal infill
;WIDTH:0.45
G1 F900
G1 X99.022 Y96.522 E.05159
G1 X98.825 Y96.522 E.00667
G1 X95.978 Y93.675 E.13628
G1 X95.978 Y93.233 E.01496
G1 X99.022 Y90.189 E.14571
G1 X99.022 Y89.811 E.01279
G1 X95.978 Y86.767 E.14571
G1 X95.978 Y86.325 E.01496
G1 X98.825 Y83.478 E.13628
G1 X97.295 Y83.478 E.05179
G1 X99.022 Y85.205 E.08267
G1 X99.022 Y85.584 E.01283
G1 X95.978 Y88.627 E.14569
G1 X95.978 Y89.07 E.015
G1 X99.022 Y92.114 E.14571
G1 X99.022 Y92.492 E.01279
G1 X95.978 Y95.536 E.14571
G1 X95.978 Y95.978 E.01496
G1 X96.522 Y96.522 E.02604
G1 X97.295 Y96.522 E.02617
G1 X99.022 Y94.795 E.08267
G1 X99.022 Y94.416 E.01283
G1 X95.978 Y91.373 E.14569
G1 X95.978 Y90.93 E.015
G1 X99.022 Y87.886 E.14571
G1 X99.022 Y87.508 E.01279
G1 X95.978 Y84.464 E.14571
G1 X95.978 Y84.022 E.01496
G1 X96.522 Y83.478 E.02604
G1 X95.978 Y83.478 E.01841
G1 X95.978 Y83.818 E.01151
M204 P2000
;LAYER_CHANGE
;Z:56.2
;HEIGHT:0.200001
;BEFORE_LAYER_CHANGE
G92 E0.0
;56.2
M201 X3988.85 Y3988.85

G1 E-2.5 F4200
G1 Z56.2 F720
;AFTER_LAYER_CHANGE
;56.2
M74 W4.84599

G1 Z56.4
G1 X95.632 Y96.868 F10800
G1 Z56.2 F720
G1 E2.5 F2400
M204 P2500
;TYPE:Perimeter
;WIDTH:0.449999
G1 F900
G1 X95.632 Y83.132 E.46495
G1 X99.368 Y83.132 E.12646
G1 X99.368 Y96.868 E.46495
G1 X95.692 Y96.868 E.12443
M204 P2000
G1 X95.225 Y97.275 F10800
;TYPE:External perimeter
G1 F900
G1 X95.225 Y82.725 E.4925
G1 X99.775 Y82.725 E.15401
G1 X99.775 Y97.275 E.4925
G1 X95.285 Y97.275 E.15198
G1 X95.226 Y96.879 F10800
G1 E-2.5 F4200
G1 Z56.4 F720
G1 X99.022 Y94.998 F10800
G1 Z56.2 F720
G1 E2.5 F2400
M204 P4000
;TYPE:Internal infill
;WIDTH:0.45
G1 F900
G1 X99.022 Y96.522 E.05159
G1 X98.825 Y96.522 E.00667
G1 X95.978 Y93.675 E.13628
G1 X95.978 Y93.233 E.01496
G1 X99.022 Y90.189 E.14571
G1 X99.022 Y89.811 E.01279
G1 X95.978 Y86.767 E.14571
G1 X95.978 Y86.325 E.01496
G1 X98.825 Y83.478 E.13628
G1 X97.295 Y83.478 E.05179
G1 X99.022 Y85.205 E.08267
G1 X99.022 Y85.584 E.01283
G1 X95.978 Y88.627 E.14569
G1 X95.978 Y89.07 E.015
G1 X99.022 Y92.114 E.14571
G1 X99.022 Y92.492 E.01279
G1 X95.978 Y95.536 E.14571
G1 X95.978 Y95.978 E.01496
G1 X96.522 Y96.522 E.02604
G1 X97.295 Y96.522 E.02617
G1 X99.022 Y94.795 E.08267
G1 X99.022 Y94.416 E.01283
G1 X95.978 Y91.373 E.14569
G1 X95.978 Y90.93 E.015
G1 X99.022 Y87.886 E.14571
G1 X99.022 Y87.508 E.01279
G1 X95.978 Y84.464 E.14571
G1 X95.978 Y84.022 E.01496
G1 X96.522 Y83.478 E.02604
G1 X95.978 Y83.478 E.01841
G1 X95.978 Y83.818 E.01151
M204 P2000
;LAYER_CHANGE
;Z:56.4
;HEIGHT:0.200001
;BEFORE_LAYER_CHANGE
G92 E0.0
;56.4
M201 X3988.82 Y3988.82

G1 E-2.5 F4200
G1 Z56.4 F720
;AFTER_LAYER_CHANGE
;56.4
M74 W4.85925

G1 Z56.6
G1 X95.632 Y96.868 F10800
G1 Z56.4 F720
G1 E2.5 F2400
M204 P2500
;TYPE:Perimeter
;WIDTH:0.449999
G1 F900
G1 X95.632 Y83.132 E.46495
G1 X99.368 Y83.132 E.12646
G1 X99.368 Y96.868 E.46495
G1 X95.692 Y96.868 E.12443
M204 P2000
G1 X95.225 Y97.275 F10800
;TYPE:External perimeter
G1 F900
G1 X95.225 Y82.725 E.4925
G1 X99.775 Y82.725 E.15401
G1 X99.775 Y97.275 E.4925
G1 X95.285 Y97.275 E.15198
G1 X95.226 Y96.879 F10800
G1 E-2.5 F4200
G1 Z56.6 F720
G1 X99.022 Y94.998 F10800
G1 Z56.4 F720
G1 E2.5 F2400
M204 P4000
;TYPE:Internal infill
;WIDTH:0.45
G1 F900
G1 X99.022 Y96.522 E.05159
G1 X98.825 Y96.522 E.00667
G1 X95.978 Y93.675 E.13628
G1 X95.978 Y93.233 E.01496
G1 X99.022 Y90.189 E.14571
G1 X99.022 Y89.811 E.01279
G1 X95.978 Y86.767 E.14571
G1 X95.978 Y86.325 E.01496
G1 X98.825 Y83.478 E.13628
G1 X97.295 Y83.478 E.05179
G1 X99.022 Y85.205 E.08267
G1 X99.022 Y85.584 E.01283
G1 X95.978 Y88.627 E.14569
G1 X95.978 Y89.07 E.015
G1 X99.022 Y92.114 E.14571
G1 X99.022 Y92.492 E.01279
G1 X95.978 Y95.536 E.14571
G1 X95.978 Y95.978 E.01496
G1 X96.522 Y96.522 E.02604
G1 X97.295 Y96.522 E.02617
G1 X99.022 Y94.795 E.08267
G1 X99.022 Y94.416 E.01283
G1 X95.978 Y91.373 E.14569
G1 X95.978 Y90.93 E.015
G1 X99.022 Y87.886 E.14571
G1 X99.022 Y87.508 E.01279
G1 X95.978 Y84.464 E.14571
G1 X95.978 Y84.022 E.01496
G1 X96.522 Y83.478 E.02604
G1 X95.978 Y83.478 E.01841
G1 X95.978 Y83.818 E.01151
M204 P2000
;LAYER_CHANGE
;Z:56.6
;HEIGHT:0.199997
;BEFORE_LAYER_CHANGE
G92 E0.0
;56.6
M201 X3988.79 Y3988.79

G1 E-2.5 F4200
G1 Z56.6 F720
;AFTER_LAYER_CHANGE
;56.6
M74 W4.87252

G1 Z56.8
G1 X95.632 Y96.868 F10800
G1 Z56.6 F720
G1 E2.5 F2400
M204 P2500
;TYPE:Perimeter
;WIDTH:0.449999
G1 F900
G1 X95.632 Y83.132 E.46495
G1 X99.368 Y83.132 E.12646
G1 X99.368 Y96.868 E.46495
G1 X95.692 Y96.868 E.12443
M204 P2000
G1 X95.225 Y97.275 F10800
;TYPE:External perimeter
G1 F900
G1 X95.225 Y82.725 E.4925
G1 X99.775 Y82.725 E.15401
G1 X99.775 Y97.275 E.4925
G1 X95.285 Y97.275 E.15198
G1 X95.226 Y96.879 F10800
G1 E-2.5 F4200
G1 Z56.8 F720
G1 X99.022 Y94.998 F10800
G1 Z56.6 F720
G1 E2.5 F2400
M204 P4000
;TYPE:Internal infill
;WIDTH:0.45
G1 F900
M73 Q94 S3
G1 X99.022 Y96.522 E.05159
G1 X98.825 Y96.522 E.00667
G1 X95.978 Y93.675 E.13628
G1 X95.978 Y93.233 E.01496
M73 P94 R3
G1 X99.022 Y90.189 E.14571
G1 X99.022 Y89.811 E.01279
G1 X95.978 Y86.767 E.14571
G1 X95.978 Y86.325 E.01496
G1 X98.825 Y83.478 E.13628
G1 X97.295 Y83.478 E.05179
G1 X99.022 Y85.205 E.08267
G1 X99.022 Y85.584 E.01283
G1 X95.978 Y88.627 E.14569
G1 X95.978 Y89.07 E.015
G1 X99.022 Y92.114 E.14571
G1 X99.022 Y92.492 E.01279
G1 X95.978 Y95.536 E.14571
G1 X95.978 Y95.978 E.01496
G1 X96.522 Y96.522 E.02604
G1 X97.295 Y96.522 E.02617
G1 X99.022 Y94.795 E.08267
G1 X99.022 Y94.416 E.01283
G1 X95.978 Y91.373 E.14569
G1 X95.978 Y90.93 E.015
G1 X99.022 Y87.886 E.14571
G1 X99.022 Y87.508 E.01279
G1 X95.978 Y84.464 E.14571
G1 X95.978 Y84.022 E.01496
G1 X96.522 Y83.478 E.02604
G1 X95.978 Y83.478 E.01841
G1 X95.978 Y83.818 E.01151
M204 P2000
;LAYER_CHANGE
;Z:56.8
;HEIGHT:0.200001
;BEFORE_LAYER_CHANGE
G92 E0.0
;56.8
M201 X3988.76 Y3988.76

G1 E-2.5 F4200
G1 Z56.8 F720
;AFTER_LAYER_CHANGE
;56.8
M74 W4.88578

G1 Z57
G1 X95.632 Y96.868 F10800
G1 Z56.8 F720
G1 E2.5 F2400
M204 P2500
;TYPE:Perimeter
;WIDTH:0.449999
G1 F900
G1 X95.632 Y83.132 E.46495
G1 X99.368 Y83.132 E.12646
G1 X99.368 Y96.868 E.46495
G1 X95.692 Y96.868 E.12443
M204 P2000
G1 X95.225 Y97.275 F10800
;TYPE:External perimeter
G1 F900
G1 X95.225 Y82.725 E.4925
G1 X99.775 Y82.725 E.15401
G1 X99.775 Y97.275 E.4925
M73 P94 R2
G1 X95.285 Y97.275 E.15198
G1 X95.226 Y96.879 F10800
M73 Q94 S2
G1 E-2.5 F4200
G1 Z57 F720
G1 X99.022 Y94.998 F10800
G1 Z56.8 F720
G1 E2.5 F2400
M204 P4000
;TYPE:Internal infill
;WIDTH:0.45
G1 F900
G1 X99.022 Y96.522 E.05159
G1 X98.825 Y96.522 E.00667
G1 X95.978 Y93.675 E.13628
G1 X95.978 Y93.233 E.01496
G1 X99.022 Y90.189 E.14571
G1 X99.022 Y89.811 E.01279
G1 X95.978 Y86.767 E.14571
G1 X95.978 Y86.325 E.01496
G1 X98.825 Y83.478 E.13628
G1 X97.295 Y83.478 E.05179
G1 X99.022 Y85.205 E.08267
G1 X99.022 Y85.584 E.01283
G1 X95.978 Y88.627 E.14569
G1 X95.978 Y89.07 E.015
G1 X99.022 Y92.114 E.14571
G1 X99.022 Y92.492 E.01279
G1 X95.978 Y95.536 E.14571
G1 X95.978 Y95.978 E.01496
G1 X96.522 Y96.522 E.02604
G1 X97.295 Y96.522 E.02617
G1 X99.022 Y94.795 E.08267
G1 X99.022 Y94.416 E.01283
G1 X95.978 Y91.373 E.14569
G1 X95.978 Y90.93 E.015
G1 X99.022 Y87.886 E.14571
G1 X99.022 Y87.508 E.01279
G1 X95.978 Y84.464 E.14571
G1 X95.978 Y84.022 E.01496
G1 X96.522 Y83.478 E.02604
G1 X95.978 Y83.478 E.01841
G1 X95.978 Y83.818 E.01151
M204 P2000
;LAYER_CHANGE
;Z:57
;HEIGHT:0.200001
;BEFORE_LAYER_CHANGE
G92 E0.0
;57
M201 X3988.73 Y3988.73

G1 E-2.5 F4200
G1 Z57 F720
;AFTER_LAYER_CHANGE
;57
M74 W4.89905

G1 Z57.2
G1 X95.632 Y96.868 F10800
G1 Z57 F720
G1 E2.5 F2400
M204 P2500
;TYPE:Perimeter
;WIDTH:0.449999
G1 F900
G1 X95.632 Y83.132 E.46495
G1 X99.368 Y83.132 E.12646
G1 X99.368 Y96.868 E.46495
G1 X95.692 Y96.868 E.12443
M204 P2000
G1 X95.225 Y97.275 F10800
;TYPE:External perimeter
G1 F900
G1 X95.225 Y82.725 E.4925
G1 X99.775 Y82.725 E.15401
G1 X99.775 Y97.275 E.4925
G1 X95.285 Y97.275 E.15198
G1 X95.226 Y96.879 F10800
G1 E-2.5 F4200
G1 Z57.2 F720
G1 X99.022 Y94.998 F10800
G1 Z57 F720
G1 E2.5 F2400
M204 P4000
;TYPE:Internal infill
;WIDTH:0.45
G1 F900
G1 X99.022 Y96.522 E.05159
G1 X98.825 Y96.522 E.00667
G1 X95.978 Y93.675 E.13628
G1 X95.978 Y93.233 E.01496
G1 X99.022 Y90.189 E.14571
G1 X99.022 Y89.811 E.01279
G1 X95.978 Y86.767 E.14571
G1 X95.978 Y86.325 E.01496
G1 X98.825 Y83.478 E.13628
G1 X97.295 Y83.478 E.05179
G1 X99.022 Y85.205 E.08267
G1 X99.022 Y85.584 E.01283
G1 X95.978 Y88.627 E.14569
G1 X95.978 Y89.07 E.015
G1 X99.022 Y92.114 E.14571
G1 X99.022 Y92.492 E.01279
G1 X95.978 Y95.536 E.14571
G1 X95.978 Y95.978 E.01496
G1 X96.522 Y96.522 E.02604
G1 X97.295 Y96.522 E.02617
G1 X99.022 Y94.795 E.08267
G1 X99.022 Y94.416 E.01283
G1 X95.978 Y91.373 E.14569
G1 X95.978 Y90.93 E.015
G1 X99.022 Y87.886 E.14571
G1 X99.022 Y87.508 E.01279
G1 X95.978 Y84.464 E.14571
G1 X95.978 Y84.022 E.01496
G1 X96.522 Y83.478 E.02604
G1 X95.978 Y83.478 E.01841
G1 X95.978 Y83.818 E.01151
M204 P2000
;LAYER_CHANGE
;Z:57.2
;HEIGHT:0.200001
;BEFORE_LAYER_CHANGE
G92 E0.0
;57.2
M201 X3988.7 Y3988.7

G1 E-2.5 F4200
G1 Z57.2 F720
;AFTER_LAYER_CHANGE
;57.2
M74 W4.91231

G1 Z57.4
G1 X95.632 Y96.868 F10800
G1 Z57.2 F720
G1 E2.5 F2400
M204 P2500
;TYPE:Perimeter
;WIDTH:0.449999
G1 F900
G1 X95.632 Y83.132 E.46495
G1 X99.368 Y83.132 E.12646
G1 X99.368 Y96.868 E.46495
G1 X95.692 Y96.868 E.12443
M204 P2000
G1 X95.225 Y97.275 F10800
;TYPE:External perimeter
G1 F900
G1 X95.225 Y82.725 E.4925
G1 X99.775 Y82.725 E.15401
G1 X99.775 Y97.275 E.4925
G1 X95.285 Y97.275 E.15198
G1 X95.226 Y96.879 F10800
G1 E-2.5 F4200
G1 Z57.4 F720
G1 X99.022 Y94.998 F10800
G1 Z57.2 F720
G1 E2.5 F2400
M204 P4000
;TYPE:Internal infill
;WIDTH:0.45
G1 F900
G1 X99.022 Y96.522 E.05159
G1 X98.825 Y96.522 E.00667
G1 X95.978 Y93.675 E.13628
G1 X95.978 Y93.233 E.01496
G1 X99.022 Y90.189 E.14571
G1 X99.022 Y89.811 E.01279
G1 X95.978 Y86.767 E.14571
G1 X95.978 Y86.325 E.01496
G1 X98.825 Y83.478 E.13628
G1 X97.295 Y83.478 E.05179
G1 X99.022 Y85.205 E.08267
G1 X99.022 Y85.584 E.01283
G1 X95.978 Y88.627 E.14569
G1 X95.978 Y89.07 E.015
G1 X99.022 Y92.114 E.14571
G1 X99.022 Y92.492 E.01279
G1 X95.978 Y95.536 E.14571
G1 X95.978 Y95.978 E.01496
G1 X96.522 Y96.522 E.02604
G1 X97.295 Y96.522 E.02617
G1 X99.022 Y94.795 E.08267
G1 X99.022 Y94.416 E.01283
G1 X95.978 Y91.373 E.14569
G1 X95.978 Y90.93 E.015
M73 P95 R2
M73 Q95 S2
G1 X99.022 Y87.886 E.14571
G1 X99.022 Y87.508 E.01279
G1 X95.978 Y84.464 E.14571
G1 X95.978 Y84.022 E.01496
G1 X96.522 Y83.478 E.02604
G1 X95.978 Y83.478 E.01841
G1 X95.978 Y83.818 E.01151
M204 P2000
;LAYER_CHANGE
;Z:57.4
;HEIGHT:0.200001
;BEFORE_LAYER_CHANGE
G92 E0.0
;57.4
M201 X3988.67 Y3988.67

G1 E-2.5 F4200
G1 Z57.4 F720
;AFTER_LAYER_CHANGE
;57.4
M74 W4.92558

G1 Z57.6
G1 X95.632 Y96.868 F10800
G1 Z57.4 F720
G1 E2.5 F2400
M204 P2500
;TYPE:Perimeter
;WIDTH:0.449999
G1 F900
G1 X95.632 Y83.132 E.46495
G1 X99.368 Y83.132 E.12646
G1 X99.368 Y96.868 E.46495
G1 X95.692 Y96.868 E.12443
M204 P2000
G1 X95.225 Y97.275 F10800
;TYPE:External perimeter
G1 F900
G1 X95.225 Y82.725 E.4925
G1 X99.775 Y82.725 E.15401
G1 X99.775 Y97.275 E.4925
G1 X95.285 Y97.275 E.15198
G1 X95.226 Y96.879 F10800
G1 E-2.5 F4200
G1 Z57.6 F720
G1 X99.022 Y94.998 F10800
G1 Z57.4 F720
G1 E2.5 F2400
M204 P4000
;TYPE:Internal infill
;WIDTH:0.45
G1 F900
G1 X99.022 Y96.522 E.05159
G1 X98.825 Y96.522 E.00667
G1 X95.978 Y93.675 E.13628
G1 X95.978 Y93.233 E.01496
G1 X99.022 Y90.189 E.14571
G1 X99.022 Y89.811 E.01279
G1 X95.978 Y86.767 E.14571
G1 X95.978 Y86.325 E.01496
G1 X98.825 Y83.478 E.13628
G1 X97.295 Y83.478 E.05179
G1 X99.022 Y85.205 E.08267
G1 X99.022 Y85.584 E.01283
G1 X95.978 Y88.627 E.14569
G1 X95.978 Y89.07 E.015
G1 X99.022 Y92.114 E.14571
G1 X99.022 Y92.492 E.01279
G1 X95.978 Y95.536 E.14571
G1 X95.978 Y95.978 E.01496
G1 X96.522 Y96.522 E.02604
G1 X97.295 Y96.522 E.02617
G1 X99.022 Y94.795 E.08267
G1 X99.022 Y94.416 E.01283
G1 X95.978 Y91.373 E.14569
G1 X95.978 Y90.93 E.015
G1 X99.022 Y87.886 E.14571
G1 X99.022 Y87.508 E.01279
G1 X95.978 Y84.464 E.14571
G1 X95.978 Y84.022 E.01496
G1 X96.522 Y83.478 E.02604
G1 X95.978 Y83.478 E.01841
G1 X95.978 Y83.818 E.01151
M204 P2000
;LAYER_CHANGE
;Z:57.6
;HEIGHT:0.199997
;BEFORE_LAYER_CHANGE
G92 E0.0
;57.6
M201 X3988.64 Y3988.64

G1 E-2.5 F4200
G1 Z57.6 F720
;AFTER_LAYER_CHANGE
;57.6
M74 W4.93884

G1 Z57.8
G1 X95.632 Y96.868 F10800
G1 Z57.6 F720
G1 E2.5 F2400
M204 P2500
;TYPE:Perimeter
;WIDTH:0.449999
G1 F900
G1 X95.632 Y83.132 E.46495
G1 X99.368 Y83.132 E.12646
G1 X99.368 Y96.868 E.46495
G1 X95.692 Y96.868 E.12443
M204 P2000
G1 X95.225 Y97.275 F10800
;TYPE:External perimeter
G1 F900
G1 X95.225 Y82.725 E.4925
G1 X99.775 Y82.725 E.15401
G1 X99.775 Y97.275 E.4925
G1 X95.285 Y97.275 E.15198
G1 X95.226 Y96.879 F10800
G1 E-2.5 F4200
G1 Z57.8 F720
G1 X99.022 Y94.998 F10800
G1 Z57.6 F720
G1 E2.5 F2400
M204 P4000
;TYPE:Internal infill
;WIDTH:0.45
G1 F900
G1 X99.022 Y96.522 E.05159
G1 X98.825 Y96.522 E.00667
G1 X95.978 Y93.675 E.13628
G1 X95.978 Y93.233 E.01496
G1 X99.022 Y90.189 E.14571
G1 X99.022 Y89.811 E.01279
G1 X95.978 Y86.767 E.14571
G1 X95.978 Y86.325 E.01496
G1 X98.825 Y83.478 E.13628
G1 X97.295 Y83.478 E.05179
G1 X99.022 Y85.205 E.08267
G1 X99.022 Y85.584 E.01283
G1 X95.978 Y88.627 E.14569
G1 X95.978 Y89.07 E.015
G1 X99.022 Y92.114 E.14571
G1 X99.022 Y92.492 E.01279
G1 X95.978 Y95.536 E.14571
G1 X95.978 Y95.978 E.01496
G1 X96.522 Y96.522 E.02604
G1 X97.295 Y96.522 E.02617
G1 X99.022 Y94.795 E.08267
G1 X99.022 Y94.416 E.01283
G1 X95.978 Y91.373 E.14569
G1 X95.978 Y90.93 E.015
G1 X99.022 Y87.886 E.14571
G1 X99.022 Y87.508 E.01279
G1 X95.978 Y84.464 E.14571
G1 X95.978 Y84.022 E.01496
G1 X96.522 Y83.478 E.02604
G1 X95.978 Y83.478 E.01841
G1 X95.978 Y83.818 E.01151
M204 P2000
;LAYER_CHANGE
;Z:57.8
;HEIGHT:0.200001
;BEFORE_LAYER_CHANGE
G92 E0.0
;57.8
M201 X3988.61 Y3988.61

G1 E-2.5 F4200
G1 Z57.8 F720
;AFTER_LAYER_CHANGE
;57.8
M74 W4.9521

G1 Z58
G1 X95.632 Y96.868 F10800
G1 Z57.8 F720
G1 E2.5 F2400
M204 P2500
;TYPE:Perimeter
;WIDTH:0.449999
G1 F900
G1 X95.632 Y83.132 E.46495
G1 X99.368 Y83.132 E.12646
G1 X99.368 Y96.868 E.46495
G1 X95.692 Y96.868 E.12443
M204 P2000
G1 X95.225 Y97.275 F10800
;TYPE:External perimeter
G1 F900
G1 X95.225 Y82.725 E.4925
G1 X99.775 Y82.725 E.15401
G1 X99.775 Y97.275 E.4925
G1 X95.285 Y97.275 E.15198
G1 X95.226 Y96.879 F10800
G1 E-2.5 F4200
G1 Z58 F720
G1 X99.022 Y94.998 F10800
G1 Z57.8 F720
G1 E2.5 F2400
M204 P4000
;TYPE:Internal infill
;WIDTH:0.45
G1 F900
G1 X99.022 Y96.522 E.05159
G1 X98.825 Y96.522 E.00667
G1 X95.978 Y93.675 E.13628
G1 X95.978 Y93.233 E.01496
G1 X99.022 Y90.189 E.14571
G1 X99.022 Y89.811 E.01279
G1 X95.978 Y86.767 E.14571
G1 X95.978 Y86.325 E.01496
G1 X98.825 Y83.478 E.13628
G1 X97.295 Y83.478 E.05179
G1 X99.022 Y85.205 E.08267
G1 X99.022 Y85.584 E.01283
G1 X95.978 Y88.627 E.14569
G1 X95.978 Y89.07 E.015
G1 X99.022 Y92.114 E.14571
G1 X99.022 Y92.492 E.01279
G1 X95.978 Y95.536 E.14571
G1 X95.978 Y95.978 E.01496
G1 X96.522 Y96.522 E.02604
G1 X97.295 Y96.522 E.02617
G1 X99.022 Y94.795 E.08267
G1 X99.022 Y94.416 E.01283
G1 X95.978 Y91.373 E.14569
G1 X95.978 Y90.93 E.015
G1 X99.022 Y87.886 E.14571
G1 X99.022 Y87.508 E.01279
G1 X95.978 Y84.464 E.14571
G1 X95.978 Y84.022 E.01496
G1 X96.522 Y83.478 E.02604
G1 X95.978 Y83.478 E.01841
G1 X95.978 Y83.818 E.01151
M204 P2000
;LAYER_CHANGE
;Z:58
;HEIGHT:0.200001
;BEFORE_LAYER_CHANGE
G92 E0.0
;58
M201 X3988.58 Y3988.58

G1 E-2.5 F4200
G1 Z58 F720
;AFTER_LAYER_CHANGE
;58
M74 W4.96537

G1 Z58.2
G1 X95.632 Y96.868 F10800
G1 Z58 F720
G1 E2.5 F2400
M204 P2500
;TYPE:Perimeter
;WIDTH:0.449999
G1 F900
G1 X95.632 Y83.132 E.46495
G1 X99.368 Y83.132 E.12646
G1 X99.368 Y96.868 E.46495
G1 X95.692 Y96.868 E.12443
M73 P96 R2
M73 Q96 S2
M204 P2000
G1 X95.225 Y97.275 F10800
;TYPE:External perimeter
G1 F900
G1 X95.225 Y82.725 E.4925
G1 X99.775 Y82.725 E.15401
G1 X99.775 Y97.275 E.4925
G1 X95.285 Y97.275 E.15198
G1 X95.226 Y96.879 F10800
G1 E-2.5 F4200
G1 Z58.2 F720
G1 X99.022 Y94.998 F10800
G1 Z58 F720
G1 E2.5 F2400
M204 P4000
;TYPE:Internal infill
;WIDTH:0.45
G1 F900
G1 X99.022 Y96.522 E.05159
G1 X98.825 Y96.522 E.00667
G1 X95.978 Y93.675 E.13628
G1 X95.978 Y93.233 E.01496
G1 X99.022 Y90.189 E.14571
G1 X99.022 Y89.811 E.01279
G1 X95.978 Y86.767 E.14571
G1 X95.978 Y86.325 E.01496
G1 X98.825 Y83.478 E.13628
G1 X97.295 Y83.478 E.05179
G1 X99.022 Y85.205 E.08267
G1 X99.022 Y85.584 E.01283
M73 P96 R1
G1 X95.978 Y88.627 E.14569
G1 X95.978 Y89.07 E.015
G1 X99.022 Y92.114 E.14571
G1 X99.022 Y92.492 E.01279
G1 X95.978 Y95.536 E.14571
G1 X95.978 Y95.978 E.01496
M73 Q96 S1
G1 X96.522 Y96.522 E.02604
G1 X97.295 Y96.522 E.02617
G1 X99.022 Y94.795 E.08267
G1 X99.022 Y94.416 E.01283
G1 X95.978 Y91.373 E.14569
G1 X95.978 Y90.93 E.015
G1 X99.022 Y87.886 E.14571
G1 X99.022 Y87.508 E.01279
G1 X95.978 Y84.464 E.14571
G1 X95.978 Y84.022 E.01496
G1 X96.522 Y83.478 E.02604
G1 X95.978 Y83.478 E.01841
G1 X95.978 Y83.818 E.01151
M204 P2000
;LAYER_CHANGE
;Z:58.2
;HEIGHT:0.200001
;BEFORE_LAYER_CHANGE
G92 E0.0
;58.2
M201 X3988.55 Y3988.55

G1 E-2.5 F4200
G1 Z58.2 F720
;AFTER_LAYER_CHANGE
;58.2
M74 W4.97863

G1 Z58.4
G1 X95.632 Y96.868 F10800
G1 Z58.2 F720
G1 E2.5 F2400
M204 P2500
;TYPE:Perimeter
;WIDTH:0.449999
G1 F900
G1 X95.632 Y83.132 E.46495
G1 X99.368 Y83.132 E.12646
G1 X99.368 Y96.868 E.46495
G1 X95.692 Y96.868 E.12443
M204 P2000
G1 X95.225 Y97.275 F10800
;TYPE:External perimeter
G1 F900
G1 X95.225 Y82.725 E.4925
G1 X99.775 Y82.725 E.15401
G1 X99.775 Y97.275 E.4925
G1 X95.285 Y97.275 E.15198
G1 X95.226 Y96.879 F10800
G1 E-2.5 F4200
G1 Z58.4 F720
G1 X99.022 Y94.998 F10800
G1 Z58.2 F720
G1 E2.5 F2400
M204 P4000
;TYPE:Internal infill
;WIDTH:0.45
G1 F900
G1 X99.022 Y96.522 E.05159
G1 X98.825 Y96.522 E.00667
G1 X95.978 Y93.675 E.13628
G1 X95.978 Y93.233 E.01496
G1 X99.022 Y90.189 E.14571
G1 X99.022 Y89.811 E.01279
G1 X95.978 Y86.767 E.14571
G1 X95.978 Y86.325 E.01496
G1 X98.825 Y83.478 E.13628
G1 X97.295 Y83.478 E.05179
G1 X99.022 Y85.205 E.08267
G1 X99.022 Y85.584 E.01283
G1 X95.978 Y88.627 E.14569
G1 X95.978 Y89.07 E.015
G1 X99.022 Y92.114 E.14571
G1 X99.022 Y92.492 E.01279
G1 X95.978 Y95.536 E.14571
G1 X95.978 Y95.978 E.01496
G1 X96.522 Y96.522 E.02604
G1 X97.295 Y96.522 E.02617
G1 X99.022 Y94.795 E.08267
G1 X99.022 Y94.416 E.01283
G1 X95.978 Y91.373 E.14569
G1 X95.978 Y90.93 E.015
G1 X99.022 Y87.886 E.14571
G1 X99.022 Y87.508 E.01279
G1 X95.978 Y84.464 E.14571
G1 X95.978 Y84.022 E.01496
G1 X96.522 Y83.478 E.02604
G1 X95.978 Y83.478 E.01841
G1 X95.978 Y83.818 E.01151
M204 P2000
;LAYER_CHANGE
;Z:58.4
;HEIGHT:0.200001
;BEFORE_LAYER_CHANGE
G92 E0.0
;58.4
M201 X3988.52 Y3988.52

G1 E-2.5 F4200
G1 Z58.4 F720
;AFTER_LAYER_CHANGE
;58.4
M74 W4.9919

G1 Z58.6
G1 X95.632 Y96.868 F10800
G1 Z58.4 F720
G1 E2.5 F2400
M204 P2500
;TYPE:Perimeter
;WIDTH:0.449999
G1 F900
G1 X95.632 Y83.132 E.46495
G1 X99.368 Y83.132 E.12646
G1 X99.368 Y96.868 E.46495
G1 X95.692 Y96.868 E.12443
M204 P2000
G1 X95.225 Y97.275 F10800
;TYPE:External perimeter
G1 F900
G1 X95.225 Y82.725 E.4925
G1 X99.775 Y82.725 E.15401
G1 X99.775 Y97.275 E.4925
G1 X95.285 Y97.275 E.15198
G1 X95.226 Y96.879 F10800
G1 E-2.5 F4200
G1 Z58.6 F720
G1 X99.022 Y94.998 F10800
G1 Z58.4 F720
G1 E2.5 F2400
M204 P4000
;TYPE:Internal infill
;WIDTH:0.45
G1 F900
G1 X99.022 Y96.522 E.05159
G1 X98.825 Y96.522 E.00667
G1 X95.978 Y93.675 E.13628
G1 X95.978 Y93.233 E.01496
G1 X99.022 Y90.189 E.14571
G1 X99.022 Y89.811 E.01279
G1 X95.978 Y86.767 E.14571
G1 X95.978 Y86.325 E.01496
G1 X98.825 Y83.478 E.13628
G1 X97.295 Y83.478 E.05179
G1 X99.022 Y85.205 E.08267
G1 X99.022 Y85.584 E.01283
G1 X95.978 Y88.627 E.14569
G1 X95.978 Y89.07 E.015
G1 X99.022 Y92.114 E.14571
G1 X99.022 Y92.492 E.01279
G1 X95.978 Y95.536 E.14571
G1 X95.978 Y95.978 E.01496
G1 X96.522 Y96.522 E.02604
G1 X97.295 Y96.522 E.02617
G1 X99.022 Y94.795 E.08267
G1 X99.022 Y94.416 E.01283
G1 X95.978 Y91.373 E.14569
G1 X95.978 Y90.93 E.015
G1 X99.022 Y87.886 E.14571
G1 X99.022 Y87.508 E.01279
G1 X95.978 Y84.464 E.14571
G1 X95.978 Y84.022 E.01496
G1 X96.522 Y83.478 E.02604
G1 X95.978 Y83.478 E.01841
G1 X95.978 Y83.818 E.01151
M204 P2000
;LAYER_CHANGE
;Z:58.6
;HEIGHT:0.199997
;BEFORE_LAYER_CHANGE
G92 E0.0
;58.6
M201 X3988.49 Y3988.49

G1 E-2.5 F4200
G1 Z58.6 F720
;AFTER_LAYER_CHANGE
;58.6
M74 W5.00516

G1 Z58.8
G1 X95.632 Y96.868 F10800
G1 Z58.6 F720
G1 E2.5 F2400
M204 P2500
;TYPE:Perimeter
;WIDTH:0.449999
G1 F900
G1 X95.632 Y83.132 E.46495
G1 X99.368 Y83.132 E.12646
G1 X99.368 Y96.868 E.46495
G1 X95.692 Y96.868 E.12443
M204 P2000
G1 X95.225 Y97.275 F10800
;TYPE:External perimeter
G1 F900
G1 X95.225 Y82.725 E.4925
G1 X99.775 Y82.725 E.15401
G1 X99.775 Y97.275 E.4925
G1 X95.285 Y97.275 E.15198
M73 P97 R1
M73 Q97 S1
G1 X95.226 Y96.879 F10800
G1 E-2.5 F4200
G1 Z58.8 F720
G1 X98.615 Y94.213 F10800
G1 Z58.6 F720
G1 E2.5 F2400
M204 P4000
;TYPE:Internal infill
;WIDTH:0.45
G1 F900
G1 X98.615 Y95.202 E.03348
G1 X97.702 Y96.115 E.0437
G1 X98.418 Y96.115 E.02424
G1 X96.385 Y94.082 E.09732
G1 X96.385 Y95.129 E.03544
G1 X98.615 Y92.899 E.10675
G1 X98.615 Y94.009 E.03757
G1 X96.385 Y91.78 E.10672
G1 X96.385 Y92.826 E.03541
G1 X98.615 Y90.596 E.10675
G1 X98.615 Y91.706 E.03757
G1 X96.385 Y89.477 E.10672
G1 X96.385 Y90.523 E.03541
G1 X98.615 Y88.294 E.10672
G1 X98.615 Y89.404 E.03757
G1 X96.385 Y87.174 E.10675
G1 X96.385 Y88.22 E.03541
G1 X98.615 Y85.991 E.10672
G1 X98.615 Y87.101 E.03757
G1 X96.385 Y84.871 E.10675
G1 X96.385 Y85.918 E.03544
G1 X98.418 Y83.885 E.09732
G1 X97.702 Y83.885 E.02424
G1 X98.615 Y84.798 E.0437
G1 X98.615 Y85.787 E.03348
M204 P2000
G1 E-2.5 F4200
G1 Z58.8 F720
G1 X95.978 Y83.682 F10800
G1 Z58.6 F720
G1 E2.5 F2400
M204 P4000
;TYPE:Solid infill
;WIDTH:0.48493
G1 F900
G1 X95.996 Y83.597 E.00319
;WIDTH:0.519852
G1 X96.013 Y83.513 E.0034
G1 X96.097 Y83.496 E.0034
;WIDTH:0.484931
G1 X96.182 Y83.478 E.00319
;WIDTH:0.45001
G1 X98.818 Y83.478 E.08923
;WIDTH:0.484932
G1 X98.903 Y83.496 E.00319
;WIDTH:0.519856
G1 X98.987 Y83.513 E.0034
G1 X99.004 Y83.58 E.00274
;WIDTH:0.486476
G1 X99.02 Y83.646 E.0025
;WIDTH:0.453096
G1 X99.022 Y83.682 E.00123
;WIDTH:0.450008
G1 X99.022 Y96.318 E.42772
;WIDTH:0.484931
G1 X99.004 Y96.403 E.00319
;WIDTH:0.519854
G1 X98.987 Y96.487 E.0034
G1 X98.903 Y96.504 E.0034
;WIDTH:0.484931
G1 X98.818 Y96.522 E.00319
;WIDTH:0.45001
G1 X96.182 Y96.522 E.08923
;WIDTH:0.484932
G1 X96.097 Y96.504 E.00319
;WIDTH:0.519854
G1 X96.013 Y96.487 E.0034
G1 X95.996 Y96.403 E.0034
;WIDTH:0.484931
G1 X95.978 Y96.318 E.00319
;WIDTH:0.450008
G1 X95.978 Y83.885 E.42085
M204 P2000
;LAYER_CHANGE
;Z:58.8
;HEIGHT:0.200001
;BEFORE_LAYER_CHANGE
G92 E0.0
;58.8
M201 X3988.45 Y3988.45

G1 E-2.5 F4200
G1 Z58.8 F720
;AFTER_LAYER_CHANGE
;58.8
M74 W5.02046

G1 Z59
G1 X95.632 Y96.868 F10800
G1 Z58.8 F720
G1 E2.5 F2400
M204 P2500
;TYPE:Perimeter
;WIDTH:0.449999
G1 F900
G1 X95.632 Y83.132 E.46495
G1 X99.368 Y83.132 E.12646
G1 X99.368 Y96.868 E.46495
G1 X95.692 Y96.868 E.12443
M204 P2000
G1 X95.225 Y97.275 F10800
;TYPE:External perimeter
G1 F900
G1 X95.225 Y82.725 E.4925
G1 X99.775 Y82.725 E.15401
G1 X99.775 Y97.275 E.4925
G1 X95.285 Y97.275 E.15198
G1 X95.226 Y96.879 F10800
G1 E-2.5 F4200
G1 Z59 F720
G1 X98.273 Y96.703 F10800
G1 Z58.8 F720
G1 E2.5 F2400
M204 P1500
;TYPE:Bridge infill
;WIDTH:0.409668
;HEIGHT:0.4
M106 S255
G1 F3000
G1 X99 Y95.975 E.05638
G1 X99 Y95.325 E.03562
G1 X97.825 Y96.5 E.09106
G1 X97.175 Y96.5 E.03562
G1 X99 Y94.675 E.14144
G1 X99 Y94.025 E.03562
G1 X96.525 Y96.5 E.19181
G1 X96 Y96.5 E.02877
G1 X96 Y96.376 E.0068
G1 X99 Y93.375 E.23254
G1 X99 Y92.725 E.03562
G1 X96 Y95.726 E.23254
G1 X96 Y95.076 E.03562
G1 X99 Y92.075 E.23254
G1 X99 Y91.425 E.03562
G1 X96 Y94.426 E.23254
G1 X96 Y93.776 E.03562
G1 X99 Y90.775 E.23254
G1 X99 Y90.125 E.03562
G1 X96 Y93.126 E.23254
G1 X96 Y92.475 E.03568
G1 X99 Y89.475 E.2325
G1 X99 Y88.825 E.03562
G1 X96 Y91.825 E.2325
G1 X96 Y91.175 E.03562
G1 X99 Y88.174 E.23254
G1 X99 Y87.524 E.03562
G1 X96 Y90.525 E.23254
G1 X96 Y89.875 E.03562
G1 X99 Y86.874 E.23254
G1 X99 Y86.224 E.03562
G1 X96 Y89.225 E.23254
G1 X96 Y88.575 E.03562
G1 X99 Y85.574 E.23254
G1 X99 Y84.924 E.03562
G1 X96 Y87.925 E.23254
G1 X96 Y87.275 E.03562
G1 X99 Y84.274 E.23254
G1 X99 Y83.624 E.03562
G1 X96 Y86.625 E.23254
G1 X96 Y85.975 E.03562
G1 X98.475 Y83.5 E.19181
G1 X97.825 Y83.5 E.03562
G1 X96 Y85.325 E.14144
G1 X96 Y84.675 E.03562
G1 X97.175 Y83.5 E.09106
G1 X96.525 Y83.5 E.03562
G1 X95.797 Y84.227 E.05638
M106 S204
M204 P2000
M106 S201.45
;LAYER_CHANGE
;Z:59
;HEIGHT:0.200001
;BEFORE_LAYER_CHANGE
G92 E0.0
;59
M201 X3988.4 Y3988.4

G1 E-2.5 F4200
G1 Z59 F720
;AFTER_LAYER_CHANGE
;59
M74 W5.04424

G1 Z59.2
G1 X95.632 Y96.868 F10800
G1 Z59 F720
G1 E2.5 F2400
M204 P2500
;TYPE:Perimeter
;WIDTH:0.449999
G1 F989
G1 X95.632 Y83.132 E.46495
G1 X99.368 Y83.132 E.12646
G1 X99.368 Y96.868 E.46495
G1 X95.692 Y96.868 E.12443
M204 P2000
G1 X95.225 Y97.275 F10800
;TYPE:External perimeter
G1 F989
G1 X95.225 Y82.725 E.4925
G1 X99.775 Y82.725 E.15401
G1 X99.775 Y97.275 E.4925
G1 X95.285 Y97.275 E.15198
G1 X95.226 Y96.879 F10800
G1 X96.011 Y96.411
M204 P4000
;TYPE:Solid infill
;WIDTH:0.548766
G1 F989
G2 X96.072 Y96.428 I.017 J.059 E.01322
;WIDTH:0.449999
G1 X96.722 Y96.522 E.02223
G1 X95.978 Y95.778 E.03561
G1 X95.978 Y95.202 E.0195
G1 X97.298 Y96.522 E.06319
G1 X97.874 Y96.522 E.0195
G1 X95.978 Y94.626 E.09076
G1 X95.978 Y94.051 E.01946
G1 X98.45 Y96.522 E.11831
G1 X99.022 Y96.519 E.01936
G1 X95.978 Y93.475 E.14571
G1 X95.978 Y92.899 E.0195
G1 X99.022 Y95.943 E.14571
G1 X99.022 Y95.367 E.0195
G1 X95.978 Y92.323 E.14571
G1 X95.978 Y91.748 E.01946
G1 X99.022 Y94.792 E.14571
G1 X99.022 Y94.216 E.0195
G1 X95.978 Y91.172 E.14571
G1 X95.978 Y90.596 E.0195
G1 X99.022 Y93.64 E.14571
G1 X99.022 Y93.064 E.0195
G1 X95.978 Y90.021 E.14569
G1 X95.978 Y89.445 E.0195
G1 X99.022 Y92.489 E.14571
G1 X99.022 Y91.913 E.0195
G1 X95.978 Y88.869 E.14571
G1 X95.978 Y88.294 E.01946
G1 X99.022 Y91.337 E.14569
G1 X99.022 Y90.762 E.01946
G1 X95.978 Y87.718 E.14571
G1 X95.978 Y87.142 E.0195
G1 X99.022 Y90.186 E.14571
G1 X99.022 Y89.61 E.0195
G1 X95.978 Y86.566 E.14571
G1 X95.978 Y85.991 E.01946
G1 X99.022 Y89.035 E.14571
G1 X99.022 Y88.459 E.0195
G1 X95.978 Y85.415 E.14571
G1 X95.978 Y84.839 E.0195
G1 X99.022 Y87.883 E.14571
G1 X99.022 Y87.307 E.0195
G1 X95.978 Y84.264 E.14569
M204 P2000
G1 X95.875 Y83.345 F10800
M204 P4000
;WIDTH:0.38292
G1 F989
G1 X95.856 Y83.416 E.00208
G1 X95.927 Y83.397 E.00208
G1 X95.916 Y83.356 E.0012
;WIDTH:0.41646
G1 X95.947 Y83.522 E.00525
;WIDTH:0.449999
G1 X95.978 Y83.688 E.00572
G1 X99.022 Y86.732 E.14571
G1 X99.022 Y86.156 E.0195
G1 X96.344 Y83.478 E.12819
G1 X96.752 Y83.263 E.01561
;WIDTH:0.38292
G1 X96.733 Y83.334 E.00208
G1 X96.804 Y83.315 E.00208
G1 X96.793 Y83.274 E.0012
;WIDTH:0.41646
G1 X96.857 Y83.376 E.00374
;WIDTH:0.449999
G1 X96.92 Y83.478 E.00406
G1 X99.022 Y85.58 E.10062
M204 P2000
G1 E-2.5 F4200
G1 Z59.2 F720
G1 X97.639 Y83.622 F10800
G1 Z59 F720
G1 E2.5 F2400
M204 P4000
G1 F989
G1 X99.022 Y85.005 E.0662
G1 X99.022 Y83.478 E.05169
G1 X97.495 Y83.478 E.05169
M204 P2000
G1 X98.559 Y83.866 F10800
M204 P4000
;WIDTH:0.530084
G1 F989
G2 X98.618 Y83.882 I.017 J.056 E.01225
M204 P2000
;LAYER_CHANGE
;Z:59.2
;HEIGHT:0.200001
;BEFORE_LAYER_CHANGE
G92 E0.0
;59.2
M201 X3988.36 Y3988.36

G1 E-2.5 F4200
G1 Z59.2 F720
;AFTER_LAYER_CHANGE
;59.2
M74 W5.06304

G1 Z59.4
G1 X95.632 Y96.868 F10800
G1 Z59.2 F720
G1 E2.5 F2400
M204 P2500
;TYPE:Perimeter
;WIDTH:0.449999
G1 F996
G1 X95.632 Y83.132 E.46495
G1 X99.368 Y83.132 E.12646
G1 X99.368 Y96.868 E.46495
G1 X95.692 Y96.868 E.12443
M204 P2000
G1 X95.225 Y97.275 F10800
;TYPE:External perimeter
G1 F996
G1 X95.225 Y82.725 E.4925
G1 X99.775 Y82.725 E.15401
G1 X99.775 Y97.275 E.4925
G1 X95.285 Y97.275 E.15198
M73 P98 R1
M73 Q98 S1
G1 X95.226 Y96.879 F10800
G1 E-2.5 F4200
G1 Z59.4 F720
G1 X96.089 Y83.511 F10800
G1 Z59.2 F720
G1 E2.5 F2400
M204 P4000
;TYPE:Solid infill
;WIDTH:0.548766
G1 F996
G2 X96.072 Y83.572 I-.059 J.017 E.01322
;WIDTH:0.449999
G1 X96.722 Y83.478 E.02223
G1 X95.978 Y84.222 E.03561
G1 X95.978 Y84.798 E.0195
G1 X97.298 Y83.478 E.06319
G1 X97.874 Y83.478 E.0195
G1 X95.978 Y85.374 E.09076
G1 X95.978 Y85.95 E.0195
G1 X98.45 Y83.478 E.11833
G1 X99.022 Y83.481 E.01936
G1 X95.978 Y86.525 E.14571
G1 X95.978 Y87.101 E.0195
G1 X99.022 Y84.057 E.14571
G1 X99.022 Y84.633 E.0195
G1 X95.978 Y87.677 E.14571
G1 X95.978 Y88.252 E.01946
G1 X99.022 Y85.208 E.14571
G1 X99.022 Y85.784 E.0195
G1 X95.978 Y88.828 E.14571
G1 X95.978 Y89.404 E.0195
M73 P98 R0
G1 X99.022 Y86.36 E.14571
G1 X99.022 Y86.936 E.0195
M73 Q98 S0
G1 X95.978 Y89.979 E.14569
G1 X95.978 Y90.555 E.0195
G1 X99.022 Y87.511 E.14571
G1 X99.022 Y88.087 E.0195
G1 X95.978 Y91.131 E.14571
G1 X95.978 Y91.706 E.01946
G1 X99.022 Y88.663 E.14569
G1 X99.022 Y89.238 E.01946
G1 X95.978 Y92.282 E.14571
G1 X95.978 Y92.858 E.0195
G1 X99.022 Y89.814 E.14571
G1 X99.022 Y90.39 E.0195
G1 X95.978 Y93.434 E.14571
G1 X95.978 Y94.009 E.01946
G1 X99.022 Y90.965 E.14571
G1 X99.022 Y91.541 E.0195
G1 X95.978 Y94.585 E.14571
G1 X95.978 Y95.161 E.0195
G1 X99.022 Y92.117 E.14571
G1 X99.022 Y92.693 E.0195
G1 X95.978 Y95.736 E.14569
M204 P2000
G1 X95.916 Y96.644 F10800
M204 P4000
;WIDTH:0.38292
G1 F996
G1 X95.875 Y96.655 E.0012
G1 X95.856 Y96.584 E.00208
G1 X95.927 Y96.603 E.00208
;WIDTH:0.41646
G1 X95.953 Y96.458 E.00458
;WIDTH:0.449999
G1 X95.978 Y96.312 E.00501
G1 X99.022 Y93.268 E.14571
G1 X99.022 Y93.844 E.0195
G1 X96.344 Y96.522 E.12819
G1 X96.793 Y96.726 E.01669
;WIDTH:0.38292
G1 X96.752 Y96.737 E.0012
G1 X96.733 Y96.666 E.00208
G1 X96.804 Y96.685 E.00208
;WIDTH:0.41646
G1 X96.862 Y96.603 E.00312
;WIDTH:0.449999
G1 X96.92 Y96.522 E.00337
G1 X99.022 Y94.42 E.10062
G1 X99.022 Y96.522 E.07115
G1 X97.495 Y96.522 E.05169
G1 X98.878 Y95.139 E.0662
M204 P2000
G1 X98.634 Y96.059 F10800
M204 P4000
;WIDTH:0.530086
G1 F996
G2 X98.618 Y96.118 I-.056 J.017 E.01225
M204 P2000
;LAYER_CHANGE
;Z:59.4
;HEIGHT:0.200001
;BEFORE_LAYER_CHANGE
G92 E0.0
;59.4
M201 X3988.31 Y3988.31

G1 E-2.5 F4200
G1 Z59.4 F720
;AFTER_LAYER_CHANGE
;59.4
M74 W5.08189

G1 Z59.6
G1 X95.632 Y96.868 F10800
G1 Z59.4 F720
G1 E2.5 F2400
M204 P2500
;TYPE:Perimeter
;WIDTH:0.449999
G1 F985
G1 X95.632 Y83.132 E.46495
G1 X99.368 Y83.132 E.12646
G1 X99.368 Y96.868 E.46495
G1 X95.692 Y96.868 E.12443
M204 P2000
G1 X95.225 Y97.275 F10800
;TYPE:External perimeter
G1 F985
G1 X95.225 Y82.725 E.4925
G1 X99.775 Y82.725 E.15401
G1 X99.775 Y97.275 E.4925
G1 X95.285 Y97.275 E.15198
G1 X95.226 Y96.879 F10800
G1 X96.011 Y96.411
M204 P4000
;TYPE:Solid infill
;WIDTH:0.548766
G1 F985
G2 X96.072 Y96.428 I.017 J.059 E.01322
;WIDTH:0.449999
G1 X96.722 Y96.522 E.02223
G1 X95.978 Y95.778 E.03561
G1 X95.978 Y95.202 E.0195
G1 X97.298 Y96.522 E.06319
G1 X97.874 Y96.522 E.0195
G1 X95.978 Y94.626 E.09076
G1 X95.978 Y94.051 E.01946
G1 X98.45 Y96.522 E.11831
G1 X99.022 Y96.519 E.01936
G1 X95.978 Y93.475 E.14571
G1 X95.978 Y92.899 E.0195
G1 X99.022 Y95.943 E.14571
G1 X99.022 Y95.367 E.0195
G1 X95.978 Y92.323 E.14571
G1 X95.978 Y91.748 E.01946
G1 X99.022 Y94.792 E.14571
G1 X99.022 Y94.216 E.0195
G1 X95.978 Y91.172 E.14571
G1 X95.978 Y90.596 E.0195
G1 X99.022 Y93.64 E.14571
G1 X99.022 Y93.064 E.0195
G1 X95.978 Y90.021 E.14569
G1 X95.978 Y89.445 E.0195
G1 X99.022 Y92.489 E.14571
G1 X99.022 Y91.913 E.0195
G1 X95.978 Y88.869 E.14571
G1 X95.978 Y88.294 E.01946
G1 X99.022 Y91.337 E.14569
G1 X99.022 Y90.762 E.01946
G1 X95.978 Y87.718 E.14571
G1 X95.978 Y87.142 E.0195
G1 X99.022 Y90.186 E.14571
G1 X99.022 Y89.61 E.0195
G1 X95.978 Y86.566 E.14571
G1 X95.978 Y85.991 E.01946
G1 X99.022 Y89.035 E.14571
G1 X99.022 Y88.459 E.0195
G1 X95.978 Y85.415 E.14571
G1 X95.978 Y84.839 E.0195
G1 X99.022 Y87.883 E.14571
G1 X99.022 Y87.307 E.0195
G1 X95.978 Y84.264 E.14569
M204 P2000
G1 X95.875 Y83.345 F10800
M204 P4000
;WIDTH:0.38292
G1 F985
G1 X95.856 Y83.416 E.00208
G1 X95.927 Y83.397 E.00208
G1 X95.916 Y83.356 E.0012
;WIDTH:0.41646
G1 X95.947 Y83.522 E.00525
;WIDTH:0.449999
G1 X95.978 Y83.688 E.00572
G1 X99.022 Y86.732 E.14571
G1 X99.022 Y86.156 E.0195
G1 X96.344 Y83.478 E.12819
G1 X96.752 Y83.263 E.01561
;WIDTH:0.38292
G1 X96.733 Y83.334 E.00208
G1 X96.804 Y83.315 E.00208
G1 X96.793 Y83.274 E.0012
;WIDTH:0.41646
G1 X96.857 Y83.376 E.00374
;WIDTH:0.449999
G1 X96.92 Y83.478 E.00406
G1 X99.022 Y85.58 E.10062
M204 P2000
G1 E-2.5 F4200
G1 Z59.6 F720
G1 X97.639 Y83.622 F10800
G1 Z59.4 F720
G1 E2.5 F2400
M204 P4000
G1 F985
G1 X99.022 Y85.005 E.0662
G1 X99.022 Y83.478 E.05169
G1 X97.495 Y83.478 E.05169
M204 P2000
G1 X98.559 Y83.866 F10800
M204 P4000
;WIDTH:0.530084
G1 F985
G2 X98.618 Y83.882 I.017 J.056 E.01225
M204 P2000
;LAYER_CHANGE
;Z:59.6
;HEIGHT:0.199997
;BEFORE_LAYER_CHANGE
G92 E0.0
;59.6
M201 X3988.27 Y3988.27

G1 E-2.5 F4200
G1 Z59.6 F720
;AFTER_LAYER_CHANGE
;59.6
M74 W5.10069

G1 Z59.8
G1 X95.632 Y96.868 F10800
G1 Z59.6 F720
G1 E2.5 F2400
M204 P2500
;TYPE:Perimeter
;WIDTH:0.449999
G1 F996
G1 X95.632 Y83.132 E.46495
G1 X99.368 Y83.132 E.12646
G1 X99.368 Y96.868 E.46495
G1 X95.692 Y96.868 E.12443
M204 P2000
G1 X95.225 Y97.275 F10800
;TYPE:External perimeter
G1 F996
G1 X95.225 Y82.725 E.4925
G1 X99.775 Y82.725 E.15401
G1 X99.775 Y97.275 E.4925
G1 X95.285 Y97.275 E.15198
G1 X95.226 Y96.879 F10800
G1 E-2.5 F4200
G1 Z59.8 F720
G1 X96.089 Y83.511 F10800
G1 Z59.6 F720
G1 E2.5 F2400
M204 P4000
;TYPE:Solid infill
;WIDTH:0.548766
G1 F996
G2 X96.072 Y83.572 I-.059 J.017 E.01322
;WIDTH:0.449999
G1 X96.722 Y83.478 E.02223
G1 X95.978 Y84.222 E.03561
G1 X95.978 Y84.798 E.0195
G1 X97.298 Y83.478 E.06319
G1 X97.874 Y83.478 E.0195
G1 X95.978 Y85.374 E.09076
G1 X95.978 Y85.95 E.0195
G1 X98.45 Y83.478 E.11833
G1 X99.022 Y83.481 E.01936
G1 X95.978 Y86.525 E.14571
G1 X95.978 Y87.101 E.0195
G1 X99.022 Y84.057 E.14571
G1 X99.022 Y84.633 E.0195
G1 X95.978 Y87.677 E.14571
G1 X95.978 Y88.252 E.01946
G1 X99.022 Y85.208 E.14571
G1 X99.022 Y85.784 E.0195
G1 X95.978 Y88.828 E.14571
G1 X95.978 Y89.404 E.0195
G1 X99.022 Y86.36 E.14571
G1 X99.022 Y86.936 E.0195
G1 X95.978 Y89.979 E.14569
G1 X95.978 Y90.555 E.0195
G1 X99.022 Y87.511 E.14571
G1 X99.022 Y88.087 E.0195
G1 X95.978 Y91.131 E.14571
G1 X95.978 Y91.706 E.01946
G1 X99.022 Y88.663 E.14569
G1 X99.022 Y89.238 E.01946
G1 X95.978 Y92.282 E.14571
G1 X95.978 Y92.858 E.0195
G1 X99.022 Y89.814 E.14571
G1 X99.022 Y90.39 E.0195
G1 X95.978 Y93.434 E.14571
G1 X95.978 Y94.009 E.01946
G1 X99.022 Y90.965 E.14571
G1 X99.022 Y91.541 E.0195
G1 X95.978 Y94.585 E.14571
G1 X95.978 Y95.161 E.0195
G1 X99.022 Y92.117 E.14571
G1 X99.022 Y92.693 E.0195
G1 X95.978 Y95.736 E.14569
M204 P2000
G1 X95.916 Y96.644 F10800
M204 P4000
;WIDTH:0.38292
G1 F996
G1 X95.875 Y96.655 E.0012
G1 X95.856 Y96.584 E.00208
G1 X95.927 Y96.603 E.00208
;WIDTH:0.41646
G1 X95.953 Y96.458 E.00458
;WIDTH:0.449999
G1 X95.978 Y96.312 E.00501
G1 X99.022 Y93.268 E.14571
G1 X99.022 Y93.844 E.0195
G1 X96.344 Y96.522 E.12819
G1 X96.793 Y96.726 E.01669
M73 P99 R0
M73 Q99 S0
;WIDTH:0.38292
G1 X96.752 Y96.737 E.0012
G1 X96.733 Y96.666 E.00208
G1 X96.804 Y96.685 E.00208
;WIDTH:0.41646
G1 X96.862 Y96.603 E.00312
;WIDTH:0.449999
G1 X96.92 Y96.522 E.00337
G1 X99.022 Y94.42 E.10062
G1 X99.022 Y96.522 E.07115
G1 X97.495 Y96.522 E.05169
G1 X98.878 Y95.139 E.0662
M204 P2000
G1 X98.634 Y96.059 F10800
M204 P4000
;WIDTH:0.530086
G1 F996
G2 X98.618 Y96.118 I-.056 J.017 E.01225
M204 P2000
;LAYER_CHANGE
;Z:59.8
;HEIGHT:0.200001
;BEFORE_LAYER_CHANGE
G92 E0.0
;59.8
M201 X3988.23 Y3988.23

G1 E-2.5 F4200
G1 Z59.8 F720
;AFTER_LAYER_CHANGE
;59.8
M74 W5.11954

G1 Z60
G1 X95.632 Y96.868 F10800
G1 Z59.8 F720
G1 E2.5 F2400
M204 P2500
;TYPE:Perimeter
;WIDTH:0.449999
G1 F985
G1 X95.632 Y83.132 E.46495
G1 X99.368 Y83.132 E.12646
G1 X99.368 Y96.868 E.46495
G1 X95.692 Y96.868 E.12443
M204 P2000
G1 X95.225 Y97.275 F10800
;TYPE:External perimeter
G1 F985
G1 X95.225 Y82.725 E.4925
G1 X99.775 Y82.725 E.15401
G1 X99.775 Y97.275 E.4925
G1 X95.285 Y97.275 E.15198
G1 X95.226 Y96.879 F10800
G1 X96.011 Y96.411
M204 P4000
;TYPE:Solid infill
;WIDTH:0.548766
G1 F985
G2 X96.072 Y96.428 I.017 J.059 E.01322
;WIDTH:0.449999
G1 X96.722 Y96.522 E.02223
G1 X95.978 Y95.778 E.03561
G1 X95.978 Y95.202 E.0195
G1 X97.298 Y96.522 E.06319
G1 X97.874 Y96.522 E.0195
G1 X95.978 Y94.626 E.09076
G1 X95.978 Y94.051 E.01946
G1 X98.45 Y96.522 E.11831
G1 X99.022 Y96.519 E.01936
G1 X95.978 Y93.475 E.14571
G1 X95.978 Y92.899 E.0195
G1 X99.022 Y95.943 E.14571
G1 X99.022 Y95.367 E.0195
G1 X95.978 Y92.323 E.14571
G1 X95.978 Y91.748 E.01946
G1 X99.022 Y94.792 E.14571
G1 X99.022 Y94.216 E.0195
G1 X95.978 Y91.172 E.14571
G1 X95.978 Y90.596 E.0195
G1 X99.022 Y93.64 E.14571
G1 X99.022 Y93.064 E.0195
G1 X95.978 Y90.021 E.14569
G1 X95.978 Y89.445 E.0195
G1 X99.022 Y92.489 E.14571
G1 X99.022 Y91.913 E.0195
G1 X95.978 Y88.869 E.14571
G1 X95.978 Y88.294 E.01946
G1 X99.022 Y91.337 E.14569
G1 X99.022 Y90.762 E.01946
G1 X95.978 Y87.718 E.14571
G1 X95.978 Y87.142 E.0195
G1 X99.022 Y90.186 E.14571
G1 X99.022 Y89.61 E.0195
G1 X95.978 Y86.566 E.14571
G1 X95.978 Y85.991 E.01946
G1 X99.022 Y89.035 E.14571
G1 X99.022 Y88.459 E.0195
G1 X95.978 Y85.415 E.14571
G1 X95.978 Y84.839 E.0195
G1 X99.022 Y87.883 E.14571
G1 X99.022 Y87.307 E.0195
G1 X95.978 Y84.264 E.14569
M204 P2000
G1 X95.875 Y83.345 F10800
M204 P4000
;WIDTH:0.38292
G1 F985
G1 X95.856 Y83.416 E.00208
G1 X95.927 Y83.397 E.00208
G1 X95.916 Y83.356 E.0012
;WIDTH:0.41646
G1 X95.947 Y83.522 E.00525
;WIDTH:0.449999
G1 X95.978 Y83.688 E.00572
G1 X99.022 Y86.732 E.14571
G1 X99.022 Y86.156 E.0195
G1 X96.344 Y83.478 E.12819
G1 X96.752 Y83.263 E.01561
;WIDTH:0.38292
G1 X96.733 Y83.334 E.00208
G1 X96.804 Y83.315 E.00208
G1 X96.793 Y83.274 E.0012
;WIDTH:0.41646
G1 X96.857 Y83.376 E.00374
;WIDTH:0.449999
G1 X96.92 Y83.478 E.00406
G1 X99.022 Y85.58 E.10062
M204 P2000
G1 E-2.5 F4200
G1 Z60 F720
G1 X97.639 Y83.622 F10800
G1 Z59.8 F720
G1 E2.5 F2400
M204 P4000
G1 F985
G1 X99.022 Y85.005 E.0662
G1 X99.022 Y83.478 E.05169
G1 X97.495 Y83.478 E.05169
M204 P2000
G1 X98.559 Y83.866 F10800
M204 P4000
;WIDTH:0.530084
G1 F985
G2 X98.618 Y83.882 I.017 J.056 E.01225
M204 P2000
;LAYER_CHANGE
;Z:60
;HEIGHT:0.200001
;BEFORE_LAYER_CHANGE
G92 E0.0
;60
M201 X3988.18 Y3988.18

G1 E-2.5 F4200
G1 Z60 F720
;AFTER_LAYER_CHANGE
;60
M74 W5.13834

G1 Z60.2
G1 X95.632 Y96.868 F10800
G1 Z60 F720
G1 E2.5 F2400
M204 P2500
;TYPE:Perimeter
;WIDTH:0.449999
G1 F1040
G1 X95.632 Y83.132 E.46495
G1 X99.368 Y83.132 E.12646
G1 X99.368 Y96.868 E.46495
G1 X95.692 Y96.868 E.12443
M204 P2000
G1 X95.225 Y97.275 F10800
;TYPE:External perimeter
G1 F1040
G1 X95.225 Y82.725 E.4925
G1 X99.775 Y82.725 E.15401
G1 X99.775 Y97.275 E.4925
G1 X95.285 Y97.275 E.15198
G1 X95.226 Y96.879 F10800
G1 E-2.5 F4200
G1 Z60.2 F720
G1 X99.207 Y95.926 F10800
G1 Z60 F720
G1 E2.5 F2400
M204 P1000
;TYPE:Top solid infill
;WIDTH:0.428447
G1 F1040
G1 X98.426 Y96.707 E.03541
M204 P2000
G1 X97.881 Y96.707 F10800
M204 P1000
G1 F1040
G1 X99.207 Y95.381 E.06011
M204 P2000
G1 X99.207 Y94.836 F10800
M204 P1000
G1 F1040
G1 X97.336 Y96.707 E.08482
M204 P2000
G1 X96.791 Y96.707 F10800
M204 P1000
G1 F1040
G1 X99.207 Y94.291 E.10953
M204 P2000
G1 X99.207 Y93.746 F10800
M204 P1000
G1 F1040
G1 X96.246 Y96.707 E.13424
M204 P2000
G1 X95.793 Y96.613 F10800
M204 P1000
G1 F1040
G1 X99.207 Y93.2 E.15475
M204 P2000
G1 X99.207 Y92.655 F10800
M204 P1000
G1 F1040
G1 X95.793 Y96.068 E.15475
M204 P2000
G1 X95.793 Y95.523 F10800
M204 P1000
G1 F1040
G1 X99.207 Y92.11 E.15475
M204 P2000
G1 X99.207 Y91.565 F10800
M204 P1000
G1 F1040
G1 X95.793 Y94.978 E.15475
M204 P2000
G1 X95.793 Y94.433 F10800
M204 P1000
G1 F1040
G1 X99.207 Y91.019 E.15477
M204 P2000
G1 X99.207 Y90.474 F10800
M204 P1000
G1 F1040
G1 X95.793 Y93.887 E.15475
M204 P2000
G1 X95.793 Y93.342 F10800
M204 P1000
G1 F1040
G1 X99.207 Y89.929 E.15475
M204 P2000
G1 X99.207 Y89.384 F10800
M204 P1000
G1 F1040
G1 X95.793 Y92.797 E.15475
M204 P2000
G1 X95.793 Y92.252 F10800
M204 P1000
G1 F1040
G1 X99.207 Y88.839 E.15475
M204 P2000
G1 X99.207 Y88.293 F10800
M204 P1000
G1 F1040
G1 X95.793 Y91.707 E.15477
M204 P2000
G1 X95.793 Y91.161 F10800
M204 P1000
G1 F1040
G1 X99.207 Y87.748 E.15475
M204 P2000
G1 X99.207 Y87.203 F10800
M204 P1000
G1 F1040
G1 X95.793 Y90.616 E.15475
M204 P2000
G1 X95.793 Y90.071 F10800
M204 P1000
G1 F1040
G1 X99.207 Y86.658 E.15475
M204 P2000
G1 X99.207 Y86.112 F10800
M204 P1000
G1 F1040
G1 X95.793 Y89.526 E.15477
M204 P2000
G1 X95.793 Y88.98 F10800
M204 P1000
G1 F1040
G1 X99.207 Y85.567 E.15475
M204 P2000
G1 X99.207 Y85.022 F10800
M204 P1000
G1 F1040
G1 X95.793 Y88.435 E.15475
M204 P2000
G1 X95.793 Y87.89 F10800
M204 P1000
G1 F1040
G1 X99.207 Y84.477 E.15475
M204 P2000
G1 X99.207 Y83.932 F10800
M204 P1000
G1 F1040
G1 X95.793 Y87.345 E.15475
M204 P2000
G1 X95.793 Y86.8 F10800
M204 P1000
G1 F1040
G1 X99.207 Y83.386 E.15477
M204 P2000
G1 X98.754 Y83.293 F10800
M204 P1000
G1 F1040
G1 X95.793 Y86.254 E.13424
M204 P2000
G1 X95.793 Y85.709 F10800
M204 P1000
G1 F1040
G1 X98.209 Y83.293 E.10953
M204 P2000
G1 X97.664 Y83.293 F10800
M204 P1000
G1 F1040
G1 X95.793 Y85.164 E.08482
M204 P2000
G1 X95.793 Y84.619 F10800
M204 P1000
G1 F1040
G1 X97.119 Y83.293 E.06011
M204 P2000
G1 X96.573 Y83.293 F10800
M204 P1000
G1 F1040
G1 X95.793 Y84.073 E.03536
M204 P2000
M486 S-1
G1 E-2.5 F4200
M107
;TYPE:Custom
; Filament-specific end gcode
G1 Z62 F720 ; Move print head up
G1 X170 Y170 F4200 ; park print head
G1 Z110 F720 ; Move print head further up
G4 ; wait
M104 S0 ; turn off temperature
M140 S0 ; turn off heatbed
M107 ; turn off fan
M221 S100 ; reset flow
M572 S0 ; reset PA
M569 S1 X Y ; reset to stealthchop for X Y
M84 ; disable motors
; max_layer_z = 60
M73 P100 R0
M73 Q100 S0
; objects_info = {"objects":[{"name":"Oberflächenmessung_Testkörper_MK1 (1).stl","polygon":[[100.000,97.500],[80.000,97.500],[80.000,82.500],[100.000,82.500]]}]}
; filament used [mm] = 1747.06
; filament used [cm3] = 4.20
; filament used [g] = 5.21
; filament cost = 0.19
; total filament used [g] = 5.21
; total filament cost = 0.19
; total filament used for wipe tower [g] = 0.00
; estimated printing time (normal mode) = 51m 56s
; estimated printing time (silent mode) = 52m 21s
; estimated first layer printing time (normal mode) = 1m 54s
; estimated first layer printing time (silent mode) = 1m 55s

; prusaslicer_config = begin
; arc_fitting = emit_center
; autoemit_temperature_commands = 1
; automatic_extrusion_widths = 0
; automatic_infill_combination = 0
; automatic_infill_combination_max_layer_height = 100%
; avoid_crossing_curled_overhangs = 0
; avoid_crossing_perimeters = 0
; avoid_crossing_perimeters_max_detour = 0
; bed_custom_model = 
; bed_custom_texture = 
; bed_shape = 0x0,180x0,180x180,0x180
; bed_temperature = 60
; bed_temperature_extruder = 0
; before_layer_gcode = ;BEFORE_LAYER_CHANGE\nG92 E0.0\n;[layer_z]\nM201 X{interpolate_table(extruded_weight_total, (0,4000), (1000,1700), (20000,1700))} Y{interpolate_table(extruded_weight_total, (0,4000), (1000,1700), (20000,1700))}\n
; between_objects_gcode = 
; binary_gcode = 0
; bottom_fill_pattern = monotonic
; bottom_solid_layers = 4
; bottom_solid_min_thickness = 0.5
; bridge_acceleration = 1500
; bridge_angle = 0
; bridge_fan_speed = 100
; bridge_flow_ratio = 1
; bridge_speed = 50
; brim_separation = 0.1
; brim_type = outer_only
; brim_width = 10
; chamber_minimal_temperature = 0
; chamber_temperature = 0
; color_change_gcode = M600
; colorprint_heights = 
; compatible_printers_condition_cummulative = "printer_notes=~/.*MINIIS.*/ and nozzle_diameter[0]==0.4";"nozzle_diameter[0]!=0.8 and printer_notes=~/.*MINIIS.*/"
; complete_objects = 0
; cooling = 1
; cooling_tube_length = 5
; cooling_tube_retraction = 91.5
; default_acceleration = 2000
; default_filament_profile = "Prusament PLA @MINIIS"
; default_print_profile = 0.20mm SPEED @MINIIS 0.4
; deretract_speed = 40
; disable_fan_first_layers = 1
; dont_support_bridges = 0
; draft_shield = disabled
; duplicate_distance = 6
; elefant_foot_compensation = 0.2
; enable_dynamic_fan_speeds = 0
; enable_dynamic_overhang_speeds = 1
; end_filament_gcode = "; Filament-specific end gcode"
; end_gcode = {if layer_z < max_print_height}G1 Z{z_offset+min(max_layer_z+2, max_print_height)} F720 ; Move print head up{endif}\nG1 X170 Y170 F4200 ; park print head\n{if layer_z < max_print_height}G1 Z{z_offset+min(max_layer_z+50, max_print_height)} F720 ; Move print head further up{endif}\nG4 ; wait\nM104 S0 ; turn off temperature\nM140 S0 ; turn off heatbed\nM107 ; turn off fan\nM221 S100 ; reset flow\nM572 S0 ; reset PA\nM569 S1 X Y ; reset to stealthchop for X Y\nM84 ; disable motors\n; max_layer_z = [max_layer_z]
; ensure_vertical_shell_thickness = enabled
; external_perimeter_acceleration = 2000
; external_perimeter_extrusion_width = 0.45
; external_perimeter_speed = 40
; external_perimeters_first = 0
; extra_loading_move = -2
; extra_perimeters = 0
; extra_perimeters_on_overhangs = 0
; extruder_clearance_height = 20
; extruder_clearance_radius = 35
; extruder_colour = ""
; extruder_offset = 0x0
; extrusion_axis = E
; extrusion_multiplier = 1
; extrusion_width = 0.45
; fan_always_on = 1
; fan_below_layer_time = 100
; filament_abrasive = 0
; filament_colour = #FFFFFF
; filament_cooling_final_speed = 3.4
; filament_cooling_initial_speed = 2.2
; filament_cooling_moves = 4
; filament_cost = 36.29
; filament_density = 1.24
; filament_deretract_speed = nil
; filament_diameter = 1.75
; filament_infill_max_crossing_speed = 0
; filament_infill_max_speed = 0
; filament_load_time = 0
; filament_loading_speed = 28
; filament_loading_speed_start = 3
; filament_max_volumetric_speed = 14
; filament_minimal_purge_on_wipe_tower = 15
; filament_multitool_ramming = 0
; filament_multitool_ramming_flow = 10
; filament_multitool_ramming_volume = 10
; filament_notes = ""
; filament_purge_multiplier = 100%
; filament_ramming_parameters = "120 100 6.6 6.8 7.2 7.6 7.9 8.2 8.7 9.4 9.9 10.0| 0.05 6.6 0.45 6.8 0.95 7.8 1.45 8.3 1.95 9.7 2.45 10 2.95 7.6 3.45 7.6 3.95 7.6 4.45 7.6 4.95 7.6"
; filament_retract_before_travel = nil
; filament_retract_before_wipe = nil
; filament_retract_layer_change = nil
; filament_retract_length = nil
; filament_retract_length_toolchange = nil
; filament_retract_lift = nil
; filament_retract_lift_above = nil
; filament_retract_lift_below = nil
; filament_retract_restart_extra = nil
; filament_retract_restart_extra_toolchange = nil
; filament_retract_speed = nil
; filament_seam_gap_distance = nil
; filament_settings_id = "Prusament PLA @MINIIS"
; filament_shrinkage_compensation_xy = 0%
; filament_shrinkage_compensation_z = 0%
; filament_soluble = 0
; filament_spool_weight = 278
; filament_stamping_distance = 0
; filament_stamping_loading_speed = 20
; filament_toolchange_delay = 0
; filament_travel_lift_before_obstacle = nil
; filament_travel_max_lift = nil
; filament_travel_ramping_lift = nil
; filament_travel_slope = nil
; filament_type = PLA
; filament_unload_time = 0
; filament_unloading_speed = 90
; filament_unloading_speed_start = 100
; filament_vendor = Prusa Polymers
; filament_wipe = nil
; fill_angle = 45
; fill_density = 50%
; fill_pattern = grid
; first_layer_acceleration = 500
; first_layer_acceleration_over_raft = 0
; first_layer_bed_temperature = 60
; first_layer_extrusion_width = 0.5
; first_layer_height = 0.2
; first_layer_infill_speed = 45
; first_layer_speed = 15
; first_layer_speed_over_raft = 30
; first_layer_temperature = 215
; full_fan_speed_layer = 5
; fuzzy_skin = none
; fuzzy_skin_point_dist = 0.8
; fuzzy_skin_thickness = 0.3
; gap_fill_enabled = 1
; gap_fill_speed = 80
; gcode_comments = 0
; gcode_flavor = marlin2
; gcode_label_objects = firmware
; gcode_resolution = 0.008
; gcode_substitutions = 
; high_current_on_filament_swap = 0
; host_type = prusalink
; idle_temperature = nil
; infill_acceleration = 4000
; infill_anchor = 2.5
; infill_anchor_max = 12
; infill_every_layers = 1
; infill_extruder = 1
; infill_extrusion_width = 0.45
; infill_first = 0
; infill_overlap = 15%
; infill_speed = 60
; interface_shells = 0
; interlocking_beam = 0
; interlocking_beam_layer_count = 2
; interlocking_beam_width = 0.8
; interlocking_boundary_avoidance = 2
; interlocking_depth = 2
; interlocking_orientation = 22.5
; ironing = 0
; ironing_flowrate = 15%
; ironing_spacing = 0.1
; ironing_speed = 15
; ironing_type = top
; layer_gcode = ;AFTER_LAYER_CHANGE\n;[layer_z]\n{if ! spiral_vase}M74 W[extruded_weight_total]{endif}\n
; layer_height = 0.2
; machine_limits_usage = emit_to_gcode
; machine_max_acceleration_e = 5000,5000
; machine_max_acceleration_extruding = 4000,2500
; machine_max_acceleration_retracting = 1250,1250
; machine_max_acceleration_travel = 4000,2500
; machine_max_acceleration_x = 4000,2500
; machine_max_acceleration_y = 4000,2500
; machine_max_acceleration_z = 400,400
; machine_max_feedrate_e = 80,80
; machine_max_feedrate_x = 400,180
; machine_max_feedrate_y = 400,180
; machine_max_feedrate_z = 12,12
; machine_max_jerk_e = 10,10
; machine_max_jerk_x = 8,8
; machine_max_jerk_y = 8,8
; machine_max_jerk_z = 2,2
; machine_min_extruding_rate = 0
; machine_min_travel_rate = 0
; max_fan_speed = 80
; max_layer_height = 0.25
; max_print_height = 180
; max_print_speed = 200
; max_volumetric_extrusion_rate_slope_negative = 0
; max_volumetric_extrusion_rate_slope_positive = 0
; max_volumetric_speed = 0
; min_bead_width = 85%
; min_fan_speed = 60
; min_feature_size = 25%
; min_layer_height = 0.07
; min_print_speed = 15
; min_skirt_length = 4
; mmu_segmented_region_interlocking_depth = 0
; mmu_segmented_region_max_width = 5
; multimaterial_purging = 140
; notes = 
; nozzle_diameter = 0.4
; nozzle_high_flow = 0
; only_one_perimeter_first_layer = 0
; only_retract_when_crossing_perimeters = 0
; ooze_prevention = 0
; output_filename_format = {input_filename_base}_0.4n_{layer_height}mm_{printing_filament_types}_{printer_model}_{print_time}.gcode
; over_bridge_speed = 50%
; overhang_fan_speed_0 = 0
; overhang_fan_speed_1 = 0
; overhang_fan_speed_2 = 0
; overhang_fan_speed_3 = 0
; overhang_speed_0 = 15
; overhang_speed_1 = 20
; overhang_speed_2 = 25
; overhang_speed_3 = 60
; overhangs = 1
; parking_pos_retraction = 92
; pause_print_gcode = M601
; perimeter_acceleration = 2500
; perimeter_extruder = 1
; perimeter_extrusion_width = 0.45
; perimeter_generator = arachne
; perimeter_speed = 60
; perimeters = 2
; physical_printer_settings_id = 
; post_process = 
; prefer_clockwise_movements = 0
; print_settings_id = 0.20mm SPEED @MINIIS 0.4
; printer_model = MINIIS
; printer_notes = Don't remove the following keywords! These keywords are used in the "compatible printer" condition of the print and filament profiles to link the particular print and filament profiles to this printer profile.\nPRINTER_VENDOR_PRUSA3D\nPRINTER_MODEL_MINIIS\nNO_TEMPLATES\n
; printer_settings_id = Original Prusa MINI & MINI+ Input Shaper
; printer_technology = FFF
; printer_variant = 0.4
; printer_vendor = 
; raft_contact_distance = 0.15
; raft_expansion = 1.5
; raft_first_layer_density = 90%
; raft_first_layer_expansion = 3
; raft_layers = 0
; remaining_times = 1
; resolution = 0
; retract_before_travel = 1.5
; retract_before_wipe = 70%
; retract_layer_change = 1
; retract_length = 2.5
; retract_length_toolchange = 4
; retract_lift = 0.2
; retract_lift_above = 0
; retract_lift_below = 179
; retract_restart_extra = 0
; retract_restart_extra_toolchange = 0
; retract_speed = 70
; scarf_seam_entire_loop = 0
; scarf_seam_length = 20
; scarf_seam_max_segment_length = 1
; scarf_seam_on_inner_perimeters = 0
; scarf_seam_only_on_smooth = 1
; scarf_seam_placement = nowhere
; scarf_seam_start_height = 0%
; seam_gap_distance = 15%
; seam_position = aligned
; silent_mode = 1
; single_extruder_multi_material = 0
; single_extruder_multi_material_priming = 0
; skirt_distance = 6
; skirt_height = 1
; skirts = 1
; slice_closing_radius = 0.049
; slicing_mode = regular
; slowdown_below_layer_time = 12
; small_perimeter_speed = 40
; solid_infill_acceleration = 4000
; solid_infill_below_area = 0
; solid_infill_every_layers = 0
; solid_infill_extruder = 1
; solid_infill_extrusion_width = 0.45
; solid_infill_speed = 60
; spiral_vase = 0
; staggered_inner_seams = 0
; standby_temperature_delta = -5
; start_filament_gcode = "M572 S{if nozzle_diameter[0]==0.6}0.17{elsif nozzle_diameter[0]==0.8}0.12{elsif nozzle_diameter[0]==0.4}0.27{elsif nozzle_diameter[0]==0.25}0.85{else}0{endif}"
; start_gcode = M862.3 P "MINI" ; printer model check\nM862.1 P[nozzle_diameter] A{(filament_abrasive[0] ? 1 : 0)} F{(nozzle_high_flow[0] ? 1 : 0)} ; nozzle check\nM862.5 P2 ; g-code level check\nM862.6 P"Input shaper" ; FW feature check\nM115 U6.4.0+11974\nG90 ; use absolute coordinates\nM83 ; extruder relative mode\nM104 S170 ; set extruder temp for bed leveling\nM140 S[first_layer_bed_temperature] ; set bed temp\nM109 R170 ; wait for bed leveling temp\nM190 S[first_layer_bed_temperature] ; wait for bed temp\nM569 S1 X Y ; set stealthchop for X Y\nM204 T1250 ; set travel acceleration\nG28 ; home all without mesh bed level\nG29 ; mesh bed leveling \nM104 S[first_layer_temperature] ; set extruder temp\nG92 E0\n\nG1 X0 Y-2 Z3 F2400\n\nM109 S[first_layer_temperature] ; wait for extruder temp\n\n; intro line\nG1 X10 Z0.2 F1000\nG1 X70 E8 F900\nG1 X140 E10 F700\nG92 E0\n\nM569 S0 X Y ; set spreadcycle for X Y\nM204 T[machine_max_acceleration_travel] ; restore travel acceleration\nM572 W0.06 ; set smooth time\nM221 S95 ; set flow\n
; support_material = 0
; support_material_angle = 0
; support_material_auto = 0
; support_material_bottom_contact_distance = 0
; support_material_bottom_interface_layers = 0
; support_material_buildplate_only = 0
; support_material_closing_radius = 2
; support_material_contact_distance = 0.2
; support_material_enforce_layers = 0
; support_material_extruder = 0
; support_material_extrusion_width = 0.4
; support_material_interface_contact_loops = 0
; support_material_interface_extruder = 0
; support_material_interface_layers = 3
; support_material_interface_pattern = auto
; support_material_interface_spacing = 0.2
; support_material_interface_speed = 50%
; support_material_pattern = rectilinear
; support_material_spacing = 2
; support_material_speed = 100
; support_material_style = snug
; support_material_synchronize_layers = 0
; support_material_threshold = 40
; support_material_with_sheath = 0
; support_material_xy_spacing = 80%
; support_tree_angle = 40
; support_tree_angle_slow = 25
; support_tree_branch_diameter = 2
; support_tree_branch_diameter_angle = 5
; support_tree_branch_diameter_double_wall = 8
; support_tree_branch_distance = 1
; support_tree_tip_diameter = 0.8
; support_tree_top_rate = 30%
; temperature = 210
; template_custom_gcode = 
; thick_bridges = 0
; thin_walls = 0
; thumbnails = 16x16/QOI, 220x124/QOI, 200x240/QOI, 380x285/PNG
; thumbnails_format = PNG
; toolchange_gcode = 
; top_fill_pattern = monotoniclines
; top_infill_extrusion_width = 0.42
; top_one_perimeter_type = none
; top_solid_infill_acceleration = 1000
; top_solid_infill_speed = 40
; top_solid_layers = 7
; top_solid_min_thickness = 0.7
; travel_acceleration = 4000
; travel_lift_before_obstacle = 0
; travel_max_lift = 0
; travel_ramping_lift = 0
; travel_slope = 0
; travel_speed = 180
; travel_speed_z = 12
; use_firmware_retraction = 0
; use_relative_e_distances = 1
; use_volumetric_e = 0
; variable_layer_height = 1
; wall_distribution_count = 1
; wall_transition_angle = 10
; wall_transition_filter_deviation = 25%
; wall_transition_length = 100%
; wipe = 0
; wipe_into_infill = 0
; wipe_into_objects = 0
; wipe_tower = 1
; wipe_tower_acceleration = 0
; wipe_tower_bridging = 10
; wipe_tower_brim_width = 2
; wipe_tower_cone_angle = 25
; wipe_tower_extra_flow = 250%
; wipe_tower_extra_spacing = 110%
; wipe_tower_extruder = 0
; wipe_tower_no_sparse_layers = 0
; wipe_tower_width = 60
; wiping_volumes_matrix = 0
; wiping_volumes_use_custom_matrix = 0
; xy_size_compensation = 0
; z_offset = 0
; prusaslicer_config = end
