; generated by PrusaSlicer 2.9.1 on 2026-08-29 at 14:02:01 UTC

; 

; external perimeters extrusion width = 0.45mm
; perimeters extrusion width = 0.45mm
; infill extrusion width = 0.45mm
; solid infill extrusion width = 0.45mm
; top infill extrusion width = 0.38mm
; first layer extrusion width = 1.50mm

M73 P0 R2
M73 Q0 S2
M201 X4000 Y4000 Z400 E5000 ; sets maximum accelerations, mm/sec^2
M203 X400 Y400 Z12 E80 ; sets maximum feedrates, mm / sec
M204 P4000 R1250 T4000 ; sets acceleration (P, T) and retract acceleration (R), mm/sec^2
M205 X8.00 Y8.00 Z2.00 E10.00 ; sets the jerk limits, mm/sec
M205 S0 T0 ; sets the minimum extruding and travel feed rate, mm/sec

M486 S0
M486 AOberflächenmessung_Testkörper_MK1 (1).stl
M486 S-1

;TYPE:Custom
M862.3 P "MINI" ; printer model check
M862.1 P0.4 A0 F0 ; nozzle check
M862.5 P2 ; g-code level check
M862.6 P"Input shaper" ; FW feature check
M115 U6.4.0+11974
G90 ; use absolute coordinates
M83 ; extruder relative mode
M104 S170 ; set extruder temp for bed leveling
M140 S60 ; set bed temp
M109 R170 ; wait for bed leveling temp
M190 S60 ; wait for bed temp
M569 S1 X Y ; set stealthchop for X Y
M204 T1250 ; set travel acceleration
G28 ; home all without mesh bed level
G29 ; mesh bed leveling 
M104 S230 ; set extruder temp
G92 E0

G1 X0 Y-2 Z3 F2400

M109 S230 ; wait for extruder temp

M569 S0 X Y ; set spreadcycle for X Y
M204 T4000 ; restore travel acceleration
M572 W0.06 ; set smooth time
M221 S100 ; set flow
G21 ; set units to millimeters
G90 ; use absolute coordinates
M83 ; use relative distances for extrusion
M572 S0.27
M107
;LAYER_CHANGE
;Z:0.2
;HEIGHT:0.2
G1 E-2.5 F4200
G1 Z.4 F720
M486 S0
G1 X92.415 Y48.341 F24000
G1 Z.2 F720
G1 E2.5 F2400
M204 P500
;TYPE:External perimeter
;WIDTH:1.5
G1 F900
G1 X91.974 Y48.618 E.06739
G1 X91.175 Y48.932 E.11108
G1 X90.392 Y49.078 E.10306
G1 X89.608 Y49.078 E.10145
G1 X88.808 Y48.928 E.10532
G1 X88.231 Y48.71 E.07981
G3 X87.078 Y47.958 I3.64 J-6.844 E.17835
G1 X86.554 Y47.282 E.11067
G3 X86.048 Y46.107 I5.117 J-2.901 E.16587
M73 Q1 S2
G1 X85.916 Y45.323 E.10287
G1 X85.931 Y44.514 E.1047
G3 X86.218 Y43.383 I7.691 J1.35 E.15113
M73 P1 R2
G1 X86.608 Y42.636 E.10904
G1 X87.059 Y42.064 E.09425
G3 X87.926 Y41.438 I5.691 J6.968 E.13845
G1 X88.457 Y41.188 E.07594
G1 X89.21 Y40.977 E.10119
G1 X90.036 Y40.904 E.1073
G3 X91.197 Y41.073 I-.531 J7.719 E.15196
G1 X91.927 Y41.358 E.1014
G1 X92.589 Y41.763 E.10042
G1 X93.081 Y42.223 E.08715
G3 X93.735 Y43.281 I-5.913 J4.386 E.16114
G1 X93.934 Y43.828 E.07532
G1 X94.083 Y44.663 E.10975
G1 X94.077 Y45.054 E.0506
G1 X94.071 Y45.468 E.05358
G1 X93.905 Y46.271 E.1061
G1 X93.685 Y46.829 E.07761
G3 X93.042 Y47.827 I-7.021 J-3.822 E.15376
G1 X92.634 Y48.203 E.07179
G1 X92.466 Y48.309 E.0257
M204 P2000
G1 E-2.5 F4200
M204 T4000
G1 Z.4 F720
G1 X92.698 Y42.672 F24000
G1 Z.2 F720
G1 E2.5 F2400
M204 P500
;TYPE:Solid infill
;WIDTH:1.79142
G1 F480
G1 X92.698 Y45.968 E.51178
G3 X92.499 Y46.44 I-2.973 J-.976 E.07963
M73 P2 R2
M73 Q2 S2
G1 X92.149 Y46.967 E.09823
G3 X91.898 Y47.203 I-1.218 J-1.043 E.0536
G1 X91.413 Y47.507 E.08888
G1 X90.949 Y47.69 E.07745
G1 X90.949 Y42.306 E.836
G2 X90.595 Y42.202 I-.659 J1.598 E.0574
G1 X90.031 Y42.147 E.08799
G1 X89.435 Y42.201 E.09292
G1 X89.201 Y42.266 E.03771
G1 X89.201 Y47.742 E.85028
G3 X88.585 Y47.51 I.564 J-2.43 E.10251
M73 P3 R2
M73 Q3 S2
G1 X87.987 Y47.11 E.11171
G1 X87.591 Y46.598 E.1005
G1 X87.452 Y46.344 E.04496
G1 X87.452 Y42.506 E.59594
M204 P2000
M106 S33.15
;LAYER_CHANGE
;Z:0.4
;HEIGHT:0.2
;BEFORE_LAYER_CHANGE
G92 E0.0
;0.4
M201 X3999.95 Y3999.95

G1 E-2.5 F4200
G1 Z.4 F720
;AFTER_LAYER_CHANGE
;0.4
M74 W0.0213599

M104 S233 ; set temperature
G1 Z.6
G1 X93.612 Y48.613 F24000
G1 Z.4 F720
G1 E2.5 F2400
;TYPE:External perimeter
;WIDTH:0.449999
G1 F1542.218
G1 X93.017 Y49.05 E.02669
G1 F2283.356
G1 X92.296 Y49.434 E.02953
G1 F2967.683
G1 X91.592 Y49.686 E.02703
G1 F3552.856
G1 X91.074 Y49.814 E.01929
G1 F3936.886
G1 X90.536 Y49.893 E.01966
G1 F4242.348
G1 X90.032 Y49.919 E.01824
G1 F4002.788
G1 X89.36 Y49.887 E.02432
G1 F3428.587
G1 X88.381 Y49.684 E.03614
G1 F3257.639
G1 X87.751 Y49.44 E.02442
G1 F2418.315
G1 X87.115 Y49.131 E.02556
G1 F1569.32
G1 X86.388 Y48.612 E.03229
G1 X85.858 Y47.867 E.03305
G1 F2436.592
G1 X85.603 Y47.379 E.0199
G1 F2886.086
G1 X85.394 Y46.862 E.02016
G1 F3269.891
G1 X85.238 Y46.338 E.01976
G1 F3550.984
G1 X85.138 Y45.833 E.01861
G1 F3896.637
G1 X85.082 Y45.27 E.02045
G1 F4033.886
M73 Q4 S2
G1 X85.107 Y44.415 E.03092
G1 F3656.071
G1 X85.195 Y43.857 E.02042
G1 F3404.095
G1 X85.319 Y43.371 E.01813
G1 F2796.975
G1 X85.649 Y42.526 E.03279
G1 F2245.182
G1 X86.06 Y41.832 E.02916
G1 F1547.365
G1 X86.384 Y41.391 E.01978
G1 X87.133 Y40.858 E.03323
M73 P4 R2
G1 F2433.409
G1 X87.621 Y40.603 E.0199
G1 F2891.07
G1 X88.138 Y40.394 E.02016
G1 F3274.525
G1 X88.658 Y40.24 E.01961
G1 F3553.276
G1 X89.355 Y40.131 E.0255
G1 F4344.771
G1 X89.925 Y40.081 E.02068
G1 F3997.729
G1 X90.609 Y40.109 E.02475
G1 F3692.629
G1 X91.138 Y40.193 E.01936
G1 F3164.976
G1 X92.037 Y40.458 E.03388
G1 X92.387 Y40.627 E.01405
G1 F2335.597
G1 X93.061 Y40.986 E.02761
G1 F1542.59
G1 X93.61 Y41.384 E.02451
G1 X94.05 Y41.983 E.02687
G1 F2280.917
G1 X94.434 Y42.704 E.02953
G1 F2966.929
G1 X94.625 Y43.195 E.01905
G1 F3311.996
G1 X94.774 Y43.715 E.01955
G1 F3581.949
G1 X94.916 Y44.7 E.03598
G1 F3971.598
G1 X94.881 Y45.693 E.03592
G1 F3468.465
G1 X94.713 Y46.521 E.03054
G1 F3128.568
G1 X94.537 Y47.05 E.02015
G1 F2725.108
G1 X94.311 Y47.556 E.02003
G1 F2612.334
G1 X94.027 Y48.019 E.01964
G1 F1542.218
G1 X93.648 Y48.564 E.024
G1 E-2.5 F4200
G1 Z.6 F720
G1 X90.294 Y40.327 F24000
G1 Z.4 F720
G1 E2.5 F2400
M204 P4000
;TYPE:Solid infill
;WIDTH:0.38292
G1 F8400
G1 X89.658 Y40.326 E.0192
G1 X90.091 Y40.327 E.01307
M204 P2000
G1 X91.382 Y40.626 F24000
M204 P4000
;WIDTH:0.449999
G1 F8400
G1 X88.572 Y40.626 E.10158
G1 X88.413 Y40.663 E.0059
;WIDTH:0.41646
G1 X88.254 Y40.7 E.00542
;WIDTH:0.38292
G1 X88.217 Y40.636 E.00223
G1 X88.18 Y40.7 E.00223
G1 X88.217 Y40.721 E.00128
;WIDTH:0.449999
G1 X87.545 Y41.033 E.02678
G1 X92.432 Y41.033 E.17667
G1 X92.561 Y41.018 E.00469
;WIDTH:0.41646
G1 X92.69 Y41.002 E.00431
;WIDTH:0.38292
G3 X93.513 Y41.578 I-1.827 J3.489 E.03041
;WIDTH:0.449999
G1 X93.123 Y41.44 E.01496
G1 X86.911 Y41.44 E.22457
G1 X86.928 Y41.334 E.00388
;WIDTH:0.41646
G1 X86.944 Y41.228 E.00356
;WIDTH:0.38292
G1 X87.285 Y41.003 E.01234
M204 P2000
G1 X86.466 Y41.847 F24000
M204 P4000
;WIDTH:0.449999
G1 F8400
G1 X93.521 Y41.847 E.25504
G1 X93.803 Y42.254 E.0179
G1 X86.212 Y42.254 E.27442
G1 X85.971 Y42.662 E.01713
G1 X94.02 Y42.662 E.29098
G1 X94.205 Y43.069 E.01616
G1 X85.808 Y43.069 E.30356
G1 X85.649 Y43.476 E.0158
M73 Q5 S2
G1 X94.345 Y43.476 E.31436
G1 X94.448 Y43.883 E.01518
G1 X85.545 Y43.883 E.32185
G1 X85.477 Y44.29 E.01492
M73 P5 R2
G1 X94.507 Y44.29 E.32644
G1 X94.566 Y44.697 E.01487
G1 X85.445 Y44.697 E.32973
G1 X85.433 Y45.104 E.01472
G1 X94.555 Y45.104 E.32976
G1 X94.541 Y45.511 E.01472
G1 X85.454 Y45.511 E.3285
G1 X85.508 Y45.918 E.01484
G1 X94.482 Y45.918 E.32441
G1 X94.4 Y46.325 E.01501
G1 X85.596 Y46.325 E.31827
G1 X85.716 Y46.732 E.01534
G1 X94.278 Y46.732 E.30952
G1 X94.118 Y47.139 E.01581
G1 X85.879 Y47.139 E.29784
G1 X86.081 Y47.546 E.01643
G1 X93.911 Y47.546 E.28306
G1 X93.661 Y47.954 E.0173
G1 X86.344 Y47.954 E.26451
G1 X86.634 Y48.361 E.01807
G1 X93.371 Y48.361 E.24355
G1 X92.812 Y48.768 E.025
G1 X87.201 Y48.768 E.20284
M204 P2000
G1 E-2.5 F4200
M73 Q6 S2
G1 Z.6 F720
G1 X91.984 Y49.139 F24000
G1 Z.4 F720
G1 E2.5 F2400
M204 P4000
;WIDTH:0.378703
G1 F8400
G1 X91.177 Y49.139 E.02406
;WIDTH:0.41096
G1 X90.734 Y49.155 E.01449
;WIDTH:0.443216
G3 X89.425 Y49.165 I-.802 J-19.644 E.04654
;WIDTH:0.430611
G1 X87.973 Y49.165 E.04999
G1 X88.476 Y49.36 E.01857
G1 X89.402 Y49.552 E.03256
;WIDTH:0.443216
G1 X90.285 Y49.572 E.0314
G1 X90.743 Y49.522 E.01638
;WIDTH:0.41096
G1 X91.201 Y49.473 E.01505
;WIDTH:0.378703
G2 X92.188 Y49.139 I-1.478 J-5.989 E.03111
M204 P2000
M106 S63.75
;LAYER_CHANGE
;Z:0.6
;HEIGHT:0.2
;BEFORE_LAYER_CHANGE
G92 E0.0
;0.6
M201 X3999.9 Y3999.9

G1 E-2.5 F4200
M73 P6 R2
G1 Z.6 F720
;AFTER_LAYER_CHANGE
;0.6
M74 W0.0442119

G1 Z.8
G1 X93.769 Y48.771 F24000
G1 Z.6 F720
G1 E2.5 F2400
;TYPE:External perimeter
;WIDTH:0.449999
G1 F1571.865
G1 X93.32 Y49.082 E.01974
G1 F2085.715
G1 X92.439 Y49.534 E.0358
G1 F2903.859
G1 X91.915 Y49.725 E.02016
G1 F3258.75
G1 X91.369 Y49.872 E.02044
G1 F3537.228
G1 X90.871 Y49.963 E.0183
G1 F3857.282
G1 X90.335 Y50.015 E.01947
G1 F4097.21
G1 X89.832 Y50.022 E.01819
G1 F3973.424
G1 X89.33 Y49.988 E.01819
G1 F3648.969
G1 X88.833 Y49.914 E.01816
G1 F3390.619
G1 X88.305 Y49.791 E.0196
G1 F3141.38
G1 X87.575 Y49.526 E.02807
G1 F2369.264
G1 X86.952 Y49.241 E.02477
G1 F1582.718
G1 X86.228 Y48.768 E.03126
G1 X85.947 Y48.367 E.0177
G1 F2025.446
G1 X85.666 Y47.873 E.02055
G1 F2531.721
G1 X85.431 Y47.353 E.02063
G1 F2967.598
G1 X85.141 Y46.427 E.03508
G1 F3515.068
G1 X85.041 Y45.899 E.01943
G1 F3850.895
G1 X84.978 Y44.835 E.03853
G1 F3629.484
G1 X85.091 Y43.808 E.03735
G1 F3384.887
G1 X85.209 Y43.305 E.01868
G1 F3153.288
G1 X85.46 Y42.607 E.02681
G1 F2399.017
G1 X85.744 Y41.98 E.02488
G1 F1583.218
G1 X86.233 Y41.227 E.03246
G1 X86.633 Y40.947 E.01765
G1 F2025.477
G1 X87.124 Y40.668 E.02042
G1 F2531.802
G1 X88.014 Y40.297 E.03486
G1 F3218.087
G1 X88.567 Y40.142 E.02076
G1 F3512.172
G1 X89.496 Y39.996 E.034
G1 F4055.946
G1 X90.075 Y39.976 E.02094
G1 F3787.68
G1 X91.01 Y40.058 E.03393
G1 F3213.737
G1 X91.992 Y40.299 E.03655
G1 F2873.071
G1 X92.488 Y40.487 E.01918
G1 F2324.131
G1 X93.255 Y40.889 E.0313
G1 F1578.975
G1 X93.77 Y41.229 E.02231
G1 X94.082 Y41.68 E.01983
G1 F2085.65
G1 X94.534 Y42.561 E.0358
G1 F2903.88
G1 X94.725 Y43.085 E.02016
G1 F3258.728
G1 X94.871 Y43.627 E.02029
G1 F3538.632
G1 X95.014 Y44.658 E.03763
G1 F4116.589
G1 X94.99 Y45.473 E.02948
G1 F3619.735
G1 X94.908 Y46.198 E.02638
G1 F3120.628
G1 X94.651 Y47.137 E.03519
G1 F2722.034
G1 X94.435 Y47.664 E.02059
G1 F2384.413
G1 X94.084 Y48.29 E.02594
G1 F1571.865
G1 X93.803 Y48.721 E.0186
G1 E-2.5 F4200
G1 Z.8 F720
G1 X85.302 Y44.015 F24000
G1 Z.6 F720
M73 Q7 S2
G1 E2.5 F2400
M204 P4000
;TYPE:Solid infill
;WIDTH:0.38292
G1 F8400
G2 X85.252 Y45.031 I12.127 J1.1 E.03072
G1 X85.303 Y45.982 E.02876
M204 P2000
G1 X85.668 Y47.289 F24000
M204 P4000
G1 F8400
G1 X85.702 Y47.161 E.004
G1 X85.617 Y46.734 E.01315
;WIDTH:0.41646
G1 X85.588 Y46.56 E.00585
;WIDTH:0.449999
G1 X85.558 Y46.387 E.00635
G1 X85.558 Y43.615 E.10021
G1 X85.588 Y43.442 E.00635
;WIDTH:0.41646
G1 X85.618 Y43.268 E.00586
;WIDTH:0.38292
G1 X85.695 Y42.757 E.0156
G1 X85.673 Y42.708 E.00162
;WIDTH:0.449999
G1 X85.965 Y42.315 E.0177
G1 X85.965 Y47.694 E.19445
G1 X86.372 Y48.37 E.02853
G1 X86.372 Y41.649 E.24297
G1 X86.779 Y41.267 E.02018
G1 X86.779 Y48.715 E.26925
M73 P7 R2
G1 X87.186 Y48.971 E.01738
G1 X87.186 Y41.031 E.28703
G1 X87.593 Y40.847 E.01615
G1 X87.593 Y49.165 E.3007
G1 X88 Y49.213 E.01482
G1 X88 Y40.785 E.30468
G1 X88.407 Y40.624 E.01582
G1 X88.407 Y49.376 E.31639
G1 X88.814 Y49.497 E.01535
G1 X88.814 Y40.502 E.32517
G1 X89.221 Y40.419 E.01502
G1 X89.221 Y49.582 E.33125
G1 X89.628 Y49.631 E.01482
G1 X89.628 Y40.368 E.33486
G1 X90.035 Y40.354 E.01472
G1 X90.035 Y49.646 E.33591
G1 X90.443 Y49.626 E.01477
M73 Q8 S2
G1 X90.443 Y40.374 E.33446
G1 X90.85 Y40.43 E.01485
G1 X90.85 Y49.57 E.33042
G1 X91.257 Y49.479 E.01508
G1 X91.257 Y40.521 E.32384
G1 X91.664 Y40.65 E.01543
G1 X91.664 Y49.351 E.31455
G1 X92.071 Y49.182 E.01593
G1 X92.071 Y40.818 E.30236
G1 X92.478 Y40.872 E.01484
G1 X92.478 Y49.125 E.29835
G1 X92.885 Y48.916 E.01654
G1 X92.885 Y41.086 E.28306
G1 X93.292 Y41.317 E.01692
M73 P8 R2
G1 X93.292 Y48.68 E.26618
G1 X93.461 Y48.652 E.00619
;WIDTH:0.41646
G1 X93.63 Y48.624 E.00568
;WIDTH:0.38292
G1 X93.688 Y48.555 E.00272
;WIDTH:0.449999
G1 X93.699 Y48.268 E.01038
G1 X93.699 Y41.735 E.23617
G1 X94.102 Y42.345 E.02643
;WIDTH:0.397002
G1 X94.036 Y42.383 E.00239
G1 X94.102 Y42.421 E.00239
G1 X94.124 Y42.383 E.00138
G1 X94.392 Y42.67 E.01235
;WIDTH:0.38292
G1 X94.328 Y42.706 E.00222
G1 X94.392 Y42.743 E.00223
G1 X94.413 Y42.706 E.00128
;WIDTH:0.41646
G1 X94.26 Y42.735 E.00517
;WIDTH:0.449999
G1 X94.106 Y42.763 E.00566
G1 X94.106 Y47.231 E.16152
G1 X94.135 Y47.617 E.01399
;WIDTH:0.407516
G1 X94.112 Y47.656 E.00147
G1 X94.044 Y47.617 E.00254
G1 X94.112 Y47.577 E.00255
M204 P2000
G1 E-2.5 F4200
G1 Z.8 F720
G1 X94.549 Y45.768 F24000
G1 Z.6 F720
G1 E2.5 F2400
M204 P4000
;WIDTH:0.547399
G1 F8325.421
G1 X94.562 Y45.522 E.01104
;WIDTH:0.574442
G1 F7901.837
G2 X94.553 Y44.297 I-13.757 J-.513 E.05784
M204 P2000
M106 S96.9
;LAYER_CHANGE
;Z:0.8
;HEIGHT:0.2
;BEFORE_LAYER_CHANGE
G92 E0.0
;0.8
M201 X3999.84 Y3999.84

G1 E-2.5 F4200
G1 Z.8 F720
M73 Q9 S2
;AFTER_LAYER_CHANGE
;0.8
M74 W0.0679793

G1 Z1
G1 X93.948 Y48.896 F24000
G1 Z.8 F720
G1 E2.5 F2400
;TYPE:External perimeter
;WIDTH:0.449999
G1 F1609.338
G1 X93.929 Y48.927 E.00131
G1 X93.499 Y49.199 E.01839
G1 F2067.778
G1 X92.587 Y49.635 E.03654
G1 F2886.778
G1 X92.044 Y49.821 E.02075
G1 F3245.112
G1 X91.037 Y50.047 E.03731
G1 F3798.829
G1 X90.522 Y50.105 E.01874
G1 F4048.165
G1 X90 Y50.125 E.01888
G1 X89.478 Y50.105 E.01888
G1 F3791.029
G1 X88.96 Y50.046 E.01885
G1 F3495.179
G1 X88.43 Y49.946 E.0195
G1 F2881.805
G1 X87.407 Y49.632 E.03868
G1 F2489.652
G1 X86.929 Y49.424 E.01885
G1 F1653.986
G1 X86.074 Y48.926 E.03577
G1 X85.668 Y48.224 E.02932
G1 F2603.706
G1 X85.44 Y47.759 E.01872
G1 F2839.347
G1 X85.253 Y47.268 E.01899
G1 F3178.741
G1 X85.09 Y46.705 E.02119
G1 F3518.002
G1 X84.954 Y46.049 E.02422
G1 F3784.28
G1 X84.895 Y45.515 E.01942
G1 F4049.808
G1 X84.875 Y44.987 E.0191
G1 F4144.719
G1 X84.941 Y44.167 E.02974
G1 F3482.647
G1 X85.054 Y43.427 E.02706
G1 F3187.954
G1 X85.207 Y42.863 E.02113
G1 F2812.401
G1 X85.404 Y42.318 E.02095
G1 F2423.203
G1 X85.613 Y41.855 E.01836
G1 F1649.682
G1 X86.073 Y41.074 E.03277
G1 X86.804 Y40.652 E.03051
G1 F2599.392
G1 X87.296 Y40.416 E.01973
G1 F2860.583
G1 X87.879 Y40.202 E.02245
G1 F3197.447
G1 X88.461 Y40.046 E.02178
G1 F3497.839
G1 X89.121 Y39.935 E.02419
G1 F4031.743
G1 X89.666 Y39.888 E.01978
G1 F4296.889
G1 X90.224 Y39.883 E.02017
G1 F4157.126
G1 X90.761 Y39.922 E.01946
G1 F3690.027
G1 X91.371 Y40.015 E.02231
G1 F3378.952
G1 X91.969 Y40.161 E.02225
G1 F3029.914
G1 X92.476 Y40.327 E.01929
G1 F2511.959
G1 X93.04 Y40.561 E.02207
G1 F2122.673
G1 X93.495 Y40.801 E.0186
G1 F1613.568
G1 X93.927 Y41.072 E.01844
G1 X94.199 Y41.501 E.01836
G1 F2067.835
G1 X94.635 Y42.413 E.03654
G1 F2886.779
G1 X94.821 Y42.955 E.02072
G1 F3245.132
G1 X94.993 Y43.734 E.02884
G1 F4171.322
G1 X95.081 Y44.268 E.01956
G1 X95.109 Y44.776 E.01839
G1 F4077.45
G1 X95.111 Y45.443 E.02411
G1 F3785.044
G1 X95.046 Y46.046 E.02193
G1 F3614.283
G1 X94.875 Y46.81 E.0283
G1 F3063.496
M73 P9 R2
G1 X94.682 Y47.448 E.0241
G1 F2590.957
G1 X94.442 Y48.024 E.02256
G1 F2150.354
G1 X94.192 Y48.5 E.01944
G1 F1609.338
G1 X93.979 Y48.845 E.01466
;LAYER_CHANGE
;Z:1
;HEIGHT:0.2
;BEFORE_LAYER_CHANGE
G92 E0.0
;1
M201 X3999.84 Y3999.84

G1 E-2.5 F4200
G1 Z1 F720
;AFTER_LAYER_CHANGE
;1
M74 W0.0715642

G1 Z1
G1 X94.085 Y49.084 F24000
G1 E2.5 F2400
G1 F1647.356
G1 X93.679 Y49.319 E.01696
G1 F2065.326
G1 X93.187 Y49.552 E.01968
G1 F2602.36
G1 X92.676 Y49.755 E.01988
G1 F2990.936
G1 X92.12 Y49.93 E.02107
G1 F3342.473
G1 X91.59 Y50.058 E.01971
G1 F3588.435
G1 X91.047 Y50.149 E.0199
G1 F4021.837
G1 X90.384 Y50.209 E.02407
G1 F4304.925
G1 X89.816 Y50.218 E.02054
G1 F4130.901
G1 X89.257 Y50.185 E.02024
G1 F3592.172
G1 X88.612 Y50.101 E.02351
G1 F3129.349
G1 X87.637 Y49.863 E.03628
G1 F2690.275
G1 X86.866 Y49.573 E.02978
G1 F2142.722
G1 X86.369 Y49.342 E.01981
G1 F1657.396
G1 X85.919 Y49.086 E.01872
G1 X85.453 Y48.208 E.03593
G1 F2508.598
G1 X85.229 Y47.645 E.0219
G1 F2942.895
G1 X85.047 Y47.055 E.02232
G1 F3300.062
G1 X84.919 Y46.498 E.02066
G1 F3550.724
G1 X84.826 Y45.893 E.02213
G1 F3909.155
G1 X84.781 Y45.299 E.02153
G1 F4111.325
G1 X84.783 Y44.668 E.02281
G1 F3571.983
G1 X84.908 Y43.566 E.04009
G1 F3431.64
G1 X85.096 Y42.812 E.02809
G1 F3114.857
G1 X85.281 Y42.254 E.02125
G1 F2419.067
G1 X85.532 Y41.627 E.02442
G1 F1655.565
G1 X85.913 Y40.919 E.02907
G1 X86.792 Y40.453 E.03597
G1 F2508.545
G1 X87.356 Y40.229 E.02194
G1 F2942.772
G1 X87.897 Y40.06 E.02049
G1 F3276.817
G1 X88.5 Y39.92 E.02238
G1 F3552.058
G1 X89.595 Y39.786 E.03988
G1 F4095.057
G1 X90.12 Y39.776 E.01898
G1 F4002.323
G1 X90.681 Y39.805 E.02031
G1 F3696.707
M73 Q10 S2
G1 X91.241 Y39.874 E.0204
G1 F3195.355
G1 X92.254 Y40.104 E.03755
G1 F2755.535
G1 X93.089 Y40.409 E.03214
G1 F2178.097
G1 X93.647 Y40.668 E.02224
G1 F1649.435
G1 X94.084 Y40.915 E.01815
G1 X94.346 Y41.377 E.0192
G1 F2171.487
G1 X94.64 Y42.021 E.02559
G1 F2763.975
G1 X94.839 Y42.572 E.02118
G1 F3158.862
G1 X95.005 Y43.172 E.02251
G1 F3488.868
G1 X95.123 Y43.77 E.02203
G1 F3887.497
G1 X95.195 Y44.364 E.02163
G1 F4181.574
G1 X95.219 Y44.882 E.01875
G1 F4116.91
G1 X95.219 Y45.296 E.01497
G1 F3648.975
G1 X95.117 Y46.292 E.03619
G1 F3530.902
G1 X94.939 Y47.058 E.02843
G1 F3200.484
G1 X94.74 Y47.682 E.02368
G1 F2436.953
G1 X94.467 Y48.372 E.02683
G1 F1647.356
G1 X94.114 Y49.031 E.02703
;LAYER_CHANGE
;Z:1.2
;HEIGHT:0.2
;BEFORE_LAYER_CHANGE
G92 E0.0
;1.2
M201 X3999.83 Y3999.83

G1 E-2.5 F4200
G1 Z1.2 F720
;AFTER_LAYER_CHANGE
;1.2
M74 W0.075259

G1 Z1.2
G1 X94.199 Y49.262 F24000
G1 E2.5 F2400
G1 F1699.038
G1 X93.711 Y49.513 E.01984
G1 F2212.895
G1 X93.246 Y49.711 E.01827
G1 F2608.598
G1 X92.7 Y49.904 E.02093
G1 F2991.185
G1 X92.095 Y50.073 E.02271
G1 F3328.714
G1 X91.491 Y50.197 E.02229
G1 F3575.766
G1 X90.932 Y50.275 E.0204
G1 F3904.003
G1 X90.193 Y50.323 E.02677
G1 F4097.609
G1 X89.627 Y50.317 E.02046
G1 F3903.172
G1 X89.069 Y50.275 E.02023
G1 F3581.766
G1 X88.52 Y50.199 E.02004
G1 F3120.136
G1 X87.504 Y49.966 E.03768
G1 F2909.089
G1 X86.867 Y49.742 E.02441
G1 F2242.267
G1 X86.258 Y49.495 E.02376
G1 F1705.087
G1 X85.76 Y49.242 E.02019
G1 X85.512 Y48.763 E.0195
G1 F2161.318
G1 X85.268 Y48.192 E.02245
G1 F2647.769
G1 X85.104 Y47.714 E.01827
G1 F3055.791
G1 X84.937 Y47.12 E.02231
G1 F3395.52
G1 X84.808 Y46.497 E.023
G1 F3728.44
G1 X84.732 Y45.966 E.01939
G1 F4040.109
G1 X84.686 Y45.325 E.02323
G1 F4244.167
G1 X84.68 Y44.8 E.01898
G1 F3943.725
G1 X84.715 Y44.165 E.02299
G1 F3575.151
G1 X84.801 Y43.519 E.02356
G1 F3101.736
G1 X85.034 Y42.504 E.03765
G1 F2858.928
G1 X85.267 Y41.839 E.02547
G1 F2221.039
G1 X85.505 Y41.259 E.02266
G1 F1705.905
G1 X85.759 Y40.76 E.02024
G1 X86.237 Y40.512 E.01947
G1 F2161.37
G1 X86.806 Y40.269 E.02237
G1 F2647.766
G1 X87.816 Y39.949 E.0383
G1 F3285.859
M73 P10 R2
G1 X88.44 Y39.815 E.02307
G1 F3553.206
G1 X89.2 Y39.722 E.02768
G1 F4326.298
G1 X89.908 Y39.68 E.02564
G1 F4050.916
G1 X90.563 Y39.693 E.02368
G1 F3804.497
G1 X91.121 Y39.747 E.02027
G1 F3283.227
G1 X92.189 Y39.95 E.0393
G1 F2938.837
G1 X92.786 Y40.124 E.02248
G1 F2161.105
G1 X93.765 Y40.513 E.03808
G1 F1713.832
G1 X94.24 Y40.759 E.01934
G1 X94.536 Y41.343 E.02367
G1 F2290.261
G1 X94.738 Y41.83 E.01906
G1 F2712.187
G1 X94.935 Y42.409 E.02211
G1 F3126.808
G1 X95.099 Y43.033 E.02332
G1 F3459.315
G1 X95.22 Y43.675 E.02362
G1 F3855.98
G1 X95.295 Y44.316 E.02333
G1 F4136.178
G1 X95.318 Y44.823 E.01835
G1 F4333.59
G1 X95.319 Y45.14 E.01146
G1 F3959.748
G1 X95.288 Y45.799 E.02385
G1 F3653.836
G1 X95.223 Y46.335 E.01952
G1 F3166.897
G1 X94.998 Y47.384 E.03878
G1 F2862.078
G1 X94.733 Y48.159 E.02961
G1 F2321.638
G1 X94.51 Y48.702 E.02122
G1 F1699.038
G1 X94.247 Y49.23 E.02132
;LAYER_CHANGE
;Z:1.4
;HEIGHT:0.2
;BEFORE_LAYER_CHANGE
G92 E0.0
;1.4
M201 X3999.82 Y3999.82

G1 E-2.5 F4200
G1 Z1.4 F720
;AFTER_LAYER_CHANGE
;1.4
M74 W0.0790664

G1 Z1.4
G1 X94.308 Y49.439 F24000
G1 E2.5 F2400
G1 F1755.373
G1 X93.853 Y49.65 E.01813
G1 F2250.9
G1 X93.346 Y49.846 E.01965
G1 F2672.772
G1 X92.759 Y50.033 E.02227
G1 F3079.978
G1 X92.114 Y50.194 E.02403
G1 F3424.359
G1 X91.286 Y50.336 E.03037
G1 F3912.697
G1 X90.786 Y50.388 E.01817
G1 F4186.921
G1 X90.055 Y50.42 E.02645
G1 F4236.378
G1 X89.495 Y50.407 E.02025
G1 F4031.128
G1 X88.952 Y50.364 E.01969
G1 F3660.424
G1 X88.328 Y50.277 E.02278
G1 F3354.24
G1 X87.758 Y50.165 E.021
G1 F3139.167
G1 X87.26 Y50.035 E.01861
G1 F2701.703
G1 X86.645 Y49.84 E.02332
G1 F2203.499
G1 X86.056 Y49.61 E.02286
G1 F1755.565
G1 X85.603 Y49.398 E.01808
G1 X85.394 Y48.959 E.01758
G1 F2130.706
G1 X85.159 Y48.365 E.02309
G1 F2620.541
G1 X84.96 Y47.745 E.02354
G1 F3031.011
G1 X84.834 Y47.253 E.01836
G1 F3301.33
G1 X84.718 Y46.674 E.02135
G1 F3533.243
G1 X84.631 Y46.048 E.02285
G1 F3863.585
M73 Q11 S2
G1 X84.587 Y45.489 E.02027
G1 F4077.82
G1 X84.577 Y44.811 E.02451
G1 F4016.412
G1 X84.6 Y44.305 E.01831
G1 F3683.746
G1 X84.671 Y43.633 E.02443
G1 F3432.269
G1 X84.77 Y43.045 E.02156
G1 F3065.39
G1 X85.005 Y42.125 E.03433
G1 F2595.356
G1 X85.197 Y41.537 E.02236
G1 F2202.986
G1 X85.387 Y41.064 E.01843
G1 F1761.676
G1 X85.602 Y40.603 E.01839
G1 X86.041 Y40.394 E.01758
G1 F2130.777
G1 X86.636 Y40.159 E.02313
G1 F2620.522
G1 X87.112 Y40.002 E.01812
G1 F2955.795
G1 X87.677 Y39.85 E.02115
G1 F3259.52
G1 X88.327 Y39.718 E.02398
G1 F3533.386
G1 X88.838 Y39.644 E.01867
G1 F3807.478
G1 X89.417 Y39.592 E.02102
G1 F4053.686
G1 X90.024 Y39.575 E.02195
G1 X90.582 Y39.592 E.02018
G1 F3807.388
G1 X91.162 Y39.644 E.02105
G1 F3533.427
G1 X91.673 Y39.718 E.01867
G1 F3259.539
G1 X92.323 Y39.85 E.02398
G1 F2955.814
G1 X92.888 Y40.002 E.02115
G1 F2620.533
G1 X93.364 Y40.159 E.01812
G1 F2189.774
G1 X93.92 Y40.379 E.02162
G1 F1764.103
G1 X94.397 Y40.602 E.01904
G1 X94.65 Y41.148 E.02175
G1 F2251.285
G1 X94.861 Y41.701 E.0214
G1 F2730.782
G1 X95.033 Y42.242 E.02052
G1 F3081.033
G1 X95.194 Y42.886 E.024
G1 F3424.623
G1 X95.312 Y43.531 E.0237
G1 F3738.204
G1 X95.381 Y44.113 E.02119
G1 F4088.253
G1 X95.418 Y44.743 E.02281
G1 F4131.653
G1 X95.424 Y45.15 E.01471
G1 F3968.681
G1 X95.39 Y45.827 E.0245
G1 F3675.978
G1 X95.328 Y46.38 E.02012
G1 F3196.772
G1 X95.114 Y47.466 E.04001
G1 F2687.764
G1 X94.818 Y48.411 E.0358
G1 F2300.897
G1 X94.632 Y48.884 E.01837
G1 F1755.373
G1 X94.398 Y49.397 E.02038
G1 X94.362 Y49.413 E.00142
;LAYER_CHANGE
;Z:1.6
;HEIGHT:0.2
;BEFORE_LAYER_CHANGE
G92 E0.0
;1.6
M201 X3999.81 Y3999.81

G1 E-2.5 F4200
G1 Z1.6 F720
;AFTER_LAYER_CHANGE
;1.6
M74 W0.0829888

G1 Z1.6
G1 X94.403 Y49.616 F24000
G1 E2.5 F2400
G1 F1964.174
G1 X93.867 Y49.836 E.02095
G1 F2397.296
G1 X93.294 Y50.025 E.02181
G1 F2890.254
G1 X92.224 Y50.297 E.03991
G1 F3427.038
G1 X91.585 Y50.407 E.02344
G1 F3739.295
G1 X90.847 Y50.489 E.02684
G1 F4097.005
G1 X90.254 Y50.519 E.02146
G1 F4236.623
G1 X89.607 Y50.514 E.02339
G1 F4055.433
G1 X89.071 Y50.483 E.01941
G1 F3756.896
G1 X88.488 Y50.418 E.02121
G1 F3443.324
G1 X87.872 Y50.317 E.02257
G1 F3198.857
G1 X87.322 Y50.197 E.02035
G1 F2830.177
G1 X86.711 Y50.03 E.0229
G1 F2393.578
G1 X86.017 Y49.788 E.02657
G1 F1780.588
M73 P11 R2
G1 X85.448 Y49.556 E.02221
G1 X85.195 Y48.955 E.02357
G1 F2303.986
G1 X84.916 Y48.115 E.032
G1 F2900.915
G1 X84.749 Y47.462 E.02437
G1 F3254.343
G1 X84.62 Y46.792 E.02467
G1 F3527.191
G1 X84.523 Y46.026 E.02791
G1 F3908.448
G1 X84.48 Y45.329 E.02524
G1 F4111.66
G1 X84.477 Y44.806 E.01891
G1 F3956.703
G1 X84.512 Y44.108 E.02526
G1 F3590.266
G1 X84.589 Y43.417 E.02513
G1 F3349.848
G1 X84.702 Y42.761 E.02406
G1 F3031.501
G1 X84.852 Y42.119 E.02383
G1 F2662.073
G1 X85.026 Y41.527 E.02231
G1 F2278.304
G1 X85.205 Y41.02 E.01944
G1 F1820.837
G1 X85.447 Y40.447 E.02249
G1 X86.045 Y40.195 E.02346
G1 F2303.688
G1 X86.883 Y39.917 E.03192
G1 F2901.235
G1 X87.986 Y39.659 E.04095
G1 F3447.212
G1 X88.662 Y39.556 E.02472
G1 F3742.625
G1 X89.399 Y39.492 E.02674
G1 F4058.232
G1 X90.122 Y39.476 E.02614
G1 F4012.569
G1 X90.751 Y39.501 E.02276
G1 F3741.023
G1 X91.338 Y39.556 E.02131
G1 F3500.671
G1 X91.88 Y39.635 E.0198
G1 F3253.752
G1 X92.462 Y39.749 E.02144
G1 F2993.274
G1 X92.985 Y39.88 E.01949
G1 F2619.006
G1 X93.54 Y40.048 E.02096
G1 F2281.301
G1 X94.055 Y40.237 E.01983
G1 F1805.744
G1 X94.553 Y40.446 E.01952
G1 X94.768 Y40.951 E.01984
G1 F2241.883
G1 X94.967 Y41.513 E.02155
G1 F2703.086
G1 X95.14 Y42.098 E.02205
G1 F3082.197
G1 X95.29 Y42.732 E.02355
G1 F3387.4
G1 X95.392 Y43.31 E.02122
G1 F3619.958
G1 X95.473 Y43.964 E.02382
G1 F4028.882
G1 X95.515 Y44.593 E.02279
G1 F4193.557
G1 X95.522 Y45.112 E.01876
G1 F4077.739
G1 X95.513 Y45.503 E.01414
G1 F3817.662
G1 X95.46 Y46.198 E.0252
G1 F3314.138
G1 X95.279 Y47.328 E.04137
G1 F2704.049
G1 X94.993 Y48.413 E.04056
G1 F2583.696
G1 X94.798 Y48.931 E.02001
G1 F1783.357
G1 X94.556 Y49.552 E.02409
G1 X94.458 Y49.593 E.00384
;LAYER_CHANGE
;Z:1.8
;HEIGHT:0.2
;BEFORE_LAYER_CHANGE
G92 E0.0
;1.8
M201 X3999.8 Y3999.8

G1 E-2.5 F4200
G1 Z1.8 F720
;AFTER_LAYER_CHANGE
;1.8
M74 W0.0870273

G1 Z1.8
G1 X94.704 Y49.712 F24000
G1 E2.5 F2400
G1 F1873.69
G1 X94.247 Y49.889 E.01772
G1 F2244.02
M73 Q12 S2
G1 X93.701 Y50.069 E.02078
G1 F2652.072
G1 X93.098 Y50.237 E.02263
G1 F3034.148
G1 X92.336 Y50.402 E.02819
G1 F3423.041
G1 X91.753 Y50.499 E.02137
G1 F3624.249
G1 X91.071 Y50.575 E.02481
G1 F4020.446
G1 X90.413 Y50.615 E.02383
G1 F4233.896
G1 X89.857 Y50.621 E.0201
G1 F4122.325
G1 X89.256 Y50.6 E.02174
G1 F3877.636
G1 X88.655 Y50.549 E.0218
G1 F3540.426
G1 X87.979 Y50.457 E.02466
G1 F3294.136
G1 X87.4 Y50.351 E.02128
G1 F2956.51
G1 X86.763 Y50.201 E.02366
G1 F2599.766
G1 X86.21 Y50.042 E.0208
G1 F1875.525
G1 X85.293 Y49.711 E.03524
G1 X85.142 Y49.292 E.0161
G1 F2456.361
G1 X84.914 Y48.642 E.0249
G1 F2711.695
G1 X84.734 Y47.978 E.02487
G1 F3102.706
G1 X84.592 Y47.317 E.02444
G1 F3397.98
G1 X84.503 Y46.76 E.02039
G1 F3660.006
G1 X84.425 Y46.083 E.02464
G1 F4026.862
G1 X84.383 Y45.387 E.02521
G1 F4189.521
G1 X84.378 Y44.856 E.0192
G1 F4184.139
G1 X84.402 Y44.254 E.02178
G1 F3833.625
G1 X84.457 Y43.601 E.02369
G1 F3530.911
G1 X84.533 Y43.036 E.02061
G1 F3262.957
G1 X84.655 Y42.372 E.02441
G1 F2917.807
G1 X84.806 Y41.738 E.02356
G1 F2563.202
G1 X84.965 Y41.19 E.02063
G1 F1874.876
G1 X85.289 Y40.293 E.03448
G1 X85.689 Y40.149 E.01537
G1 F2438.59
G1 X86.358 Y39.914 E.02563
G1 F2711.691
G1 X87.024 Y39.734 E.02494
G1 F3105.45
G1 X87.726 Y39.585 E.02594
G1 F3433.456
G1 X88.397 Y39.48 E.02455
G1 F3698.093
G1 X88.903 Y39.426 E.0184
G1 F3971.37
G1 X89.586 Y39.386 E.02473
G1 F4222.703
G1 X90.206 Y39.379 E.02241
G1 F4140.101
G1 X90.821 Y39.406 E.02225
G1 F3884.662
G1 X91.387 Y39.456 E.02054
G1 F3514.326
G1 X92.009 Y39.539 E.02268
G1 F3327.121
G1 X92.571 Y39.644 E.02067
G1 F2996.606
G1 X93.225 Y39.798 E.02429
G1 F2615.827
G1 X93.798 Y39.961 E.02154
G1 F1865.105
G1 X94.709 Y40.29 E.03501
G1 X94.889 Y40.753 E.01796
G1 F2244.053
G1 X95.076 Y41.323 E.02169
G1 F2679.684
G1 X95.258 Y41.994 E.02513
G1 F3114.879
G1 X95.404 Y42.673 E.02511
G1 F3428.674
G1 X95.498 Y43.243 E.02088
G1 F3610.054
G1 X95.57 Y43.859 E.02242
G1 F3969.867
G1 X95.61 Y44.487 E.02275
G1 F4221.257
G1 X95.622 Y45.122 E.02296
G1 F4078.633
G1 X95.614 Y45.519 E.01435
G1 F3823.94
G1 X95.563 Y46.235 E.02595
G1 F3325.079
G1 X95.393 Y47.402 E.04263
G1 F2724.043
G1 X95.122 Y48.529 E.0419
G1 F2261.19
G1 X94.915 Y49.175 E.02452
G1 F1873.69
G1 X94.729 Y49.659 E.01874
;LAYER_CHANGE
;Z:2
;HEIGHT:0.2
;BEFORE_LAYER_CHANGE
G92 E0.0
;2
M201 X3999.79 Y3999.79

G1 E-2.5 F4200
G1 Z2 F720
M73 P12 R2
;AFTER_LAYER_CHANGE
;2
M74 W0.0911834

G1 Z2
G1 X94.865 Y49.865 F24000
G1 E2.5 F2400
G1 F1948.484
G1 X94.284 Y50.066 E.02222
G1 F2353.668
G1 X93.735 Y50.227 E.02068
G1 F2718.647
G1 X93.105 Y50.382 E.02345
G1 F3064.508
G1 X92.613 Y50.482 E.01815
G1 F3293.06
G1 X91.955 Y50.589 E.0241
G1 F3526.55
G1 X91.299 Y50.664 E.02387
G1 F3820
G1 X90.633 Y50.71 E.02413
G1 F4058.628
G3 X89.367 Y50.71 I-.633 J-16.672 E.04578
G1 F3820.012
G1 X88.701 Y50.664 E.02413
G1 F3526.55
G1 X88.045 Y50.589 E.02387
G1 F3293.04
G1 X87.387 Y50.482 E.0241
G1 F3064.516
G1 X86.895 Y50.382 E.01815
G1 F2718.649
G1 X86.265 Y50.227 E.02345
G1 F2353.665
G1 X85.716 Y50.066 E.02068
G1 F1944.381
G1 X85.134 Y49.865 E.02226
G1 X84.955 Y49.35 E.01971
G1 F2301.173
G1 X84.758 Y48.678 E.02532
G1 F2750.132
G1 X84.593 Y47.988 E.02565
G1 F3122.918
G1 X84.39 Y46.795 E.04375
G1 F3574.43
G1 X84.333 Y46.275 E.01891
G1 F3834.651
G1 X84.287 Y45.565 E.02572
G1 F4072.835
G1 X84.275 Y44.979 E.02119
G1 F4070.065
G1 X84.287 Y44.424 E.02007
G1 F3810.469
G1 X84.337 Y43.684 E.02681
G1 F3535.945
G1 X84.406 Y43.084 E.02183
G1 F3286.193
G1 X84.518 Y42.387 E.02552
G1 F2963.28
G1 X84.662 Y41.705 E.0252
G1 F2657.471
G1 X84.806 Y41.149 E.02076
G1 F2350.712
G1 X84.953 Y40.662 E.01839
G1 F1939.248
G1 X85.134 Y40.135 E.02014
G1 X85.65 Y39.955 E.01976
G1 F2301.088
G1 X86.322 Y39.758 E.02532
G1 F2750.142
G1 X87.013 Y39.593 E.02568
G1 F3122.882
G1 X88.205 Y39.39 E.04371
G1 F3574.46
G1 X88.725 Y39.333 E.01891
G1 F3834.883
G1 X89.362 Y39.29 E.02308
G1 F4059.214
G1 X90.007 Y39.275 E.02332
G1 X90.638 Y39.29 E.02282
G1 F3834.878
G1 X91.275 Y39.333 E.02308
G1 F3573.335
G1 X91.797 Y39.39 E.01898
G1 F3330.271
G1 X92.514 Y39.5 E.02622
G1 F2750.017
G1 X93.68 Y39.758 E.04317
G1 F2301.058
G1 X94.35 Y39.955 E.02525
G1 F1944.397
G1 X94.865 Y40.134 E.01971
G1 X95.075 Y40.745 E.02336
G1 F2382.808
G1 X95.246 Y41.342 E.02245
G1 F2795.292
G1 X95.394 Y41.954 E.02276
G1 F3112.93
G1 X95.512 Y42.574 E.02282
G1 F3423.523
G1 X95.614 Y43.265 E.02525
G1 F3713.657
G1 X95.672 Y43.82 E.02017
G1 F3991.041
G1 X95.714 Y44.515 E.02517
G1 F4169.466
G1 X95.723 Y45.098 E.02108
G1 F4079.554
M73 Q13 S2
G1 X95.715 Y45.535 E.0158
G1 F3830.386
G1 X95.667 Y46.273 E.02674
G1 F3343.051
G1 X95.507 Y47.477 E.04391
G1 F2767.517
G1 X95.251 Y48.643 E.04316
G1 F2322.111
G1 X95.056 Y49.314 E.02526
G1 F1948.484
G1 X94.885 Y49.808 E.0189
;LAYER_CHANGE
;Z:2.2
;HEIGHT:0.2
;BEFORE_LAYER_CHANGE
G92 E0.0
;2.2
M201 X3999.78 Y3999.78

G1 E-2.5 F4200
G1 Z2.2 F720
;AFTER_LAYER_CHANGE
;2.2
M74 W0.0954598

G1 Z2.2
G1 X94.995 Y50.029 F24000
G1 E2.5 F2400
G1 F1989.081
G1 X94.474 Y50.193 E.01975
G1 F2354.995
G1 X93.907 Y50.345 E.02122
G1 F2716.418
G1 X93.267 Y50.49 E.02372
G1 F3054.405
G1 X92.559 Y50.619 E.02602
G1 F3355.068
G1 X91.974 Y50.702 E.02136
G1 F3555.728
G1 X91.301 Y50.771 E.02446
G1 F3855.674
G1 X90.652 Y50.811 E.02351
G1 F4062.22
G3 X89.348 Y50.811 I-.652 J-18.839 E.04715
G1 F3855.664
G1 X88.699 Y50.771 E.02351
G1 F3556.12
G1 X88.027 Y50.702 E.02442
G1 F3316.619
G1 X87.309 Y50.597 E.02623
G1 F3005.523
G1 X86.604 Y50.462 E.02595
G1 F2667.515
G1 X85.987 Y50.318 E.0229
G1 F2339.51
G1 X85.458 Y50.172 E.01984
G1 F1981.995
G1 X84.979 Y50.021 E.01816
G1 X84.83 Y49.555 E.01769
G1 F2295.448
G1 X84.643 Y48.86 E.02602
G1 F2741.069
G1 X84.486 Y48.146 E.02643
G1 F3111.665
G1 X84.291 Y46.919 E.04491
G1 F3563.078
G1 X84.229 Y46.312 E.02206
G1 F3851.096
G1 X84.188 Y45.636 E.02448
G1 F4063.688
G3 X84.186 Y44.407 I18.933 J-.64 E.04444
G1 F3825.178
G1 X84.233 Y43.645 E.0276
G1 F3548.655
G1 X84.298 Y43.027 E.02246
G1 F3306.617
G1 X84.403 Y42.309 E.02623
G1 F2993.179
G1 X84.538 Y41.604 E.02595
G1 F2655.329
G1 X84.682 Y40.987 E.0229
G1 F2325.682
G1 X84.828 Y40.458 E.01984
G1 F1981.987
G1 X84.979 Y39.979 E.01816
G1 X85.445 Y39.83 E.01769
G1 F2295.585
G1 X86.14 Y39.643 E.02602
G1 F2741.112
G1 X86.854 Y39.486 E.02643
G1 F3111.756
G1 X88.081 Y39.291 E.04491
G1 F3563.107
M73 P13 R2
G1 X88.689 Y39.229 E.02209
G1 F3850.781
G1 X89.343 Y39.189 E.02369
G1 F4063.125
G1 X90.063 Y39.175 E.02603
G1 F4062.88
G1 X90.657 Y39.189 E.02148
G1 F3932.957
G1 X91.225 Y39.224 E.02057
G1 F3600.371
G1 X91.809 Y39.278 E.0212
G1 F3417.79
G1 X92.483 Y39.37 E.02459
G1 F3173.941
G1 X93.037 Y39.465 E.02032
G1 F2817.366
G1 X93.755 Y39.619 E.02655
G1 F2386.15
G1 X94.453 Y39.802 E.02609
G1 F1989.072
G1 X95.021 Y39.979 E.02151
G1 X95.204 Y40.567 E.02226
G1 F2396.373
G1 X95.384 Y41.267 E.02613
G1 F2865.154
G1 X95.538 Y41.996 E.02694
G1 F3243.852
G1 X95.63 Y42.521 E.01927
G1 F3417.021
G1 X95.73 Y43.279 E.02764
G1 F3720.036
G1 X95.781 Y43.845 E.02054
G1 F3984.269
G1 X95.816 Y44.511 E.02411
G1 F4149.546
G1 X95.823 Y45.085 E.02075
G1 F4082.183
G1 X95.815 Y45.55 E.01681
G1 F3958.531
G1 X95.776 Y46.218 E.02419
G1 F3593.513
G1 X95.722 Y46.809 E.02145
G1 F3414.213
G1 X95.63 Y47.483 E.02459
G1 F3162.522
G1 X95.535 Y48.037 E.02032
G1 F2803.392
G1 X95.381 Y48.755 E.02655
G1 F2369.488
G1 X95.198 Y49.453 E.02609
G1 F1989.081
G1 X95.031 Y49.99 E.02033
;LAYER_CHANGE
;Z:2.4
;HEIGHT:0.2
;BEFORE_LAYER_CHANGE
G92 E0.0
;2.4
M201 X3999.77 Y3999.77

G1 E-2.5 F4200
G1 Z2.4 F720
;AFTER_LAYER_CHANGE
;2.4
M74 W0.0998576

G1 Z2.4
G1 X95.104 Y50.197 F24000
G1 E2.5 F2400
G1 F2053.691
G1 X94.579 Y50.343 E.0197
G1 F2456.122
G1 X93.857 Y50.511 E.0268
G1 F2895.287
G1 X93.109 Y50.654 E.02753
G1 F3264.116
G1 X92.587 Y50.738 E.01911
G1 F3428.674
G1 X91.806 Y50.831 E.02843
G1 F3764.118
G1 X91.248 Y50.88 E.02025
G1 F3954.963
G1 X90.483 Y50.916 E.02769
G1 F4195.903
G1 X89.887 Y50.923 E.02155
G1 F4087.588
G1 X89.229 Y50.907 E.02379
G1 F3860.224
G1 X88.572 Y50.866 E.0238
G1 F3551.85
G1 X87.862 Y50.796 E.02579
G1 F3307.709
G1 X87.162 Y50.701 E.02554
G1 F2997.916
G1 X86.454 Y50.577 E.02598
G1 F2673.275
G1 X85.836 Y50.445 E.02284
G1 F2045.711
G1 X84.823 Y50.177 E.03788
G1 X84.69 Y49.707 E.01766
G1 F2364.495
G1 X84.519 Y49.007 E.02605
G1 F2779.117
G1 X84.368 Y48.251 E.02787
G1 F3153.23
G1 X84.258 Y47.564 E.02515
G1 F3419.466
G1 X84.182 Y46.944 E.02258
G1 F3645.491
G1 X84.117 Y46.195 E.02718
G1 F3991.819
G1 X84.082 Y45.464 E.02646
G1 F4153.008
G1 X84.077 Y44.88 E.02111
G1 F4122.735
G1 X84.091 Y44.286 E.02148
G1 F3839.29
G1 X84.138 Y43.514 E.02796
G1 F3550.66
G1 X84.2 Y42.892 E.0226
G1 F3307.627
G1 X84.299 Y42.162 E.02663
G1 F2997.929
G1 X84.423 Y41.454 E.02598
G1 F2673.364
M73 Q14 S2
G1 X84.555 Y40.836 E.02284
G1 F2045.708
G1 X84.823 Y39.823 E.03788
G1 X85.237 Y39.704 E.01557
G1 F2308.644
G1 X85.956 Y39.527 E.02677
G1 F2745.105
G1 X86.693 Y39.377 E.02719
G1 F3109.971
G1 X87.445 Y39.256 E.02753
G1 F3402.7
G1 X88.138 Y39.171 E.02524
G1 F3613.591
G1 X88.744 Y39.119 E.02199
G1 F3893.522
G1 X89.494 Y39.082 E.02715
G1 F4095
G1 X90.118 Y39.076 E.02256
G1 F4062.22
G1 X90.675 Y39.088 E.02014
G1 F3848.934
G1 X91.349 Y39.126 E.0244
G1 F3599.403
G1 X91.861 Y39.171 E.01858
G1 F3371.029
G1 X92.625 Y39.266 E.02783
G1 F3178.933
G1 X93.126 Y39.345 E.01834
G1 F2828.339
G1 X93.868 Y39.489 E.02732
G1 F2404.642
G1 X94.591 Y39.659 E.02685
G1 F2053.68
G1 X95.177 Y39.823 E.022
G1 X95.343 Y40.421 E.02244
G1 F2456.105
G1 X95.511 Y41.143 E.0268
G1 F2895.325
G1 X95.654 Y41.892 E.02757
G1 F3264.118
G1 X95.738 Y42.413 E.01908
G1 F3428.719
G1 X95.831 Y43.194 E.02843
G1 F3763.521
G1 X95.88 Y43.756 E.02039
G1 F3969.597
G1 X95.916 Y44.49 E.02657
G1 F4145.033
G1 X95.923 Y45.076 E.02119
G1 F4083.195
G1 X95.916 Y45.566 E.01772
G1 F3848.992
G1 X95.874 Y46.349 E.02835
G1 F3599.407
G1 X95.829 Y46.861 E.01858
G1 F3371.026
G1 X95.734 Y47.625 E.02783
G1 F3178.997
G1 X95.655 Y48.126 E.01834
G1 F2828.315
G1 X95.511 Y48.868 E.02732
G1 F2404.638
G1 X95.341 Y49.591 E.02685
G1 F2053.691
G1 X95.177 Y50.177 E.022
G1 X95.162 Y50.181 E.00056
;LAYER_CHANGE
;Z:2.6
;HEIGHT:0.2
;BEFORE_LAYER_CHANGE
G92 E0.0
;2.6
M201 X3999.76 Y3999.76

G1 E-2.5 F4200
G1 Z2.6 F720
;AFTER_LAYER_CHANGE
;2.6
M74 W0.104378

G1 Z2.6
G1 X95.262 Y50.351 F24000
G1 E2.5 F2400
G1 F2122.586
G1 X94.865 Y50.451 E.0148
G1 F2400.488
G1 X94.257 Y50.586 E.02251
G1 F2743.978
G1 X93.598 Y50.711 E.02425
G1 F3056.912
G1 X92.848 Y50.828 E.02744
G1 F3346.741
G1 X92.086 Y50.919 E.02774
G1 F3570.372
M73 P14 R2
G1 X91.375 Y50.978 E.02579
G1 F3869.41
G1 X90.689 Y51.013 E.02483
G1 F4065.459
G1 X90 Y51.025 E.02491
G1 F4063.245
G1 X89.311 Y51.013 E.02491
G1 F3861.336
G1 X88.625 Y50.978 E.02483
G1 F3562.524
G1 X87.914 Y50.919 E.02579
G1 F3332.446
G1 X87.152 Y50.828 E.02774
G1 F3036.608
G1 X86.402 Y50.711 E.02744
G1 F2743.149
G1 X85.769 Y50.591 E.02329
G1 F2502.412
G1 X85.277 Y50.483 E.01821
G1 F2122.604
G1 X84.668 Y50.333 E.02267
G1 X84.517 Y49.73 E.02247
G1 F2479.341
G1 X84.359 Y48.981 E.02767
G1 F2881.17
G1 X84.226 Y48.215 E.02811
G1 F3213.288
G1 X84.152 Y47.699 E.01884
G1 F3395.759
G1 X84.064 Y46.913 E.02859
G1 F3627.074
G1 X84.022 Y46.386 E.01911
G1 F3864.422
G1 X83.983 Y45.581 E.02914
G1 F4075.444
G3 X83.985 Y44.373 I24.448 J-.573 E.04367
G1 F3839.782
G1 X84.025 Y43.569 E.0291
G1 F3562.511
G1 X84.081 Y42.914 E.02376
G1 F3332.487
G1 X84.172 Y42.152 E.02774
G1 F3036.603
G1 X84.289 Y41.402 E.02744
G1 F2743.087
G1 X84.409 Y40.769 E.02329
G1 F2502.387
G1 X84.517 Y40.277 E.01821
G1 F2122.618
G1 X84.667 Y39.668 E.02267
G1 X85.27 Y39.517 E.02247
G1 F2479.335
G1 X86.019 Y39.359 E.02767
G1 F2881.111
G1 X86.785 Y39.226 E.02811
G1 F3213.399
G1 X87.301 Y39.152 E.01884
G1 F3395.709
G1 X88.087 Y39.064 E.02859
G1 F3627.096
G1 X88.614 Y39.022 E.01911
G1 F3864.633
G1 X89.48 Y38.982 E.03134
G1 F4095.984
G1 X90.174 Y38.976 E.02509
G1 F4025.692
G1 X90.867 Y38.994 E.02506
G1 F3742.736
G1 X91.65 Y39.042 E.02836
G1 F3539.345
G1 X92.175 Y39.09 E.01906
G1 F3292.517
G1 X92.959 Y39.187 E.02856
G1 F3090.212
G1 X93.472 Y39.267 E.01877
G1 F2729.984
G1 X94.233 Y39.409 E.02799
G1 F2452.2
G1 X94.729 Y39.517 E.01835
G1 F2122.644
G1 X95.333 Y39.668 E.02251
G1 X95.484 Y40.28 E.02279
G1 F2522.999
G1 X95.595 Y40.786 E.01873
G1 F2776.179
G1 X95.737 Y41.566 E.02866
G1 F3174.927
G1 X95.835 Y42.214 E.02369
G1 F3388.178
G1 X95.925 Y42.985 E.02806
G1 F3619.86
G1 X95.979 Y43.653 E.02423
G1 F3947.393
G1 X96.017 Y44.469 E.02953
G1 F4137.593
G1 X96.024 Y45.067 E.02162
G1 F4084.583
G1 X96.017 Y45.581 E.01858
G1 F3855.916
G1 X95.978 Y46.386 E.02914
G1 F3612.005
G1 X95.936 Y46.913 E.01911
G1 F3382.663
G1 X95.848 Y47.699 E.02859
G1 F3195.373
G1 X95.774 Y48.215 E.01884
G1 F2858.133
G1 X95.641 Y48.981 E.02811
G1 F2452.083
G1 X95.483 Y49.73 E.02767
G1 F2122.586
G1 X95.332 Y50.333 E.02247
G1 X95.32 Y50.336 E.00045
;LAYER_CHANGE
;Z:2.8
;HEIGHT:0.2
;BEFORE_LAYER_CHANGE
G92 E0.0
;2.8
M201 X3999.75 Y3999.75

G1 E-2.5 F4200
G1 Z2.8 F720
;AFTER_LAYER_CHANGE
;2.8
M74 W0.109022

G1 Z2.8
G1 X95.419 Y50.503 F24000
G1 E2.5 F2400
G1 F2182.764
M73 Q15 S2
G1 X94.858 Y50.628 E.02078
G1 F2512.309
G1 X94.228 Y50.749 E.02319
G1 F2836.82
G1 X93.515 Y50.864 E.02611
G1 F3141.317
G1 X92.739 Y50.966 E.02829
G1 F3410.146
G1 X92.143 Y51.027 E.02166
G1 F3576.8
G1 X91.412 Y51.082 E.0265
G1 F3875.973
G1 X90.707 Y51.114 E.02551
G1 F4066.963
G3 X89.293 Y51.114 I-.707 J-27.809 E.05112
G1 F3875.968
G1 X88.588 Y51.082 E.02551
G1 F3577.122
G1 X87.858 Y51.027 E.02646
G1 F3359.318
G1 X87.074 Y50.943 E.0285
G1 F3077.021
G1 X86.301 Y50.836 E.02821
G1 F2772.375
G1 X85.621 Y50.721 E.02493
G1 F2446.095
G1 X85.002 Y50.599 E.02281
G1 F2176.117
G1 X84.512 Y50.488 E.01816
G1 X84.389 Y49.94 E.0203
G1 F2461.864
G1 X84.241 Y49.168 E.02842
G1 F2861.153
G1 X84.116 Y48.38 E.02884
G1 F3192.896
G1 X84.047 Y47.849 E.01936
G1 F3376.004
G1 X83.964 Y47.041 E.02936
G1 F3595.026
G1 X83.918 Y46.423 E.0224
G1 F3871.763
G1 X83.884 Y45.656 E.02775
G1 F4073.428
G3 X83.884 Y44.356 I27.917 J-.656 E.047
G1 F3855.984
G1 X83.922 Y43.531 E.02986
G1 F3577.242
G1 X83.973 Y42.858 E.0244
G1 F3359.293
G1 X84.057 Y42.074 E.0285
G1 F3077.065
G1 X84.164 Y41.301 E.02821
G1 F2772.379
G1 X84.279 Y40.621 E.02493
G1 F2446.221
G1 X84.401 Y40.002 E.02281
G1 F2176.097
G1 X84.512 Y39.512 E.01816
G1 X85.06 Y39.389 E.0203
G1 F2461.734
G1 X85.832 Y39.241 E.02842
G1 F2861.16
G1 X86.62 Y39.116 E.02884
G1 F3192.922
G1 X87.151 Y39.047 E.01936
G1 F3376.127
G1 X87.959 Y38.964 E.02936
G1 F3594.967
G1 X88.577 Y38.918 E.0224
G1 F3871.873
G1 X89.288 Y38.886 E.02573
G1 F4067.672
G1 X90.06 Y38.875 E.02791
G1 X90.712 Y38.886 E.02357
G1 F3871.438
G1 X91.423 Y38.918 E.02573
G1 F3640.17
G1 X91.964 Y38.957 E.01961
G1 F3407.13
G1 X92.773 Y39.038 E.02939
G1 F3229.438
G1 X93.304 Y39.106 E.01935
G1 F2905.926
G1 X94.094 Y39.228 E.0289
G1 F2514.756
G1 X94.868 Y39.374 E.02847
G1 F2182.756
G1 X95.488 Y39.512 E.02296
G1 X95.631 Y40.157 E.02388
G1 F2523.616
G1 X95.773 Y40.924 E.0282
G1 F2943.885
M73 P15 R2
G1 X95.896 Y41.724 E.02926
G1 F3281.018
G1 X95.972 Y42.319 E.02168
G1 F3445.05
G1 X96.048 Y43.111 E.02876
G1 F3702.587
G1 X96.09 Y43.747 E.02304
G1 F3968.026
G1 X96.117 Y44.434 E.02485
G1 F4122.421
G1 X96.124 Y45.059 E.0226
G1 F4086.898
G1 X96.117 Y45.597 E.01945
G1 F3871.709
G1 X96.082 Y46.423 E.02989
G1 F3640.132
G1 X96.043 Y46.964 E.01961
G1 F3407.018
G1 X95.962 Y47.773 E.02939
G1 F3229.356
G1 X95.894 Y48.304 E.01935
G1 F2905.875
G1 X95.772 Y49.094 E.0289
G1 F2514.748
G1 X95.626 Y49.868 E.02847
G1 F2182.764
G1 X95.488 Y50.488 E.02296
G1 X95.477 Y50.49 E.0004
;LAYER_CHANGE
;Z:3
;HEIGHT:0.2
;BEFORE_LAYER_CHANGE
G92 E0.0
;3
M201 X3999.74 Y3999.74

G1 E-2.5 F4200
G1 Z3 F720
;AFTER_LAYER_CHANGE
;3
M74 W0.113791

G1 Z3
G1 X95.576 Y50.657 F24000
G1 E2.5 F2400
G1 F2230.003
G1 X95.056 Y50.76 E.01916
G1 F2529.003
G1 X94.406 Y50.871 E.02384
G1 F2844.953
G1 X93.685 Y50.977 E.02634
G1 F3141.364
G1 X92.887 Y51.072 E.02905
G1 F3406.813
G1 X92.081 Y51.145 E.02926
G1 F3621.8
G1 X91.449 Y51.186 E.0229
G1 F3889.721
G1 X90.725 Y51.215 E.02619
G1 F4068.652
G3 X89.275 Y51.215 I-.725 J-32.003 E.05242
G1 F3882.663
G1 X88.552 Y51.186 E.02616
G1 F3583.826
G1 X87.802 Y51.135 E.02718
G1 F3371.727
G1 X86.997 Y51.059 E.02923
G1 F3096.865
G1 X86.2 Y50.961 E.02903
G1 F2801.433
G1 X85.501 Y50.856 E.02555
G1 F2223.973
G1 X84.356 Y50.642 E.04211
G1 X84.258 Y50.155 E.01796
G1 F2472.092
G1 X84.121 Y49.359 E.0292
G1 F2864.573
G1 X83.94 Y48 E.04956
G1 F3373.846
G1 X83.862 Y47.173 E.03003
G1 F3590.006
G1 X83.815 Y46.459 E.02587
G1 F3886.506
G1 X83.785 Y45.732 E.0263
G1 F4068.249
G3 X83.783 Y44.34 I32.268 J-.738 E.05033
G1 F3862.944
G1 X83.818 Y43.493 E.03065
G1 F3583.797
G1 X83.865 Y42.802 E.02504
G1 F3371.726
G1 X83.941 Y41.997 E.02923
G1 F3096.816
G1 X84.039 Y41.2 E.02903
G1 F2801.382
G1 X84.144 Y40.501 E.02555
G1 F2223.969
G1 X84.358 Y39.356 E.04211
G1 X84.845 Y39.258 E.01796
G1 F2472.164
G1 X85.642 Y39.121 E.02923
G1 F2864.857
G1 X86.452 Y39.005 E.02958
G1 F3191.747
G1 X87.274 Y38.911 E.02991
G1 F3452.806
G1 X87.984 Y38.85 E.02576
G1 F3666.772
G1 X88.699 Y38.807 E.02589
G1 F3927.413
G1 X89.452 Y38.781 E.02724
G1 F4098.391
G1 X90.12 Y38.775 E.02415
G1 F4069.133
G1 X90.73 Y38.785 E.02205
G1 F3878.381
G1 X91.46 Y38.815 E.02641
G1 F3653.065
G1 X92.016 Y38.85 E.02014
G1 F3419.307
G1 X92.845 Y38.924 E.03009
G1 F2930.051
G1 X94.208 Y39.098 E.04967
G1 F2549.871
M73 Q16 S2
G1 X95.005 Y39.231 E.02921
G1 F2229.994
G1 X95.644 Y39.357 E.02354
G1 X95.77 Y40.004 E.02383
G1 F2571.902
G1 X95.901 Y40.793 E.02891
G1 F2969.017
G1 X95.981 Y41.351 E.02038
G1 F3163.838
G1 X96.081 Y42.219 E.03159
G1 F3465.883
G1 X96.152 Y43.038 E.02972
G1 F3737.077
G1 X96.19 Y43.649 E.02213
G1 F3952.584
G1 X96.218 Y44.413 E.02764
G1 F4119.499
G1 X96.224 Y45.05 E.02303
G1 F4087.914
G1 X96.218 Y45.612 E.02032
G1 F3878.126
G1 X96.185 Y46.46 E.03068
G1 F3653.094
G1 X96.15 Y47.016 E.02014
G1 F3419.374
G1 X96.076 Y47.845 E.03009
G1 F2930.008
G1 X95.902 Y49.208 E.04967
G1 F2549.862
G1 X95.769 Y50.005 E.02921
G1 F2230.003
G1 X95.643 Y50.644 E.02354
G1 X95.635 Y50.645 E.00029
;LAYER_CHANGE
;Z:3.2
;HEIGHT:0.2
;BEFORE_LAYER_CHANGE
G92 E0.0
;3.2
M201 X3999.73 Y3999.73

G1 E-2.5 F4200
G1 Z3.2 F720
;AFTER_LAYER_CHANGE
;3.2
M74 W0.118687

G1 Z3.2
G1 X95.799 Y50.797 F24000
G1 E2.5 F2400
G1 F2305.591
G1 X94.586 Y50.996 E.04444
G1 F2863.049
G1 X93.857 Y51.091 E.02658
G1 F3144.546
G1 X93.038 Y51.179 E.02978
G1 F3404.247
G1 X92.211 Y51.247 E.03
G1 F3611.389
G1 X91.485 Y51.289 E.02629
G1 F3896.522
G1 X90.743 Y51.316 E.02684
G1 F4070.247
G3 X89.257 Y51.316 I-.743 J-37.126 E.05372
G1 F3889.185
G1 X88.515 Y51.289 E.02684
G1 F3610.109
G1 X87.789 Y51.247 E.02629
G1 F3399.864
G1 X86.962 Y51.179 E.03
G1 F3134.462
G1 X86.143 Y51.091 E.02978
G1 F2844.688
M73 P16 R2
G1 X85.414 Y50.996 E.02658
G1 F2330.578
G1 X84.203 Y50.798 E.04436
G1 X83.999 Y49.551 E.04568
G1 F2875.455
G1 X83.892 Y48.719 E.03032
G1 F3192.826
G1 X83.806 Y47.875 E.03067
G1 F3449.071
G1 X83.709 Y46.461 E.05124
G1 F3905.968
G1 X83.681 Y45.627 E.03017
G1 F4081.066
G1 X83.683 Y44.323 E.04714
G1 F3869.965
G1 X83.713 Y43.455 E.0314
G1 F3590.354
G1 X83.756 Y42.746 E.02568
G1 F3384.021
G1 X83.825 Y41.919 E.03
G1 F3116.538
G1 X83.914 Y41.1 E.02978
G1 F2829.223
G1 X84.01 Y40.379 E.02629
G1 F2329.659
G1 X84.202 Y39.203 E.04308
G1 X85.449 Y38.999 E.04568
G1 F2875.468
G1 X86.281 Y38.892 E.03032
G1 F3192.805
G1 X87.125 Y38.806 E.03067
G1 F3449.144
G1 X88.564 Y38.708 E.05214
G1 F3914.076
G1 X89.438 Y38.68 E.03161
G1 F4099.205
G1 X90.18 Y38.676 E.02682
G1 F4036.216
G1 X90.936 Y38.689 E.02733
G1 F3810.215
G1 X91.736 Y38.723 E.02895
G1 F3366.3
G1 X93.157 Y38.832 E.05152
G1 F2859.421
G1 X94.552 Y38.999 E.05079
G1 F2330.53
G1 X95.798 Y39.203 E.04564
G1 X95.992 Y40.388 E.04341
G1 F2864.949
G1 X96.003 Y40.466 E.00285
G1 F2890.462
G1 X96.094 Y41.172 E.02573
G1 F3160.387
G1 X96.183 Y42.005 E.03028
G1 F3426.154
G1 X96.25 Y42.839 E.03025
G1 F3656.316
G1 X96.29 Y43.548 E.02567
G1 F3937.99
G1 X96.318 Y44.391 E.03049
G1 F4116.685
G1 X96.324 Y45.042 E.02353
G1 F4089.014
G1 X96.319 Y45.627 E.02115
G1 F3887.092
G1 X96.289 Y46.495 E.0314
G1 F3430.126
G1 X96.19 Y47.919 E.0516
G1 F2954.26
G1 X96.032 Y49.32 E.05097
G1 F2584.479
G1 X95.912 Y50.143 E.03007
G1 F2305.591
G1 X95.809 Y50.738 E.02183
;LAYER_CHANGE
;Z:3.4
;HEIGHT:0.2
;BEFORE_LAYER_CHANGE
G92 E0.0
;3.4
M201 X3999.72 Y3999.72

G1 E-2.5 F4200
G1 Z3.4 F720
;AFTER_LAYER_CHANGE
;3.4
M74 W0.123708

G1 Z3.4
G1 X95.956 Y50.942 F24000
G1 E2.5 F2400
G1 F2366.02
G1 X95.954 Y50.954 E.00044
G1 X95.233 Y51.062 E.02636
G1 F2673.89
G1 X94.54 Y51.15 E.02525
G1 F2960.251
G1 X93.755 Y51.236 E.02855
G1 F3232.342
G1 X92.912 Y51.31 E.03059
G1 F3468.719
G1 X91.522 Y51.393 E.05034
G1 F3904.152
M73 Q17 S2
G1 X90 Y51.425 E.05503
G1 F3903.05
G1 X88.478 Y51.393 E.05503
G1 F3608.988
G1 X87.69 Y51.352 E.02853
G1 F3409.421
G1 X86.842 Y51.29 E.03074
G1 F2884.907
G1 X85.256 Y51.125 E.05764
G1 F2365.269
G1 X84.046 Y50.953 E.04418
G1 X83.95 Y50.315 E.02332
G1 F2634.428
G1 X83.841 Y49.467 E.03091
G1 F2985.842
G1 X83.699 Y48.028 E.05227
G1 F3440.171
G1 X83.607 Y46.532 E.05418
G1 F3900.417
G1 X83.581 Y45.67 E.03118
G1 F4082.677
G1 X83.582 Y44.307 E.04927
G1 F3877.121
G1 X83.609 Y43.417 E.03219
G1 F3597.556
G1 X83.648 Y42.69 E.02632
G1 F3400.901
G1 X83.71 Y41.842 E.03074
G1 F2874.736
G1 X83.875 Y40.256 E.05764
G1 F2365.298
G1 X84.047 Y39.046 E.04418
G1 X84.685 Y38.95 E.02332
G1 F2634.419
G1 X85.533 Y38.841 E.03091
G1 F2985.901
G1 X86.972 Y38.699 E.05227
G1 F3440.139
G1 X88.468 Y38.607 E.05418
G1 F3900.451
G1 X89.233 Y38.583 E.02767
G1 F4074.31
G1 X90.055 Y38.575 E.02972
G1 F3900.837
G1 X91.533 Y38.607 E.05344
G1 F3452.464
G1 X92.992 Y38.696 E.05284
G1 F3003.69
G1 X94.432 Y38.837 E.05231
G1 F2655.263
G1 X95.28 Y38.945 E.0309
G1 F2368.011
G1 X95.953 Y39.046 E.0246
G1 X96.122 Y40.228 E.04316
G1 F2869.645
M73 P17 R2
G1 X96.282 Y41.755 E.0555
G1 F3402.927
G1 X96.304 Y42.027 E.00987
G1 F3487.731
G1 X96.353 Y42.699 E.02436
G1 F3626.277
G1 X96.393 Y43.515 E.02953
G1 F3967.617
G1 X96.418 Y44.342 E.02991
G1 F4112.91
G1 X96.424 Y45.035 E.02505
G1 F4090.069
G1 X96.419 Y45.643 E.02198
G1 F3893.257
G1 X96.393 Y46.532 E.03215
G1 F3444.285
G1 X96.304 Y47.992 E.05288
G1 F2991.866
G1 X96.163 Y49.432 E.05231
G1 F2641.334
G1 X96.055 Y50.28 E.0309
G1 F2366.02
G1 X95.965 Y50.882 E.022
;LAYER_CHANGE
;Z:3.6
;HEIGHT:0.2
;BEFORE_LAYER_CHANGE
G92 E0.0
;3.6
M201 X3999.7 Y3999.7

G1 E-2.5 F4200
G1 Z3.6 F720
;AFTER_LAYER_CHANGE
;3.6
M74 W0.128858

G1 Z3.6
G1 X96.045 Y51.116 F24000
G1 E2.5 F2400
G1 F2420.737
G1 X94.722 Y51.276 E.04818
G1 F2958.678
G1 X93.064 Y51.419 E.06016
G1 F3458.402
G1 X91.558 Y51.497 E.05452
G1 F3916.488
G1 X90 Y51.525 E.05633
G1 F3910.307
G1 X88.442 Y51.497 E.05633
G1 F3420.947
G1 X86.764 Y51.406 E.06075
G1 F2911.308
G1 X85.135 Y51.26 E.05913
G1 F2417.005
G1 X83.892 Y51.109 E.04527
G1 X83.718 Y49.661 E.05272
G1 F2978.288
G1 X83.59 Y48.186 E.05352
G1 F3428.59
G1 X83.503 Y46.57 E.0585
G1 F3913.947
G1 X83.475 Y44.974 E.05771
G1 F3892.616
G1 X83.505 Y43.379 E.05767
G1 F3421.035
G1 X83.594 Y41.764 E.05847
G1 F2911.287
G1 X83.74 Y40.135 E.05913
G1 F2417.032
G1 X83.891 Y38.892 E.04527
G1 X85.339 Y38.718 E.05272
G1 F2978.256
G1 X86.814 Y38.59 E.05352
G1 F3428.613
G1 X88.431 Y38.503 E.05854
G1 F3913.559
G1 X89.332 Y38.48 E.03258
G1 F4089.59
G1 X90.12 Y38.475 E.02849
G1 F3906.954
G1 X91.569 Y38.503 E.05239
G1 F3462.808
G1 X93.065 Y38.582 E.05416
G1 F3027.442
G1 X94.543 Y38.706 E.05362
G1 F2420.782
M73 Q18 S2
G1 X96.108 Y38.892 E.05697
G1 X96.276 Y40.278 E.05047
G1 F2958.677
G1 X96.419 Y41.936 E.06016
G1 F3458.334
G1 X96.491 Y43.351 E.05122
G1 F3990.558
G1 X96.501 Y43.602 E.00908
G1 F4012.386
G1 X96.525 Y44.974 E.04961
G1 F3907.082
G1 X96.497 Y46.57 E.05771
G1 F3462.807
G1 X96.418 Y48.065 E.05412
G1 F3027.421
G1 X96.294 Y49.543 E.05362
G1 F2420.737
G1 X96.108 Y51.108 E.05697
G1 X96.105 Y51.109 E.00011
;LAYER_CHANGE
;Z:3.8
;HEIGHT:0.2
;BEFORE_LAYER_CHANGE
G92 E0.0
;3.8
M201 X3999.69 Y3999.69

G1 E-2.5 F4200
G1 Z3.8 F720
;AFTER_LAYER_CHANGE
;3.8
M74 W0.134136

G1 Z3.8
G1 X96.264 Y51.264 F24000
G1 E2.5 F2400
G1 F2483.46
G1 X94.908 Y51.403 E.04928
G1 F2970.721
G1 X93.22 Y51.528 E.06119
G1 F3455.468
M73 P18 R2
G1 X91.51 Y51.603 E.06188
G1 F3930.045
G3 X88.49 Y51.603 I-1.51 J-63.389 E.10918
G1 F3451.461
G1 X86.78 Y51.528 E.06188
G1 F2963.564
G1 X85.092 Y51.403 E.06119
G1 F2483.214
G1 X83.736 Y51.264 E.04928
G1 X83.593 Y49.861 E.05098
G1 F2983.214
G1 X83.462 Y48.042 E.06593
G1 F3495.651
G1 X83.397 Y46.533 E.0546
G1 F3934.378
G1 X83.375 Y44.974 E.05636
G1 F3899.013
G1 X83.401 Y43.341 E.05904
G1 F3432.191
G1 X83.478 Y41.686 E.05989
G1 F2937.153
G1 X83.605 Y40.015 E.06058
G1 F2482.166
G1 X83.736 Y38.736 E.04648
G1 X85.139 Y38.593 E.05098
G1 F2983.217
G1 X86.958 Y38.462 E.06593
G1 F3495.721
G1 X88.521 Y38.396 E.05655
G1 F3945.1
G1 X90.186 Y38.375 E.0602
G1 F3841.956
G1 X91.816 Y38.406 E.05894
G1 F3421.457
G1 X93.347 Y38.48 E.05541
G1 F2980.735
G1 X94.861 Y38.593 E.05488
G1 F2483.227
G1 X96.264 Y38.736 E.05098
G1 X96.403 Y40.092 E.04928
G1 F2970.732
G1 X96.528 Y41.78 E.06119
G1 F3455.388
G1 X96.588 Y43.125 E.04867
G1 F3987.068
G1 X96.602 Y43.49 E.0132
G1 X96.625 Y44.974 E.05365
G1 F3912.846
G1 X96.6 Y46.606 E.059
G1 F3472.955
G1 X96.532 Y48.139 E.05547
G1 F3050.026
G1 X96.424 Y49.655 E.05494
G1 F2483.46
G1 X96.27 Y51.204 E.05627
;LAYER_CHANGE
;Z:4
;HEIGHT:0.2
;BEFORE_LAYER_CHANGE
G92 E0.0
;4
M201 X3999.68 Y3999.68

G1 E-2.5 F4200
G1 Z4 F720
;AFTER_LAYER_CHANGE
;4
M74 W0.139544

G1 Z4
G1 X96.409 Y51.42 F24000
G1 E2.5 F2400
G1 F2543.999
G1 X95.096 Y51.531 E.04763
G1 F2989.751
M73 Q19 S2
G1 X93.379 Y51.638 E.06219
G1 F3456.193
G1 X91.62 Y51.705 E.06363
G1 F3930.696
G3 X88.38 Y51.705 I-1.62 J-78.167 E.11714
G1 F3456.186
G1 X86.621 Y51.638 E.06363
G1 F2989.778
G1 X84.904 Y51.531 E.06219
G1 F2544.023
G1 X83.581 Y51.42 E.048
G1 X83.444 Y49.754 E.06043
G1 F3096.174
G1 X83.353 Y48.199 E.05631
G1 F3494.829
G1 X83.296 Y46.633 E.05665
G1 F3927.692
G1 X83.275 Y44.973 E.06001
G1 F3905.337
G1 X83.297 Y43.303 E.06038
G1 F3443.429
G1 X83.362 Y41.609 E.06128
G1 F2970
G1 X83.469 Y39.894 E.06212
G1 F2544.007
G1 X83.58 Y38.581 E.04763
G1 X85.246 Y38.444 E.06043
G1 F3096.256
G1 X86.801 Y38.353 E.05631
G1 F3494.811
M73 P19 R2
G1 X88.373 Y38.295 E.05687
G1 F3930.079
G1 X90.052 Y38.275 E.0607
G1 X91.627 Y38.295 E.05694
G1 F3494.815
G1 X93.199 Y38.353 E.05687
G1 F3096.253
G1 X94.754 Y38.444 E.05631
G1 F2544.027
G1 X96.42 Y38.581 E.06043
G1 X96.531 Y39.904 E.048
G1 F2989.677
G1 X96.638 Y41.621 E.06219
G1 F3456.174
G1 X96.703 Y43.313 E.06121
G1 F3913.758
G1 X96.723 Y44.862 E.056
G1 F4173.491
G1 X96.724 Y45.059 E.00712
G1 F3919.242
G1 X96.704 Y46.643 E.05727
G1 F3483.064
G1 X96.647 Y48.211 E.05672
G1 F3073.139
G1 X96.555 Y49.767 E.05635
G1 F2543.999
G1 X96.423 Y51.37 E.05815
;LAYER_CHANGE
;Z:4.2
;HEIGHT:0.2
;BEFORE_LAYER_CHANGE
G92 E0.0
;4.2
M201 X3999.67 Y3999.67

G1 E-2.5 F4200
G1 Z4.2 F720
;AFTER_LAYER_CHANGE
;4.2
M74 W0.145083

G1 Z4.2
G1 X96.575 Y51.575 F24000
G1 E2.5 F2400
G1 F2559.881
G1 X95.031 Y51.678 E.05594
G1 F3064.565
G1 X93.232 Y51.763 E.06511
G1 F3506.572
G1 X91.734 Y51.807 E.05418
G1 F3910.072
G1 X90 Y51.825 E.06269
G1 F3934.137
G1 X88.333 Y51.808 E.06027
G1 F3465.779
G1 X86.532 Y51.753 E.06514
G1 F3013.464
G1 X84.774 Y51.666 E.06363
G1 F2557.148
G1 X83.425 Y51.575 E.04888
G1 X83.318 Y49.955 E.05869
G1 F3084.336
G1 X83.242 Y48.362 E.05765
G1 F3480.617
G1 X83.194 Y46.758 E.05801
G1 F3903.309
G3 X83.193 Y43.266 I100.499 J-1.754 E.12624
G1 F3463.902
G1 X83.247 Y41.532 E.06272
G1 F3011.089
G1 X83.334 Y39.774 E.06363
G1 F2557.141
G1 X83.425 Y38.425 E.04888
G1 X85.045 Y38.318 E.05869
G1 F3084.226
M73 Q20 S2
G1 X86.638 Y38.242 E.05765
G1 F3480.695
G1 X88.242 Y38.194 E.05801
G1 F3903.354
G1 X90.121 Y38.175 E.06793
G1 F3931.558
G1 X91.679 Y38.192 E.05633
G1 F3503.142
G1 X93.284 Y38.239 E.05805
G1 F3116.385
G1 X94.878 Y38.314 E.05769
G1 F2559.883
G1 X96.575 Y38.425 E.06148
G1 X96.678 Y39.969 E.05594
G1 F3064.657
G1 X96.763 Y41.768 E.06511
G1 F3506.526
G1 X96.806 Y43.278 E.05461
G1 F3979.857
G1 X96.811 Y43.5 E.00803
G1 F3985.602
G1 X96.825 Y44.972 E.05322
G1 F3929.145
G1 X96.808 Y46.679 E.06171
G1 F3501.347
G1 X96.761 Y48.284 E.05805
G1 F3113.74
G1 X96.686 Y49.878 E.05769
G1 F2559.881
G1 X96.579 Y51.515 E.0593
;LAYER_CHANGE
;Z:4.4
;HEIGHT:0.2
;BEFORE_LAYER_CHANGE
G92 E0.0
;4.4
M201 X3999.65 Y3999.65

G1 E-2.5 F4200
M73 P20 R2
G1 Z4.4 F720
;AFTER_LAYER_CHANGE
;4.4
M74 W0.150753

G1 Z4.4
G1 X96.706 Y51.732 F24000
G1 E2.5 F2400
G1 F2619.241
G1 X95.221 Y51.807 E.05375
G1 F3069.277
G1 X93.394 Y51.874 E.06609
G1 F3501.88
G1 X91.568 Y51.914 E.06603
G1 F3954.705
G3 X88.432 Y51.914 I-1.568 J-135.253 E.11337
G1 F3491.513
G1 X86.606 Y51.874 E.06603
G1 F3066.296
G1 X84.779 Y51.807 E.06609
G1 F2619.149
G1 X83.269 Y51.731 E.05466
G1 X83.19 Y50.16 E.05686
G1 F3084.726
G1 X83.13 Y48.529 E.059
G1 F3475.768
G1 X83.091 Y46.888 E.05934
G1 F3890.897
G1 X83.075 Y44.972 E.06927
G1 F3924.348
G1 X83.089 Y43.228 E.06305
G1 F3476.298
G1 X83.131 Y41.455 E.06411
G1 F3037.308
G1 X83.199 Y39.653 E.06519
G1 F2618.754
G1 X83.269 Y38.269 E.0501
G1 X84.84 Y38.19 E.05686
G1 F3084.764
G1 X86.799 Y38.12 E.07086
G1 F3537.605
G1 X88.488 Y38.085 E.06107
G1 F3972.9
G1 X90.19 Y38.075 E.06153
G1 F3877.302
G1 X91.888 Y38.091 E.06139
G1 F3464.752
G1 X93.529 Y38.13 E.05934
G1 F3075.825
G1 X95.16 Y38.19 E.059
G1 F2619.154
G1 X96.731 Y38.269 E.05686
G1 X96.807 Y39.779 E.05466
G1 F3069.233
G1 X96.874 Y41.606 E.06609
G1 F3501.827
G1 X96.907 Y43.082 E.05337
G1 F3954.806
G1 X96.913 Y43.385 E.01096
G1 F3968.395
G1 X96.925 Y44.972 E.05737
G1 F3937.327
G1 X96.912 Y46.716 E.06305
G1 F3512.602
G1 X96.875 Y48.357 E.05934
G1 F3137.353
G1 X96.817 Y49.99 E.05907
G1 F2619.241
G1 X96.732 Y51.695 E.06171
;LAYER_CHANGE
;Z:4.6
;HEIGHT:0.2
;BEFORE_LAYER_CHANGE
G92 E0.0
;4.6
M201 X3999.64 Y3999.64

G1 E-2.5 F4200
M73 Q21 S2
G1 Z4.6 F720
;AFTER_LAYER_CHANGE
;4.6
M74 W0.156556

G1 Z4.6
G1 X96.869 Y51.887 F24000
G1 E2.5 F2400
G1 F2679.026
G1 X95.306 Y51.943 E.05654
G1 F3097.514
G1 X93.429 Y51.99 E.06788
G1 F3516.013
G1 X91.567 Y52.018 E.06732
G1 F3973.778
G1 X88.433 Y52.018 E.1133
G1 F3516.014
G1 X86.571 Y51.99 E.06732
G1 F3097.514
G1 X84.694 Y51.943 E.06788
G1 F2674.504
G1 X83.114 Y51.886 E.05715
G1 X83.065 Y50.571 E.04757
M73 P21 R2
G1 F3022.731
G1 X83.012 Y48.566 E.07251
G1 F3491.289
G1 X82.985 Y46.889 E.06063
G1 F3904.433
G1 X82.975 Y44.971 E.06934
G1 F3930.093
G1 X82.985 Y43.19 E.06439
G1 F3486.794
G1 X83.015 Y41.378 E.06551
G1 F2680.342
G1 X83.115 Y38.114 E.11805
G1 X84.631 Y38.06 E.05484
G1 F3095.392
G1 X86.636 Y38.009 E.07251
G1 F3534.45
G1 X88.334 Y37.983 E.06139
G1 F3960.682
G3 X91.666 Y37.983 I1.666 J199.1 E.12045
G1 F3534.451
G1 X93.364 Y38.009 E.06139
G1 F3095.395
G1 X95.369 Y38.06 E.07251
G1 F2678.876
G1 X96.886 Y38.114 E.05488
G1 X96.943 Y39.694 E.05715
G1 F3097.509
G1 X96.99 Y41.571 E.06788
G1 F3515.991
G1 X97.016 Y43.309 E.06284
G1 F3954.473
G1 X97.017 Y43.368 E.00213
G1 F3966.624
G1 X97.025 Y44.971 E.05795
G1 F3942.952
G1 X97.016 Y46.752 E.06438
G1 F3521.947
G1 X96.989 Y48.43 E.06067
G1 F3157.715
G1 X96.948 Y50.101 E.06043
G1 F2679.026
G1 X96.887 Y51.843 E.06301
;LAYER_CHANGE
;Z:4.8
;HEIGHT:0.2
;BEFORE_LAYER_CHANGE
G92 E0.0
;4.8
M201 X3999.63 Y3999.63

G1 E-2.5 F4200
G1 Z4.8 F720
;AFTER_LAYER_CHANGE
;4.8
M74 W0.162491

G1 Z4.8
G1 X97.041 Y52.041 F24000
G1 E2.5 F2400
G1 F2693.931
G1 X93.377 Y52.105 E.13248
G1 F3567.667
G3 X86.623 Y52.105 I-3.377 J-348.649 E.24416
G1 F2691.666
G1 X82.959 Y52.041 E.13248
G1 X82.896 Y48.658 E.12232
M73 Q22 S2
G1 F3488.361
G1 X82.875 Y45.272 E.12241
G1 F3483.968
G1 X82.895 Y41.473 E.13734
G1 F2692.664
G1 X82.959 Y37.959 E.12705
G1 X86.47 Y37.897 E.12694
G1 F3533.449
M73 P22 R2
G3 X93.502 Y37.896 I3.525 J349.04 E.25421
G1 F2690.562
G1 X97.041 Y37.959 E.12796
G1 X97.101 Y41.154 E.11552
G1 F3455.2
G1 X97.125 Y44.633 E.12577
G1 F4128.351
G1 X97.125 Y44.711 E.00282
G1 F3516.267
G1 X97.107 Y48.329 E.13079
G1 F2693.931
G1 X97.042 Y51.981 E.13204
;LAYER_CHANGE
;Z:5
;HEIGHT:0.2
;BEFORE_LAYER_CHANGE
G92 E0.0
;5
M201 X3999.61 Y3999.61

G1 E-2.5 F4200
G1 Z5 F720
;AFTER_LAYER_CHANGE
;5
M74 W0.168558

G1 Z5
G1 X97.199 Y52.192 F24000
G1 E2.5 F2400
G1 F2701.081
G1 X97.199 Y52.197 E.00018
G1 X96.364 Y52.2 E.03019
G1 F3026.778
G1 X90.775 Y52.222 E.20205
G1 F4133.382
G1 X89.225 Y52.222 E.05603
G1 F3026.796
G1 X83.636 Y52.2 E.20205
G1 F2716.106
G1 X82.801 Y52.197 E.03019
G1 X82.775 Y50.089 E.07621
G1 F3033.781
G1 X82.775 Y49.271 E.02957
G1 F3125.168
G1 X82.777 Y40.056 E.33313
G1 F2848.442
G1 X82.778 Y39.228 E.02993
G1 F2701.32
G1 X82.801 Y37.803 E.05152
G1 X83.636 Y37.8 E.03019
M73 Q23 S2
G1 F3032.563
G1 X89.37 Y37.778 E.20729
G1 F4133.36
G1 X90.92 Y37.778 E.05603
G1 F3023.815
G1 X96.364 Y37.8 E.1968
G1 F2715.84
G1 X97.199 Y37.803 E.03019
G1 X97.225 Y39.878 E.07502
G1 F3027.115
G1 X97.225 Y39.906 E.00101
G1 F3032.532
G1 X97.225 Y40.723 E.02953
G1 F3124.548
M73 P23 R2
G1 X97.223 Y49.952 E.33363
G1 F2846.467
G1 X97.222 Y50.78 E.02993
G1 F2701.081
G1 X97.2 Y52.132 E.04888
;LAYER_CHANGE
;Z:5.2
;HEIGHT:0.2
;BEFORE_LAYER_CHANGE
G92 E0.0
;5.2
M201 X3999.6 Y3999.6

G1 E-2.5 F4200
G1 Z5.2 F720
;AFTER_LAYER_CHANGE
;5.2
M74 W0.17476

G1 Z5.2
G1 X97.275 Y52.275 F24000
G1 E2.5 F2400
G1 F5160.604
G1 X96.524 Y52.275 E.02715
G1 F5268.652
G1 X83.476 Y52.275 E.47169
G1 F5160.477
G1 X82.725 Y52.275 E.02715
G1 X82.725 Y51.524 E.02715
G1 F5777.961
G1 X82.725 Y38.477 E.47166
G1 F5126.422
G1 X82.725 Y37.725 E.02719
G1 X83.477 Y37.725 E.02719
G1 F5283.592
G1 X96.523 Y37.725 E.47162
G1 F5126.422
G1 X97.275 Y37.725 E.02719
G1 X97.275 Y38.477 E.02719
G1 F5778.079
G1 X97.275 Y51.524 E.47166
G1 F5160.604
G1 X97.275 Y52.215 E.02498
;LAYER_CHANGE
;Z:5.4
;HEIGHT:0.2
;BEFORE_LAYER_CHANGE
G92 E0.0
;5.4
M201 X3999.58 Y3999.58

G1 E-2.5 F4200
G1 Z5.4 F720
;AFTER_LAYER_CHANGE
;5.4
M74 W0.181029

G1 Z5.4
G1 X97.275 Y52.275 F24000
G1 E2.5 F2400
G1 F8399.97
M73 Q24 S2
G1 X82.725 Y52.275 E.52599
G1 X82.725 Y37.725 E.52599
G1 X97.275 Y37.725 E.52599
M73 P24 R2
G1 X97.275 Y52.215 E.52382
;LAYER_CHANGE
;Z:5.6
;HEIGHT:0.2
;BEFORE_LAYER_CHANGE
G92 E0.0
;5.6
M201 X3999.57 Y3999.57

G1 E-2.5 F4200
G1 Z5.6 F720
;AFTER_LAYER_CHANGE
;5.6
M74 W0.187298

G1 Z5.6
G1 X97.275 Y52.275 F24000
G1 E2.5 F2400
G1 F8399.97
G1 X82.725 Y52.275 E.52599
G1 X82.725 Y37.725 E.52599
G1 X97.275 Y37.725 E.52599
G1 X97.275 Y52.215 E.52382
;LAYER_CHANGE
;Z:5.8
;HEIGHT:0.2
;BEFORE_LAYER_CHANGE
G92 E0.0
;5.8
M201 X3999.55 Y3999.55

G1 E-2.5 F4200
G1 Z5.8 F720
;AFTER_LAYER_CHANGE
;5.8
M74 W0.193567

G1 Z5.8
G1 X97.275 Y52.275 F24000
G1 E2.5 F2400
G1 F8399.97
M73 Q25 S2
G1 X82.725 Y52.275 E.52599
G1 X82.725 Y37.725 E.52599
G1 X97.275 Y37.725 E.52599
M73 P25 R2
G1 X97.275 Y52.215 E.52382
;LAYER_CHANGE
;Z:6
;HEIGHT:0.2
;BEFORE_LAYER_CHANGE
G92 E0.0
;6
M201 X3999.54 Y3999.54

G1 E-2.5 F4200
G1 Z6 F720
;AFTER_LAYER_CHANGE
;6
M74 W0.199835

G1 Z6
G1 X97.275 Y52.275 F24000
G1 E2.5 F2400
G1 F8399.97
G1 X82.725 Y52.275 E.52599
G1 X82.725 Y37.725 E.52599
G1 X97.275 Y37.725 E.52599
G1 X97.275 Y52.215 E.52382
;LAYER_CHANGE
;Z:6.2
;HEIGHT:0.2
;BEFORE_LAYER_CHANGE
G92 E0.0
;6.2
M201 X3999.53 Y3999.53

G1 E-2.5 F4200
G1 Z6.2 F720
;AFTER_LAYER_CHANGE
;6.2
M74 W0.206104

G1 Z6.2
G1 X97.275 Y52.275 F24000
G1 E2.5 F2400
G1 F8399.97
G1 X82.725 Y52.275 E.52599
G1 X82.725 Y37.725 E.52599
M73 Q26 S2
G1 X97.275 Y37.725 E.52599
M73 P26 R2
G1 X97.275 Y52.215 E.52382
;LAYER_CHANGE
;Z:6.4
;HEIGHT:0.2
;BEFORE_LAYER_CHANGE
G92 E0.0
;6.4
M201 X3999.51 Y3999.51

G1 E-2.5 F4200
G1 Z6.4 F720
;AFTER_LAYER_CHANGE
;6.4
M74 W0.212373

G1 Z6.4
G1 X97.275 Y52.275 F24000
G1 E2.5 F2400
G1 F8399.97
G1 X82.725 Y52.275 E.52599
G1 X82.725 Y37.725 E.52599
G1 X97.275 Y37.725 E.52599
G1 X97.275 Y52.215 E.52382
;LAYER_CHANGE
;Z:6.6
;HEIGHT:0.2
;BEFORE_LAYER_CHANGE
G92 E0.0
;6.6
M201 X3999.5 Y3999.5

G1 E-2.5 F4200
G1 Z6.6 F720
;AFTER_LAYER_CHANGE
;6.6
M74 W0.218641

G1 Z6.6
G1 X97.275 Y52.275 F24000
G1 E2.5 F2400
G1 F8399.97
G1 X82.725 Y52.275 E.52599
G1 X82.725 Y37.725 E.52599
M73 Q27 S2
G1 X97.275 Y37.725 E.52599
M73 P27 R2
G1 X97.275 Y52.215 E.52382
;LAYER_CHANGE
;Z:6.8
;HEIGHT:0.2
;BEFORE_LAYER_CHANGE
G92 E0.0
;6.8
M201 X3999.48 Y3999.48

G1 E-2.5 F4200
G1 Z6.8 F720
;AFTER_LAYER_CHANGE
;6.8
M74 W0.22491

G1 Z6.8
G1 X97.075 Y52.275 F24000
G1 E2.5 F2400
G1 F8399.97
G1 X82.925 Y52.275 E.51153
G1 X82.925 Y51.6 E.0244
G1 F8400
G1 X82.925 Y38.4 E.47719
G1 F8399.97
G1 X82.925 Y37.725 E.0244
G1 X97.075 Y37.725 E.51153
G1 X97.075 Y38.4 E.0244
G1 F8400
G1 X97.075 Y51.6 E.47719
G1 F8399.97
G1 X97.075 Y52.215 E.02223
;LAYER_CHANGE
;Z:7
;HEIGHT:0.2
;BEFORE_LAYER_CHANGE
G92 E0.0
;7
M201 X3999.47 Y3999.47

G1 E-2.5 F4200
G1 Z7 F720
;AFTER_LAYER_CHANGE
;7
M74 W0.231092

G1 Z7
G1 X96.875 Y52.275 F24000
G1 E2.5 F2400
G1 F8399.97
G1 X83.125 Y52.275 E.49707
G1 X83.125 Y51.6 E.0244
M73 Q28 S2
G1 F8400
G1 X83.125 Y38.4 E.47719
G1 F8399.97
M73 P28 R2
G1 X83.125 Y37.725 E.0244
G1 X96.875 Y37.725 E.49707
G1 X96.875 Y38.4 E.0244
G1 F8400
G1 X96.875 Y51.6 E.47719
G1 F8399.97
G1 X96.875 Y52.215 E.02223
;LAYER_CHANGE
;Z:7.2
;HEIGHT:0.2
;BEFORE_LAYER_CHANGE
G92 E0.0
;7.2
M201 X3999.45 Y3999.45

G1 E-2.5 F4200
G1 Z7.2 F720
;AFTER_LAYER_CHANGE
;7.2
M74 W0.237189

G1 Z7.2
G1 X96.675 Y52.275 F24000
G1 E2.5 F2400
G1 F8399.97
G1 X83.325 Y52.275 E.48261
G1 X83.325 Y51.6 E.0244
G1 F8400
G1 X83.325 Y38.4 E.47719
G1 F8399.97
G1 X83.325 Y37.725 E.0244
G1 X96.675 Y37.725 E.48261
G1 X96.675 Y38.4 E.0244
G1 F8400
G1 X96.675 Y51.6 E.47719
G1 F8399.97
G1 X96.675 Y52.215 E.02223
;LAYER_CHANGE
;Z:7.4
;HEIGHT:0.2
;BEFORE_LAYER_CHANGE
G92 E0.0
;7.4
M201 X3999.44 Y3999.44

G1 E-2.5 F4200
G1 Z7.4 F720
;AFTER_LAYER_CHANGE
;7.4
M74 W0.243199

G1 Z7.4
G1 X96.475 Y52.275 F24000
G1 E2.5 F2400
G1 F8399.97
G1 X83.525 Y52.275 E.46815
G1 X83.525 Y51.6 E.0244
M73 Q29 S2
G1 F8400
G1 X83.525 Y38.4 E.47719
G1 F8399.97
M73 P29 R2
G1 X83.525 Y37.725 E.0244
G1 X96.475 Y37.725 E.46815
G1 X96.475 Y38.4 E.0244
G1 F8400
G1 X96.475 Y51.6 E.47719
G1 F8399.97
G1 X96.475 Y52.215 E.02223
;LAYER_CHANGE
;Z:7.6
;HEIGHT:0.2
;BEFORE_LAYER_CHANGE
G92 E0.0
;7.6
M201 X3999.43 Y3999.43

G1 E-2.5 F4200
G1 Z7.6 F720
;AFTER_LAYER_CHANGE
;7.6
M74 W0.249122

G1 Z7.6
G1 X96.275 Y52.275 F24000
G1 E2.5 F2400
G1 F8399.97
G1 X83.725 Y52.275 E.45369
G1 X83.725 Y51.6 E.0244
G1 F8400
G1 X83.725 Y38.4 E.47719
G1 F8399.97
G1 X83.725 Y37.725 E.0244
G1 X96.275 Y37.725 E.45369
G1 X96.275 Y38.4 E.0244
G1 F8400
G1 X96.275 Y51.6 E.47719
G1 F8399.97
G1 X96.275 Y52.215 E.02223
;LAYER_CHANGE
;Z:7.8
;HEIGHT:0.2
;BEFORE_LAYER_CHANGE
G92 E0.0
;7.8
M201 X3999.41 Y3999.41

G1 E-2.5 F4200
G1 Z7.8 F720
;AFTER_LAYER_CHANGE
;7.8
M74 W0.25496

G1 Z7.8
G1 X96.075 Y52.275 F24000
G1 E2.5 F2400
G1 F8399.97
G1 X83.925 Y52.275 E.43923
G1 X83.925 Y51.6 E.0244
G1 F8400
G1 X83.925 Y38.4 E.47719
G1 F8399.97
M73 Q30 S2
G1 X83.925 Y37.725 E.0244
G1 X96.075 Y37.725 E.43923
M73 P30 R2
G1 X96.075 Y38.4 E.0244
G1 F8400
G1 X96.075 Y51.6 E.47719
G1 F8399.97
G1 X96.075 Y52.215 E.02223
;LAYER_CHANGE
;Z:8
;HEIGHT:0.2
;BEFORE_LAYER_CHANGE
G92 E0.0
;8
M201 X3999.4 Y3999.4

G1 E-2.5 F4200
G1 Z8 F720
;AFTER_LAYER_CHANGE
;8
M74 W0.260711

G1 Z8
G1 X95.875 Y52.275 F24000
G1 E2.5 F2400
M73 P30 R1
G1 F8399.97
G1 X84.125 Y52.275 E.42477
G1 X84.125 Y51.6 E.0244
G1 F8400
G1 X84.125 Y38.4 E.47719
G1 F8399.97
G1 X84.125 Y37.725 E.0244
G1 X95.875 Y37.725 E.42477
G1 X95.875 Y38.4 E.0244
G1 F8400
G1 X95.875 Y51.6 E.47719
G1 F8399.97
G1 X95.875 Y52.215 E.02223
;LAYER_CHANGE
;Z:8.2
;HEIGHT:0.2
;BEFORE_LAYER_CHANGE
G92 E0.0
;8.2
M201 X3999.39 Y3999.39

G1 E-2.5 F4200
G1 Z8.2 F720
;AFTER_LAYER_CHANGE
;8.2
M74 W0.266376

G1 Z8.2
G1 X95.675 Y52.275 F24000
G1 E2.5 F2400
G1 F8399.97
G1 X84.325 Y52.275 E.41031
G1 X84.325 Y51.6 E.0244
G1 F8400
G1 X84.325 Y38.4 E.47719
G1 F8399.97
G1 X84.325 Y37.725 E.0244
G1 X95.675 Y37.725 E.41031
M73 Q31 S2
G1 X95.675 Y38.4 E.0244
M73 P31 R1
G1 F8400
G1 X95.675 Y51.6 E.47719
G1 F8399.97
G1 X95.675 Y52.215 E.02223
;LAYER_CHANGE
;Z:8.4
;HEIGHT:0.2
;BEFORE_LAYER_CHANGE
G92 E0.0
;8.4
M201 X3999.37 Y3999.37

G1 E-2.5 F4200
G1 Z8.4 F720
;AFTER_LAYER_CHANGE
;8.4
M74 W0.271954

G1 Z8.4
G1 X95.475 Y52.275 F24000
G1 E2.5 F2400
G1 F8399.97
G1 X84.525 Y52.275 E.39585
G1 X84.525 Y51.6 E.0244
G1 F8400
G1 X84.525 Y38.4 E.47719
G1 F8399.97
G1 X84.525 Y37.725 E.0244
G1 X95.475 Y37.725 E.39585
G1 X95.475 Y38.4 E.0244
G1 F8400
G1 X95.475 Y51.6 E.47719
G1 F8399.97
G1 X95.475 Y52.215 E.02223
;LAYER_CHANGE
;Z:8.6
;HEIGHT:0.200001
;BEFORE_LAYER_CHANGE
G92 E0.0
;8.6
M201 X3999.36 Y3999.36

G1 E-2.5 F4200
G1 Z8.6 F720
;AFTER_LAYER_CHANGE
;8.6
M74 W0.277447

G1 Z8.6
G1 X95.275 Y52.275 F24000
G1 E2.5 F2400
G1 F8399.97
G1 X84.725 Y52.275 E.38139
G1 X84.725 Y51.6 E.0244
G1 F8400
G1 X84.725 Y38.4 E.47719
G1 F8399.97
G1 X84.725 Y37.725 E.0244
G1 X95.275 Y37.725 E.38139
G1 X95.275 Y38.4 E.0244
M73 Q32 S1
G1 F8400
M73 P32 R1
G1 X95.275 Y51.6 E.47719
G1 F8399.97
G1 X95.275 Y52.215 E.02223
;LAYER_CHANGE
;Z:8.8
;HEIGHT:0.2
;BEFORE_LAYER_CHANGE
G92 E0.0
;8.8
M201 X3999.35 Y3999.35

G1 E-2.5 F4200
G1 Z8.8 F720
;AFTER_LAYER_CHANGE
;8.8
M74 W0.282853

G1 Z8.8
G1 X95.275 Y52.275 F24000
G1 E2.5 F2400
G1 F8399.97
G1 X84.725 Y52.275 E.38139
G1 X84.725 Y49.093 E.11503
G1 X84.865 Y48.953 E.00716
G1 F8400
G1 X84.925 Y48.809 E.00564
G1 X84.925 Y41.191 E.27539
G1 X84.91 Y41.114 E.00284
G1 X84.725 Y40.907 E.01004
G1 X84.725 Y37.725 E.11503
G1 X95.275 Y37.725 E.38139
G1 X95.275 Y40.907 E.11503
G1 X95.135 Y41.047 E.00716
G1 X95.075 Y41.191 E.00564
G1 X95.075 Y48.809 E.27539
G1 X95.09 Y48.886 E.00284
G1 F8399.97
G1 X95.275 Y49.093 E.01004
G1 X95.275 Y52.215 E.11286
;LAYER_CHANGE
;Z:9
;HEIGHT:0.2
;BEFORE_LAYER_CHANGE
G92 E0.0
;9
M201 X3999.34 Y3999.34

G1 E-2.5 F4200
G1 Z9 F720
;AFTER_LAYER_CHANGE
;9
M74 W0.28829

G1 Z9
G1 X95.275 Y52.275 F24000
G1 E2.5 F2400
G1 F8399.97
G1 X84.725 Y52.275 E.38139
G1 X84.725 Y49.093 E.11503
G1 X85.065 Y48.753 E.01738
G1 F8400
G1 X85.125 Y48.609 E.00564
G1 X85.125 Y41.391 E.26093
G1 X85.093 Y41.281 E.00414
G1 X84.725 Y40.907 E.01897
M73 P33 R1
G1 X84.725 Y37.725 E.11503
M73 Q33 S1
G1 X95.275 Y37.725 E.38139
G1 X95.275 Y40.907 E.11503
G1 X94.935 Y41.247 E.01738
G1 X94.875 Y41.391 E.00564
G1 X94.875 Y48.609 E.26093
G1 X94.907 Y48.719 E.00414
G1 F8399.97
G1 X95.275 Y49.093 E.01897
G1 X95.275 Y52.215 E.11286
;LAYER_CHANGE
;Z:9.2
;HEIGHT:0.2
;BEFORE_LAYER_CHANGE
G92 E0.0
;9.2
M201 X3999.32 Y3999.32

G1 E-2.5 F4200
G1 Z9.2 F720
;AFTER_LAYER_CHANGE
;9.2
M74 W0.293762

G1 Z9.2
G1 X95.275 Y52.275 F24000
G1 E2.5 F2400
G1 F8399.97
G1 X84.725 Y52.275 E.38139
G1 X84.725 Y49.093 E.11503
G1 X85.265 Y48.553 E.02761
G1 F8400
G1 X85.325 Y48.409 E.00564
G1 X85.325 Y41.591 E.24647
G1 X85.265 Y41.447 E.00564
G1 F8399.97
G1 X84.725 Y40.907 E.02761
G1 X84.725 Y37.725 E.11503
G1 X95.275 Y37.725 E.38139
G1 X95.275 Y40.907 E.11503
G1 X94.735 Y41.447 E.02761
G1 F8400
G1 X94.675 Y41.591 E.00564
G1 X94.675 Y48.409 E.24647
G1 X94.735 Y48.553 E.00564
G1 F8399.97
G1 X95.275 Y49.093 E.02761
G1 X95.275 Y52.215 E.11286
;LAYER_CHANGE
;Z:9.4
;HEIGHT:0.2
;BEFORE_LAYER_CHANGE
G92 E0.0
;9.4
M201 X3999.31 Y3999.31

G1 E-2.5 F4200
G1 Z9.4 F720
;AFTER_LAYER_CHANGE
;9.4
M74 W0.29927

G1 Z9.4
G1 X95.275 Y52.275 F24000
G1 E2.5 F2400
G1 F8399.97
M73 P34 R1
M73 Q34 S1
G1 X84.725 Y52.275 E.38139
G1 X84.725 Y49.093 E.11503
G1 X85.465 Y48.353 E.03783
G1 F8400
G1 X85.525 Y48.209 E.00564
G1 X85.525 Y41.791 E.23201
G1 X85.465 Y41.647 E.00564
G1 X84.725 Y40.907 E.03783
G1 X84.725 Y37.725 E.11503
G1 X95.275 Y37.725 E.38139
G1 X95.275 Y40.907 E.11503
G1 X94.535 Y41.647 E.03783
G1 X94.475 Y41.791 E.00564
G1 X94.475 Y48.209 E.23201
G1 X94.535 Y48.353 E.00564
G1 F8399.97
G1 X95.275 Y49.093 E.03783
G1 X95.275 Y52.215 E.11286
;LAYER_CHANGE
;Z:9.6
;HEIGHT:0.200001
;BEFORE_LAYER_CHANGE
G92 E0.0
;9.6
M201 X3999.3 Y3999.3

G1 E-2.5 F4200
G1 Z9.6 F720
;AFTER_LAYER_CHANGE
;9.6
M74 W0.304813

G1 Z9.6
G1 X95.275 Y52.275 F24000
G1 E2.5 F2400
G1 F8399.97
G1 X84.725 Y52.275 E.38139
G1 X84.725 Y49.093 E.11503
G1 X85.665 Y48.153 E.04806
G1 F8400
G1 X85.725 Y48.009 E.00564
G1 X85.725 Y42 E.21723
G1 X85.665 Y41.847 E.00594
G1 X84.725 Y40.907 E.04806
G1 X84.725 Y37.725 E.11503
G1 X95.275 Y37.725 E.38139
G1 X95.275 Y40.907 E.11503
M73 P35 R1
G1 X94.335 Y41.847 E.04806
M73 Q35 S1
G1 X94.275 Y41.991 E.00564
G1 X94.275 Y48 E.21723
G1 X94.335 Y48.153 E.00594
G1 F8399.97
G1 X95.275 Y49.093 E.04806
G1 X95.275 Y52.215 E.11286
;LAYER_CHANGE
;Z:9.8
;HEIGHT:0.2
;BEFORE_LAYER_CHANGE
G92 E0.0
;9.8
M201 X3999.29 Y3999.29

G1 E-2.5 F4200
G1 Z9.8 F720
;AFTER_LAYER_CHANGE
;9.8
M74 W0.310393

G1 Z9.8
G1 X95.275 Y52.275 F24000
G1 E2.5 F2400
G1 F8399.97
G1 X84.725 Y52.275 E.38139
G1 X84.725 Y49.093 E.11503
G1 X85.865 Y47.953 E.05828
G1 F8400
G1 X85.925 Y47.809 E.00564
G1 X85.925 Y42.191 E.20309
G1 X85.865 Y42.047 E.00564
G1 X84.725 Y40.907 E.05828
G1 X84.725 Y37.725 E.11503
G1 X95.275 Y37.725 E.38139
G1 X95.275 Y40.907 E.11503
G1 X94.135 Y42.047 E.05828
G1 X94.075 Y42.191 E.00564
G1 X94.075 Y47.809 E.20309
G1 X94.135 Y47.953 E.00564
G1 F8399.97
G1 X95.275 Y49.093 E.05828
G1 X95.275 Y52.215 E.11286
;LAYER_CHANGE
;Z:10
;HEIGHT:0.2
;BEFORE_LAYER_CHANGE
G92 E0.0
;10
M201 X3999.27 Y3999.27

G1 E-2.5 F4200
G1 Z10 F720
;AFTER_LAYER_CHANGE
;10
M74 W0.316007

G1 Z10
G1 X95.275 Y52.275 F24000
G1 E2.5 F2400
G1 F8399.97
G1 X84.725 Y52.275 E.38139
G1 X84.725 Y49.093 E.11503
M73 P36 R1
G1 X86.065 Y47.753 E.06851
M73 Q36 S1
G1 F8400
G1 X86.125 Y47.609 E.00564
G1 X86.125 Y42.391 E.18863
G1 X86.065 Y42.247 E.00564
G1 X84.725 Y40.907 E.06851
G1 X84.725 Y37.725 E.11503
G1 X95.275 Y37.725 E.38139
G1 X95.275 Y40.907 E.11503
G1 X93.935 Y42.247 E.06851
G1 X93.875 Y42.391 E.00564
G1 X93.875 Y47.609 E.18863
G1 X93.935 Y47.753 E.00564
G1 F8399.97
G1 X95.275 Y49.093 E.06851
G1 X95.275 Y52.215 E.11286
;LAYER_CHANGE
;Z:10.2
;HEIGHT:0.2
;BEFORE_LAYER_CHANGE
G92 E0.0
;10.2
M201 X3999.26 Y3999.26

G1 E-2.5 F4200
G1 Z10.2 F720
;AFTER_LAYER_CHANGE
;10.2
M74 W0.321658

G1 Z10.2
G1 X95.275 Y52.275 F24000
G1 E2.5 F2400
G1 F8399.97
G1 X84.725 Y52.275 E.38139
G1 X84.725 Y49.093 E.11503
G1 X86.265 Y47.553 E.07873
G1 F8400
G1 X86.325 Y47.409 E.00564
G1 X86.325 Y42.591 E.17417
G1 X86.265 Y42.447 E.00564
G1 X84.725 Y40.907 E.07873
G1 X84.725 Y37.725 E.11503
G1 X95.275 Y37.725 E.38139
G1 X95.275 Y40.907 E.11503
G1 X93.735 Y42.447 E.07873
M73 P37 R1
G1 X93.675 Y42.591 E.00564
G1 X93.675 Y47.409 E.17417
G1 X93.735 Y47.553 E.00564
M73 Q37 S1
G1 F8399.97
G1 X95.275 Y49.093 E.07873
G1 X95.275 Y52.215 E.11286
;LAYER_CHANGE
;Z:10.4
;HEIGHT:0.2
;BEFORE_LAYER_CHANGE
G92 E0.0
;10.4
M201 X3999.25 Y3999.25

G1 E-2.5 F4200
G1 Z10.4 F720
;AFTER_LAYER_CHANGE
;10.4
M74 W0.327345

G1 Z10.4
G1 X95.275 Y52.275 F24000
G1 E2.5 F2400
G1 F8399.97
G1 X84.725 Y52.275 E.38139
G1 X84.725 Y49.093 E.11503
G1 X86.465 Y47.353 E.08896
G1 F8400
G1 X86.525 Y47.209 E.00564
G1 X86.525 Y42.791 E.15971
G1 X86.465 Y42.647 E.00564
G1 X84.725 Y40.907 E.08896
G1 X84.725 Y37.725 E.11503
G1 X95.275 Y37.725 E.38139
G1 X95.275 Y40.907 E.11503
G1 X93.535 Y42.647 E.08896
G1 X93.475 Y42.791 E.00564
G1 X93.475 Y47.209 E.15971
G1 X93.535 Y47.353 E.00564
G1 F8399.97
G1 X95.275 Y49.093 E.08896
G1 X95.275 Y52.215 E.11286
;LAYER_CHANGE
;Z:10.6
;HEIGHT:0.200001
;BEFORE_LAYER_CHANGE
G92 E0.0
;10.6
M201 X3999.23 Y3999.23

G1 E-2.5 F4200
G1 Z10.6 F720
;AFTER_LAYER_CHANGE
;10.6
M74 W0.333067

G1 Z10.6
G1 X95.275 Y52.275 F24000
G1 E2.5 F2400
G1 F8399.97
G1 X84.725 Y52.275 E.38139
G1 X84.725 Y49.093 E.11503
M73 P38 R1
G1 X86.665 Y47.153 E.09918
G1 F8400
G1 X86.725 Y47.009 E.00564
G1 X86.725 Y42.991 E.14525
G1 X86.665 Y42.847 E.00564
M73 Q38 S1
G1 X84.725 Y40.907 E.09918
G1 X84.725 Y37.725 E.11503
G1 X95.275 Y37.725 E.38139
G1 X95.275 Y40.907 E.11503
G1 X93.335 Y42.847 E.09918
G1 X93.275 Y42.991 E.00564
G1 X93.275 Y47.009 E.14525
G1 X93.335 Y47.153 E.00564
G1 F8399.97
G1 X95.275 Y49.093 E.09918
G1 X95.275 Y52.215 E.11286
;LAYER_CHANGE
;Z:10.8
;HEIGHT:0.2
;BEFORE_LAYER_CHANGE
G92 E0.0
;10.8
M201 X3999.22 Y3999.22

G1 E-2.5 F4200
G1 Z10.8 F720
;AFTER_LAYER_CHANGE
;10.8
M74 W0.338825

G1 Z10.8
G1 X95.275 Y52.275 F24000
G1 E2.5 F2400
G1 F8399.97
G1 X84.725 Y52.275 E.38139
G1 X84.725 Y49.093 E.11503
G1 X86.865 Y46.953 E.10941
G1 F8400
G1 X86.925 Y46.809 E.00564
G1 X86.925 Y43.191 E.13079
G1 X86.865 Y43.047 E.00564
G1 X84.725 Y40.907 E.10941
G1 X84.725 Y37.725 E.11503
G1 X95.275 Y37.725 E.38139
G1 X95.275 Y40.907 E.11503
M73 P39 R1
G1 X93.135 Y43.047 E.10941
G1 X93.075 Y43.191 E.00564
G1 X93.075 Y46.809 E.13079
G1 X93.135 Y46.953 E.00564
G1 F8399.97
G1 X95.275 Y49.093 E.10941
G1 X95.275 Y52.215 E.11286
M73 Q39 S1
;LAYER_CHANGE
;Z:11
;HEIGHT:0.2
;BEFORE_LAYER_CHANGE
G92 E0.0
;11
M201 X3999.21 Y3999.21

G1 E-2.5 F4200
G1 Z11 F720
;AFTER_LAYER_CHANGE
;11
M74 W0.344618

G1 Z11
G1 X95.275 Y52.275 F24000
G1 E2.5 F2400
G1 F8399.97
G1 X84.725 Y52.275 E.38139
G1 X84.725 Y49.093 E.11503
G1 X87.065 Y46.753 E.11963
G1 F8400
G1 X87.125 Y46.609 E.00564
G1 X87.125 Y43.391 E.11633
G1 X87.065 Y43.247 E.00564
G1 X84.725 Y40.907 E.11963
G1 X84.725 Y37.725 E.11503
G1 X95.275 Y37.725 E.38139
G1 X95.275 Y40.907 E.11503
G1 X92.935 Y43.247 E.11963
G1 X92.875 Y43.391 E.00564
G1 X92.875 Y46.609 E.11633
G1 X92.935 Y46.753 E.00564
G1 F8399.97
G1 X95.275 Y49.093 E.11963
G1 X95.275 Y52.215 E.11286
;LAYER_CHANGE
;Z:11.2
;HEIGHT:0.2
;BEFORE_LAYER_CHANGE
G92 E0.0
;11.2
M201 X3999.19 Y3999.19

G1 E-2.5 F4200
G1 Z11.2 F720
;AFTER_LAYER_CHANGE
;11.2
M74 W0.350448

G1 Z11.2
G1 X95.275 Y52.275 F24000
G1 E2.5 F2400
G1 F8399.97
G1 X84.725 Y52.275 E.38139
G1 X84.725 Y49.093 E.11503
M73 P40 R1
G1 X87.265 Y46.553 E.12986
G1 F8400
G1 X87.325 Y46.409 E.00564
G1 X87.325 Y43.591 E.10187
G1 X87.265 Y43.447 E.00564
M73 Q40 S1
G1 X84.725 Y40.907 E.12986
G1 X84.725 Y37.725 E.11503
G1 X95.275 Y37.725 E.38139
G1 X95.275 Y40.907 E.11503
G1 X92.735 Y43.447 E.12986
G1 X92.675 Y43.591 E.00564
G1 X92.675 Y46.409 E.10187
G1 X92.735 Y46.553 E.00564
G1 F8399.97
G1 X95.275 Y49.093 E.12986
G1 X95.275 Y52.215 E.11286
;LAYER_CHANGE
;Z:11.4
;HEIGHT:0.2
;BEFORE_LAYER_CHANGE
G92 E0.0
;11.4
M201 X3999.18 Y3999.18

G1 E-2.5 F4200
G1 Z11.4 F720
;AFTER_LAYER_CHANGE
;11.4
M74 W0.356313

G1 Z11.4
G1 X95.275 Y52.275 F24000
G1 E2.5 F2400
G1 F8399.97
G1 X84.725 Y52.275 E.38139
G1 X84.725 Y49.093 E.11503
G1 X87.465 Y46.353 E.14008
G1 F8400
G1 X87.525 Y46.209 E.00564
G1 X87.525 Y43.791 E.08741
G1 X87.465 Y43.647 E.00564
G1 X84.725 Y40.907 E.14008
G1 X84.725 Y37.725 E.11503
G1 X95.275 Y37.725 E.38139
G1 X95.275 Y40.907 E.11503
M73 P41 R1
G1 X92.535 Y43.647 E.14008
G1 X92.475 Y43.791 E.00564
G1 X92.475 Y46.209 E.08741
G1 X92.535 Y46.353 E.00564
G1 F8399.97
G1 X95.275 Y49.093 E.14008
G1 X95.275 Y52.215 E.11286
;LAYER_CHANGE
;Z:11.6
;HEIGHT:0.200001
;BEFORE_LAYER_CHANGE
G92 E0.0
;11.6
M201 X3999.17 Y3999.17

G1 E-2.5 F4200
M73 Q41 S1
G1 Z11.6 F720
;AFTER_LAYER_CHANGE
;11.6
M74 W0.362213

G1 Z11.6
G1 X95.275 Y52.275 F24000
G1 E2.5 F2400
G1 F8399.97
G1 X84.725 Y52.275 E.38139
G1 X84.725 Y49.093 E.11503
G1 X87.665 Y46.153 E.15031
G1 F8400
G1 X87.725 Y46.009 E.00564
G1 X87.725 Y43.991 E.07295
G1 X87.665 Y43.847 E.00564
G1 F8399.985
G1 X84.725 Y40.907 E.15031
G1 X84.725 Y37.725 E.11503
G1 X95.275 Y37.725 E.38139
G1 X95.275 Y40.907 E.11503
G1 X92.335 Y43.847 E.15031
G1 F8400
G1 X92.275 Y43.991 E.00564
G1 X92.275 Y46.009 E.07295
G1 X92.335 Y46.153 E.00564
G1 F8399.97
G1 X95.275 Y49.093 E.15031
G1 X95.275 Y52.215 E.11286
;LAYER_CHANGE
;Z:11.8
;HEIGHT:0.2
;BEFORE_LAYER_CHANGE
G92 E0.0
;11.8
M201 X3999.15 Y3999.15

G1 E-2.5 F4200
G1 Z11.8 F720
;AFTER_LAYER_CHANGE
;11.8
M74 W0.36815

G1 Z11.8
G1 X95.275 Y52.275 F24000
G1 E2.5 F2400
G1 F8399.97
M73 P42 R1
G1 X84.725 Y52.275 E.38139
G1 X84.725 Y49.093 E.11503
G1 X87.665 Y46.153 E.15031
G1 X87.725 Y46.009 E.00564
G1 X87.725 Y43.991 E.07295
G1 X87.665 Y43.847 E.00564
M73 Q42 S1
G1 X84.725 Y40.907 E.15031
G1 X84.725 Y37.725 E.11503
G1 X95.275 Y37.725 E.38139
G1 X95.275 Y40.907 E.11503
G1 X92.335 Y43.847 E.15031
G1 X92.275 Y43.991 E.00564
G1 X92.275 Y46.009 E.07295
G1 X92.335 Y46.153 E.00564
G1 X95.275 Y49.093 E.15031
G1 X95.275 Y52.215 E.11286
;LAYER_CHANGE
;Z:12
;HEIGHT:0.2
;BEFORE_LAYER_CHANGE
G92 E0.0
;12
M201 X3999.14 Y3999.14

G1 E-2.5 F4200
G1 Z12 F720
;AFTER_LAYER_CHANGE
;12
M74 W0.374086

G1 Z12
G1 X95.275 Y52.275 F24000
G1 E2.5 F2400
G1 F8399.97
G1 X84.725 Y52.275 E.38139
G1 X84.725 Y49.093 E.11503
G1 X87.665 Y46.153 E.15031
G1 X87.725 Y46.009 E.00564
G1 X87.725 Y43.991 E.07295
G1 X87.665 Y43.847 E.00564
G1 X84.725 Y40.907 E.15031
G1 X84.725 Y37.725 E.11503
G1 X95.275 Y37.725 E.38139
M73 P43 R1
G1 X95.275 Y40.907 E.11503
G1 X92.335 Y43.847 E.15031
G1 X92.275 Y43.991 E.00564
G1 X92.275 Y46.009 E.07295
G1 X92.335 Y46.153 E.00564
G1 X95.275 Y49.093 E.15031
G1 X95.275 Y52.215 E.11286
;LAYER_CHANGE
;Z:12.2
;HEIGHT:0.2
;BEFORE_LAYER_CHANGE
G92 E0.0
;12.2
M201 X3999.13 Y3999.13

G1 E-2.5 F4200
M73 Q43 S1
G1 Z12.2 F720
;AFTER_LAYER_CHANGE
;12.2
M74 W0.380023

G1 Z12.2
G1 X95.275 Y52.275 F24000
G1 E2.5 F2400
G1 F8399.97
G1 X84.725 Y52.275 E.38139
G1 X84.725 Y49.093 E.11503
G1 X87.665 Y46.153 E.15031
G1 X87.725 Y46.009 E.00564
G1 X87.725 Y43.991 E.07295
G1 X87.665 Y43.847 E.00564
G1 X84.725 Y40.907 E.15031
G1 X84.725 Y37.725 E.11503
G1 X95.275 Y37.725 E.38139
G1 X95.275 Y40.907 E.11503
G1 X92.335 Y43.847 E.15031
G1 X92.275 Y43.991 E.00564
G1 X92.275 Y46.009 E.07295
G1 X92.335 Y46.153 E.00564
G1 X95.275 Y49.093 E.15031
G1 X95.275 Y52.215 E.11286
;LAYER_CHANGE
;Z:12.4
;HEIGHT:0.2
;BEFORE_LAYER_CHANGE
G92 E0.0
;12.4
M201 X3999.11 Y3999.11

G1 E-2.5 F4200
G1 Z12.4 F720
M73 P44 R1
;AFTER_LAYER_CHANGE
;12.4
M74 W0.38596

G1 Z12.4
G1 X95.275 Y52.275 F24000
G1 E2.5 F2400
G1 F8399.97
G1 X84.725 Y52.275 E.38139
G1 X84.725 Y49.093 E.11503
G1 X87.665 Y46.153 E.15031
G1 X87.725 Y46.009 E.00564
G1 X87.725 Y43.991 E.07295
G1 X87.665 Y43.847 E.00564
M73 Q44 S1
G1 X84.725 Y40.907 E.15031
G1 X84.725 Y37.725 E.11503
G1 X95.275 Y37.725 E.38139
G1 X95.275 Y40.907 E.11503
G1 X92.335 Y43.847 E.15031
G1 X92.275 Y43.991 E.00564
G1 X92.275 Y46.009 E.07295
G1 X92.335 Y46.153 E.00564
G1 X95.275 Y49.093 E.15031
G1 X95.275 Y52.215 E.11286
;LAYER_CHANGE
;Z:12.6
;HEIGHT:0.200001
;BEFORE_LAYER_CHANGE
G92 E0.0
;12.6
M201 X3999.1 Y3999.1

G1 E-2.5 F4200
G1 Z12.6 F720
;AFTER_LAYER_CHANGE
;12.6
M74 W0.391896

G1 Z12.6
G1 X95.275 Y52.275 F24000
G1 E2.5 F2400
G1 F8399.97
G1 X84.725 Y52.275 E.38139
G1 X84.725 Y49.093 E.11503
G1 X87.665 Y46.153 E.15031
G1 X87.725 Y46.009 E.00564
G1 X87.725 Y43.991 E.07295
G1 X87.665 Y43.847 E.00564
G1 X84.725 Y40.907 E.15031
G1 X84.725 Y37.725 E.11503
M73 P45 R1
G1 X95.275 Y37.725 E.38139
G1 X95.275 Y40.907 E.11503
G1 X92.335 Y43.847 E.15031
G1 X92.275 Y43.991 E.00564
G1 X92.275 Y46.009 E.07295
G1 X92.335 Y46.153 E.00564
G1 X95.275 Y49.093 E.15031
G1 X95.275 Y52.215 E.11286
;LAYER_CHANGE
;Z:12.8
;HEIGHT:0.2
;BEFORE_LAYER_CHANGE
G92 E0.0
;12.8
M201 X3999.08 Y3999.08

G1 E-2.5 F4200
M73 Q45 S1
G1 Z12.8 F720
;AFTER_LAYER_CHANGE
;12.8
M74 W0.397833

G1 Z12.8
G1 X95.275 Y52.275 F24000
G1 E2.5 F2400
G1 F8399.97
G1 X84.725 Y52.275 E.38139
G1 X84.725 Y49.093 E.11503
G1 X87.665 Y46.153 E.15031
G1 X87.725 Y46.009 E.00564
G1 X87.725 Y43.991 E.07295
G1 X87.665 Y43.847 E.00564
G1 X84.725 Y40.907 E.15031
G1 X84.725 Y37.725 E.11503
G1 X95.275 Y37.725 E.38139
G1 X95.275 Y40.907 E.11503
G1 X92.335 Y43.847 E.15031
G1 X92.275 Y43.991 E.00564
G1 X92.275 Y46.009 E.07295
G1 X92.335 Y46.153 E.00564
G1 X95.275 Y49.093 E.15031
G1 X95.275 Y52.215 E.11286
;LAYER_CHANGE
;Z:13
;HEIGHT:0.2
;BEFORE_LAYER_CHANGE
G92 E0.0
;13
M201 X3999.07 Y3999.07

G1 E-2.5 F4200
M73 P46 R1
G1 Z13 F720
;AFTER_LAYER_CHANGE
;13
M74 W0.403769

G1 Z13
G1 X95.275 Y52.275 F24000
G1 E2.5 F2400
G1 F8399.97
G1 X84.725 Y52.275 E.38139
G1 X84.725 Y49.093 E.11503
G1 X87.665 Y46.153 E.15031
G1 X87.725 Y46.009 E.00564
G1 X87.725 Y43.991 E.07295
G1 X87.665 Y43.847 E.00564
G1 X84.725 Y40.907 E.15031
M73 Q46 S1
G1 X84.725 Y37.725 E.11503
G1 X95.275 Y37.725 E.38139
G1 X95.275 Y40.907 E.11503
G1 X92.335 Y43.847 E.15031
G1 X92.275 Y43.991 E.00564
G1 X92.275 Y46.009 E.07295
G1 X92.335 Y46.153 E.00564
G1 X95.275 Y49.093 E.15031
G1 X95.275 Y52.215 E.11286
;LAYER_CHANGE
;Z:13.2
;HEIGHT:0.2
;BEFORE_LAYER_CHANGE
G92 E0.0
;13.2
M201 X3999.06 Y3999.06

G1 E-2.5 F4200
G1 Z13.2 F720
;AFTER_LAYER_CHANGE
;13.2
M74 W0.409706

G1 Z13.2
G1 X95.275 Y52.275 F24000
G1 E2.5 F2400
G1 F8399.97
G1 X84.725 Y52.275 E.38139
G1 X84.725 Y49.093 E.11503
G1 X87.665 Y46.153 E.15031
G1 X87.725 Y46.009 E.00564
G1 X87.725 Y43.991 E.07295
G1 X87.665 Y43.847 E.00564
M73 P47 R1
G1 X84.725 Y40.907 E.15031
G1 X84.725 Y37.725 E.11503
G1 X95.275 Y37.725 E.38139
G1 X95.275 Y40.907 E.11503
G1 X92.335 Y43.847 E.15031
G1 X92.275 Y43.991 E.00564
G1 X92.275 Y46.009 E.07295
G1 X92.335 Y46.153 E.00564
G1 X95.275 Y49.093 E.15031
G1 X95.275 Y52.215 E.11286
;LAYER_CHANGE
;Z:13.4
;HEIGHT:0.2
;BEFORE_LAYER_CHANGE
G92 E0.0
;13.4
M201 X3999.04 Y3999.04

G1 E-2.5 F4200
M73 Q47 S1
G1 Z13.4 F720
;AFTER_LAYER_CHANGE
;13.4
M74 W0.415642

G1 Z13.4
G1 X95.275 Y52.275 F24000
G1 E2.5 F2400
G1 F8399.97
G1 X84.725 Y52.275 E.38139
G1 X84.725 Y49.093 E.11503
G1 X87.665 Y46.153 E.15031
G1 X87.725 Y46.009 E.00564
G1 X87.725 Y43.991 E.07295
G1 X87.665 Y43.847 E.00564
G1 X84.725 Y40.907 E.15031
G1 X84.725 Y37.725 E.11503
G1 X95.275 Y37.725 E.38139
G1 X95.275 Y40.907 E.11503
G1 X92.335 Y43.847 E.15031
G1 X92.275 Y43.991 E.00564
G1 X92.275 Y46.009 E.07295
G1 X92.335 Y46.153 E.00564
G1 X95.275 Y49.093 E.15031
G1 X95.275 Y52.215 E.11286
M73 P48 R1
;LAYER_CHANGE
;Z:13.6
;HEIGHT:0.200001
;BEFORE_LAYER_CHANGE
G92 E0.0
;13.6
M201 X3999.03 Y3999.03

G1 E-2.5 F4200
G1 Z13.6 F720
;AFTER_LAYER_CHANGE
;13.6
M74 W0.421579

G1 Z13.6
G1 X95.275 Y52.275 F24000
G1 E2.5 F2400
G1 F8399.97
G1 X84.725 Y52.275 E.38139
G1 X84.725 Y49.093 E.11503
G1 X87.665 Y46.153 E.15031
G1 X87.725 Y46.009 E.00564
G1 X87.725 Y43.991 E.07295
G1 X87.665 Y43.847 E.00564
G1 X84.725 Y40.907 E.15031
G1 X84.725 Y37.725 E.11503
M73 Q48 S1
G1 X95.275 Y37.725 E.38139
G1 X95.275 Y40.907 E.11503
G1 X92.335 Y43.847 E.15031
G1 X92.275 Y43.991 E.00564
G1 X92.275 Y46.009 E.07295
G1 X92.335 Y46.153 E.00564
G1 X95.275 Y49.093 E.15031
G1 X95.275 Y52.215 E.11286
;LAYER_CHANGE
;Z:13.8
;HEIGHT:0.2
;BEFORE_LAYER_CHANGE
G92 E0.0
;13.8
M201 X3999.02 Y3999.02

G1 E-2.5 F4200
G1 Z13.8 F720
;AFTER_LAYER_CHANGE
;13.8
M74 W0.427515

G1 Z13.8
G1 X95.275 Y52.275 F24000
G1 E2.5 F2400
G1 F8399.97
G1 X84.725 Y52.275 E.38139
G1 X84.725 Y49.093 E.11503
G1 X87.465 Y46.353 E.14008
G1 F5856.385
M73 P49 R1
G1 X87.525 Y46.209 E.00564
G1 X87.525 Y43.791 E.08741
G1 X87.465 Y43.647 E.00564
G1 F8399.981
G1 X84.725 Y40.907 E.14008
G1 X84.725 Y37.725 E.11503
G1 X95.275 Y37.725 E.38139
G1 X95.275 Y40.907 E.11503
G1 X92.535 Y43.647 E.14008
G1 F5856.385
G1 X92.475 Y43.791 E.00564
G1 X92.475 Y46.209 E.08741
G1 X92.535 Y46.353 E.00564
G1 F8399.97
G1 X95.275 Y49.093 E.14008
G1 X95.275 Y52.215 E.11286
;LAYER_CHANGE
;Z:14
;HEIGHT:0.2
;BEFORE_LAYER_CHANGE
G92 E0.0
;14
M201 X3999 Y3999

G1 E-2.5 F4200
M73 Q49 S1
G1 Z14 F720
;AFTER_LAYER_CHANGE
;14
M74 W0.433416

G1 Z14
G1 X95.275 Y52.275 F24000
G1 E2.5 F2400
G1 F8399.97
G1 X84.725 Y52.275 E.38139
G1 X84.725 Y49.093 E.11503
G1 X87.265 Y46.553 E.12986
G1 F5856.385
G1 X87.325 Y46.409 E.00564
G1 X87.325 Y43.591 E.10187
G1 X87.265 Y43.447 E.00564
G1 F8399.981
G1 X84.725 Y40.907 E.12986
G1 X84.725 Y37.725 E.11503
G1 X95.275 Y37.725 E.38139
G1 X95.275 Y40.907 E.11503
G1 X92.735 Y43.447 E.12986
G1 F5856.385
M73 P50 R1
G1 X92.675 Y43.591 E.00564
G1 X92.675 Y46.409 E.10187
G1 X92.735 Y46.553 E.00564
G1 F8399.97
G1 X95.275 Y49.093 E.12986
G1 X95.275 Y52.215 E.11286
;LAYER_CHANGE
;Z:14.2
;HEIGHT:0.2
;BEFORE_LAYER_CHANGE
G92 E0.0
;14.2
M201 X3998.99 Y3998.99

G1 E-2.5 F4200
G1 Z14.2 F720
;AFTER_LAYER_CHANGE
;14.2
M74 W0.439281

G1 Z14.2
G1 X95.275 Y52.275 F24000
G1 E2.5 F2400
G1 F8399.97
G1 X84.725 Y52.275 E.38139
G1 X84.725 Y49.093 E.11503
G1 X87.065 Y46.753 E.11963
G1 F5856.385
G1 X87.125 Y46.609 E.00564
G1 X87.125 Y43.391 E.11633
G1 X87.065 Y43.247 E.00564
M73 Q50 S1
G1 F8399.981
G1 X84.725 Y40.907 E.11963
G1 X84.725 Y37.725 E.11503
G1 X95.275 Y37.725 E.38139
G1 X95.275 Y40.907 E.11503
G1 X92.935 Y43.247 E.11963
G1 F5856.385
G1 X92.875 Y43.391 E.00564
G1 X92.875 Y46.609 E.11633
G1 X92.935 Y46.753 E.00564
G1 F8399.97
G1 X95.275 Y49.093 E.11963
G1 X95.275 Y52.215 E.11286
;LAYER_CHANGE
;Z:14.4
;HEIGHT:0.2
;BEFORE_LAYER_CHANGE
G92 E0.0
;14.4
M201 X3998.98 Y3998.98

G1 E-2.5 F4200
G1 Z14.4 F720
;AFTER_LAYER_CHANGE
;14.4
M74 W0.445111

G1 Z14.4
G1 X95.275 Y52.275 F24000
G1 E2.5 F2400
G1 F8399.869
G1 X84.725 Y52.275 E.38139
G1 X84.725 Y49.093 E.11503
M73 P51 R1
G1 X86.865 Y46.953 E.10941
G1 F5856.385
G1 X86.925 Y46.809 E.00564
G1 X86.925 Y43.191 E.13079
G1 X86.865 Y43.047 E.00564
G1 F8399.97
G1 X84.725 Y40.907 E.10941
G1 X84.725 Y37.725 E.11503
G1 X95.275 Y37.725 E.38139
G1 X95.275 Y40.907 E.11503
G1 F7847.947
G1 X93.135 Y43.047 E.10941
G1 F5856.385
G1 X93.075 Y43.191 E.00564
G1 X93.075 Y46.809 E.13079
G1 X93.135 Y46.953 E.00564
G1 F7847.947
G1 X95.275 Y49.093 E.10941
G1 F8399.869
G1 X95.275 Y52.215 E.11286
;LAYER_CHANGE
;Z:14.6
;HEIGHT:0.200001
;BEFORE_LAYER_CHANGE
G92 E0.0
;14.6
M201 X3998.96 Y3998.96

G1 E-2.5 F4200
M73 Q51 S1
G1 Z14.6 F720
;AFTER_LAYER_CHANGE
;14.6
M74 W0.450904

G1 Z14.6
G1 X95.275 Y52.275 F24000
G1 E2.5 F2400
G1 F8399.97
G1 X84.725 Y52.275 E.38139
G1 X84.725 Y49.093 E.11503
G1 X86.665 Y47.153 E.09918
G1 F5856.385
G1 X86.725 Y47.009 E.00564
G1 F1966.648
G1 X86.725 Y42.991 E.14525
G1 F5856.385
G1 X86.665 Y42.847 E.00564
G1 F8399.981
G1 X84.725 Y40.907 E.09918
G1 X84.725 Y37.725 E.11503
G1 X95.275 Y37.725 E.38139
G1 X95.275 Y40.907 E.11503
M73 P52 R1
G1 X93.335 Y42.847 E.09918
G1 F5856.385
G1 X93.275 Y42.991 E.00564
G1 F1966.648
G1 X93.275 Y47.009 E.14525
G1 F5856.385
G1 X93.335 Y47.153 E.00564
G1 F8399.97
G1 X95.275 Y49.093 E.09918
G1 X95.275 Y52.215 E.11286
;LAYER_CHANGE
;Z:14.8
;HEIGHT:0.2
;BEFORE_LAYER_CHANGE
G92 E0.0
;14.8
M201 X3998.95 Y3998.95

G1 E-2.5 F4200
G1 Z14.8 F720
;AFTER_LAYER_CHANGE
;14.8
M74 W0.456662

G1 Z14.8
G1 X95.275 Y52.275 F24000
G1 E2.5 F2400
G1 F8399.97
G1 X84.725 Y52.275 E.38139
G1 X84.725 Y49.093 E.11503
G1 F7945.898
G1 X86.465 Y47.353 E.08896
G1 F5856.385
M73 Q52 S1
G1 X86.525 Y47.209 E.00564
G1 F1966.648
G1 X86.525 Y42.791 E.15971
G1 F5856.385
G1 X86.465 Y42.647 E.00564
G1 F7945.898
G1 X84.725 Y40.907 E.08896
G1 F8386.384
G1 X84.725 Y37.725 E.11503
G1 X95.275 Y37.725 E.38139
G1 X95.275 Y40.907 E.11503
G1 X93.535 Y42.647 E.08896
G1 F5856.385
G1 X93.475 Y42.791 E.00564
G1 F1966.648
G1 X93.475 Y47.209 E.15971
G1 F5856.385
G1 X93.535 Y47.353 E.00564
G1 F8399.97
G1 X95.275 Y49.093 E.08896
G1 X95.275 Y52.215 E.11286
;LAYER_CHANGE
;Z:15
;HEIGHT:0.2
;BEFORE_LAYER_CHANGE
G92 E0.0
;15
M201 X3998.94 Y3998.94

G1 E-2.5 F4200
G1 Z15 F720
M73 P53 R1
;AFTER_LAYER_CHANGE
;15
M74 W0.462384

G1 Z15
G1 X95.275 Y52.275 F24000
G1 E2.5 F2400
G1 F8399.97
G1 X84.725 Y52.275 E.38139
G1 F8344.695
G1 X84.725 Y49.093 E.11503
G1 F7506.352
G1 X86.265 Y47.553 E.07873
G1 F5856.385
G1 X86.325 Y47.409 E.00564
G1 F1966.648
G1 X86.325 Y42.591 E.17417
G1 F5856.385
G1 X86.265 Y42.447 E.00564
G1 F7506.352
G1 X84.725 Y40.907 E.07873
G1 F8344.695
G1 X84.725 Y37.725 E.11503
G1 F8399.981
G1 X95.275 Y37.725 E.38139
G1 X95.275 Y40.907 E.11503
M73 Q53 S1
G1 X93.735 Y42.447 E.07873
G1 F5856.385
G1 X93.675 Y42.591 E.00564
G1 F1966.648
G1 X93.675 Y47.409 E.17417
G1 F5856.385
G1 X93.735 Y47.553 E.00564
G1 F8399.97
G1 X95.275 Y49.093 E.07873
G1 X95.275 Y52.215 E.11286
;LAYER_CHANGE
;Z:15.2
;HEIGHT:0.2
;BEFORE_LAYER_CHANGE
G92 E0.0
;15.2
M201 X3998.92 Y3998.92

G1 E-2.5 F4200
G1 Z15.2 F720
;AFTER_LAYER_CHANGE
;15.2
M74 W0.468071

G1 Z15.2
G1 X95.275 Y52.275 F24000
G1 E2.5 F2400
G1 F8399.97
G1 X84.725 Y52.275 E.38139
G1 X84.725 Y49.093 E.11503
G1 X86.065 Y47.753 E.06851
G1 F5856.385
M73 P54 R1
G1 X86.125 Y47.609 E.00564
G1 F1966.648
G1 X86.125 Y42.391 E.18863
G1 F5856.385
G1 X86.065 Y42.247 E.00564
G1 F8399.981
G1 X84.725 Y40.907 E.06851
G1 X84.725 Y37.725 E.11503
G1 X95.275 Y37.725 E.38139
G1 X95.275 Y40.907 E.11503
G1 X93.935 Y42.247 E.06851
G1 F5856.385
G1 X93.875 Y42.391 E.00564
G1 F1966.648
G1 X93.875 Y47.609 E.18863
G1 F5856.385
G1 X93.935 Y47.753 E.00564
G1 F8399.97
G1 X95.275 Y49.093 E.06851
G1 X95.275 Y52.215 E.11286
;LAYER_CHANGE
;Z:15.4
;HEIGHT:0.2
;BEFORE_LAYER_CHANGE
G92 E0.0
;15.4
M201 X3998.91 Y3998.91

G1 E-2.5 F4200
G1 Z15.4 F720
M73 Q54 S1
;AFTER_LAYER_CHANGE
;15.4
M74 W0.473721

G1 Z15.4
G1 X95.275 Y52.275 F24000
G1 E2.5 F2400
G1 F8399.97
G1 X84.725 Y52.275 E.38139
G1 X84.725 Y49.093 E.11503
G1 X85.865 Y47.953 E.05828
G1 F5856.385
G1 X85.925 Y47.809 E.00564
G1 F1966.648
G1 X85.925 Y42.191 E.20309
G1 F5856.385
G1 X85.865 Y42.047 E.00564
G1 F8399.981
G1 X84.725 Y40.907 E.05828
G1 X84.725 Y37.725 E.11503
G1 X95.275 Y37.725 E.38139
G1 X95.275 Y40.907 E.11503
M73 P55 R1
G1 X94.135 Y42.047 E.05828
G1 F5856.385
G1 X94.075 Y42.191 E.00564
G1 F1966.648
G1 X94.075 Y47.809 E.20309
G1 F5856.385
G1 X94.135 Y47.953 E.00564
G1 F8399.97
G1 X95.275 Y49.093 E.05828
G1 X95.275 Y52.215 E.11286
;LAYER_CHANGE
;Z:15.6
;HEIGHT:0.200001
;BEFORE_LAYER_CHANGE
G92 E0.0
;15.6
M201 X3998.9 Y3998.9

G1 E-2.5 F4200
G1 Z15.6 F720
;AFTER_LAYER_CHANGE
;15.6
M74 W0.479336

G1 Z15.6
G1 X95.275 Y52.275 F24000
G1 E2.5 F2400
G1 F8399.97
G1 X84.725 Y52.275 E.38139
G1 X84.725 Y49.093 E.11503
G1 X85.665 Y48.153 E.04806
G1 F5856.385
G1 X85.725 Y48.009 E.00564
G1 F1966.648
G1 X85.725 Y42 E.21723
G1 F5588.204
M73 Q55 S1
G1 X85.665 Y41.847 E.00594
G1 F8399.981
G1 X84.725 Y40.907 E.04806
G1 X84.725 Y37.725 E.11503
G1 X95.275 Y37.725 E.38139
G1 X95.275 Y40.907 E.11503
G1 X94.335 Y41.847 E.04806
G1 F5856.385
G1 X94.275 Y41.991 E.00564
G1 F1966.648
G1 X94.275 Y48 E.21723
G1 F5588.204
G1 X94.335 Y48.153 E.00594
G1 F8399.97
G1 X95.275 Y49.093 E.04806
G1 X95.275 Y52.215 E.11286
M73 P56 R1
;LAYER_CHANGE
;Z:15.8
;HEIGHT:0.2
;BEFORE_LAYER_CHANGE
G92 E0.0
;15.8
M201 X3998.88 Y3998.88

G1 E-2.5 F4200
G1 Z15.8 F720
;AFTER_LAYER_CHANGE
;15.8
M74 W0.484915

G1 Z15.8
G1 X95.275 Y52.275 F24000
G1 E2.5 F2400
G1 F8399.97
G1 X84.725 Y52.275 E.38139
G1 X84.725 Y49.093 E.11503
G1 X85.465 Y48.353 E.03783
G1 F5856.385
G1 X85.525 Y48.209 E.00564
G1 F1966.648
G1 X85.525 Y41.791 E.23201
G1 F5856.385
G1 X85.465 Y41.647 E.00564
G1 F8399.981
G1 X84.725 Y40.907 E.03783
G1 X84.725 Y37.725 E.11503
G1 X95.275 Y37.725 E.38139
G1 X95.275 Y40.907 E.11503
M73 Q56 S1
G1 X94.535 Y41.647 E.03783
G1 F5856.385
G1 X94.475 Y41.791 E.00564
G1 F1966.648
G1 X94.475 Y48.209 E.23201
G1 F5856.385
G1 X94.535 Y48.353 E.00564
G1 F8399.97
G1 X95.275 Y49.093 E.03783
G1 X95.275 Y52.215 E.11286
;LAYER_CHANGE
;Z:16
;HEIGHT:0.2
;BEFORE_LAYER_CHANGE
G92 E0.0
;16
M201 X3998.87 Y3998.87

G1 E-2.5 F4200
G1 Z16 F720
;AFTER_LAYER_CHANGE
;16
M74 W0.490459

G1 Z16
G1 X95.275 Y52.275 F24000
G1 E2.5 F2400
G1 F8399.97
G1 X84.725 Y52.275 E.38139
G1 X84.725 Y49.093 E.11503
M73 P57 R1
G1 X85.265 Y48.553 E.02761
G1 F5856.385
G1 X85.325 Y48.409 E.00564
G1 F1966.648
G1 X85.325 Y41.591 E.24647
G1 F5856.385
G1 X85.265 Y41.447 E.00564
G1 F8399.97
G1 X84.725 Y40.907 E.02761
G1 X84.725 Y37.725 E.11503
G1 X95.275 Y37.725 E.38139
G1 X95.275 Y40.907 E.11503
G1 X94.735 Y41.447 E.02761
G1 F5856.385
G1 X94.675 Y41.591 E.00564
G1 F1966.648
G1 X94.675 Y48.409 E.24647
G1 F5856.385
G1 X94.735 Y48.553 E.00564
G1 F8399.97
G1 X95.275 Y49.093 E.02761
G1 X95.275 Y52.215 E.11286
;LAYER_CHANGE
;Z:16.2
;HEIGHT:0.200001
;BEFORE_LAYER_CHANGE
G92 E0.0
;16.2
M201 X3998.86 Y3998.86

G1 E-2.5 F4200
G1 Z16.2 F720
M73 Q57 S1
;AFTER_LAYER_CHANGE
;16.2
M74 W0.495967

G1 Z16.2
G1 X95.275 Y52.275 F24000
G1 E2.5 F2400
G1 F8399.97
G1 X84.725 Y52.275 E.38139
G1 X84.725 Y49.093 E.11503
G1 X85.065 Y48.753 E.01738
G1 F5856.385
G1 X85.125 Y48.609 E.00564
G1 F1966.648
G1 X85.125 Y41.391 E.26093
G1 F5856.385
G1 X85.093 Y41.281 E.00414
G1 F8203.575
G1 X84.725 Y40.907 E.01897
G1 F8399.981
M73 P58 R1
G1 X84.725 Y37.725 E.11503
G1 X95.275 Y37.725 E.38139
G1 X95.275 Y40.907 E.11503
G1 X94.935 Y41.247 E.01738
G1 F5856.385
G1 X94.875 Y41.391 E.00564
G1 F1966.648
G1 X94.875 Y48.609 E.26093
G1 F5856.385
G1 X94.907 Y48.719 E.00414
G1 F8203.575
G1 X95.275 Y49.093 E.01897
G1 F8399.97
G1 X95.275 Y52.215 E.11286
;LAYER_CHANGE
;Z:16.4
;HEIGHT:0.199999
;BEFORE_LAYER_CHANGE
G92 E0.0
;16.4
M201 X3998.85 Y3998.85

G1 E-2.5 F4200
G1 Z16.4 F720
;AFTER_LAYER_CHANGE
;16.4
M74 W0.501439

G1 Z16.4
G1 X95.275 Y52.275 F24000
G1 E2.5 F2400
G1 F8399.97
G1 X84.725 Y52.275 E.38139
G1 X84.725 Y49.093 E.11503
G1 X84.865 Y48.953 E.00716
G1 F5856.385
G1 X84.925 Y48.809 E.00564
G1 F1966.667
G1 X84.925 Y41.191 E.27539
G1 F5856.385
M73 Q58 S1
G1 X84.91 Y41.114 E.00284
G1 F7731.295
G1 X84.725 Y40.907 E.01004
G1 F8399.97
G1 X84.725 Y37.725 E.11503
G1 X95.275 Y37.725 E.38139
G1 X95.275 Y40.907 E.11503
G1 X95.135 Y41.047 E.00716
G1 F5856.385
G1 X95.075 Y41.191 E.00564
G1 F1966.667
G1 X95.075 Y48.809 E.27539
G1 F5856.385
M73 P59 R1
G1 X95.09 Y48.886 E.00284
G1 F7731.295
G1 X95.275 Y49.093 E.01004
G1 F8399.97
G1 X95.275 Y52.215 E.11286
;LAYER_CHANGE
;Z:16.6
;HEIGHT:0.200001
;BEFORE_LAYER_CHANGE
G92 E0.0
;16.6
M201 X3998.83 Y3998.83

G1 E-2.5 F4200
G1 Z16.6 F720
;AFTER_LAYER_CHANGE
;16.6
M74 W0.506876

G1 Z16.6
G1 X95.275 Y52.275 F24000
G1 E2.5 F2400
G1 F8399.97
G1 X85.4 Y52.275 E.35699
G1 F6913.732
G1 X84.725 Y52.275 E.0244
G1 F6662.944
G1 X84.725 Y37.725 E.52599
G1 F6913.732
G1 X85.4 Y37.725 E.0244
G1 F8399.97
G1 X95.275 Y37.725 E.35699
G1 X95.275 Y52.215 E.52382
;LAYER_CHANGE
;Z:16.8
;HEIGHT:0.199999
;BEFORE_LAYER_CHANGE
G92 E0.0
;16.8
M201 X3998.82 Y3998.82

G1 E-2.5 F4200
G1 Z16.8 F720
;AFTER_LAYER_CHANGE
;16.8
M74 W0.512282

G1 Z16.8
M73 Q59 S1
G1 X95.475 Y52.275 F24000
G1 E2.5 F2400
G1 F1966.63
G1 X94.6 Y52.275 E.03163
G1 F8399.97
G1 X85.4 Y52.275 E.33258
G1 F1966.63
G1 X84.525 Y52.275 E.03163
G1 X84.525 Y37.725 E.52599
G1 X85.4 Y37.725 E.03163
M73 P60 R1
G1 F8399.97
G1 X94.6 Y37.725 E.33258
G1 F1966.63
G1 X95.475 Y37.725 E.03163
G1 X95.475 Y38.6 E.03163
G1 X95.475 Y51.4 E.46273
G1 X95.475 Y52.215 E.02946
;LAYER_CHANGE
;Z:17
;HEIGHT:0.200001
;BEFORE_LAYER_CHANGE
G92 E0.0
;17
M201 X3998.81 Y3998.81

G1 E-2.5 F4200
G1 Z17 F720
;AFTER_LAYER_CHANGE
;17
M74 W0.517774

G1 Z17
G1 X95.675 Y52.275 F24000
G1 E2.5 F2400
G1 F1966.667
G1 X94.8 Y52.275 E.03163
G1 F8399.97
G1 X85.2 Y52.275 E.34704
G1 F1966.667
G1 X84.325 Y52.275 E.03163
G1 X84.325 Y37.725 E.52599
M73 Q60 S1
G1 X85.2 Y37.725 E.03163
G1 F8399.97
G1 X94.8 Y37.725 E.34704
G1 F1966.667
M73 P61 R1
G1 X95.675 Y37.725 E.03163
G1 X95.675 Y38.6 E.03163
G1 X95.675 Y51.4 E.46273
G1 X95.675 Y52.215 E.02946
;LAYER_CHANGE
;Z:17.2
;HEIGHT:0.200001
;BEFORE_LAYER_CHANGE
G92 E0.0
;17.2
M201 X3998.8 Y3998.8

G1 E-2.5 F4200
G1 Z17.2 F720
;AFTER_LAYER_CHANGE
;17.2
M74 W0.523353

G1 Z17.2
G1 X95.875 Y52.275 F24000
G1 E2.5 F2400
G1 F1966.648
G1 X95 Y52.275 E.03163
G1 F8399.97
G1 X85 Y52.275 E.3615
G1 F1966.648
G1 X84.125 Y52.275 E.03163
G1 X84.125 Y37.725 E.52599
G1 X85 Y37.725 E.03163
M73 Q61 S1
G1 F8399.97
G1 X95 Y37.725 E.3615
G1 F1966.648
G1 X95.875 Y37.725 E.03163
G1 X95.875 Y38.6 E.03163
G1 X95.875 Y51.4 E.46273
G1 X95.875 Y52.215 E.02946
M73 P62 R1
;LAYER_CHANGE
;Z:17.4
;HEIGHT:0.199999
;BEFORE_LAYER_CHANGE
G92 E0.0
;17.4
M201 X3998.78 Y3998.78

G1 E-2.5 F4200
G1 Z17.4 F720
;AFTER_LAYER_CHANGE
;17.4
M74 W0.529018

G1 Z17.4
G1 X96.075 Y52.275 F24000
G1 E2.5 F2400
G1 F1966.667
G1 X95.2 Y52.275 E.03163
G1 F8399.97
G1 X84.8 Y52.275 E.37596
G1 F1966.667
G1 X83.925 Y52.275 E.03163
G1 X83.925 Y51.4 E.03163
G1 X83.925 Y37.725 E.49436
G1 X84.8 Y37.725 E.03163
G1 F8399.97
G1 X95.2 Y37.725 E.37596
G1 F1966.667
M73 Q62 S1
G1 X96.075 Y37.725 E.03163
G1 X96.075 Y38.6 E.03163
G1 X96.075 Y51.4 E.46273
G1 X96.075 Y52.215 E.02946
M73 P63 R1
;LAYER_CHANGE
;Z:17.6
;HEIGHT:0.200001
;BEFORE_LAYER_CHANGE
G92 E0.0
;17.6
M201 X3998.77 Y3998.77

G1 E-2.5 F4200
G1 Z17.6 F720
;AFTER_LAYER_CHANGE
;17.6
M74 W0.534769

G1 Z17.6
G1 X96.275 Y52.275 F24000
G1 E2.5 F2400
G1 F1966.63
G1 X95.4 Y52.275 E.03163
G1 F8399.97
G1 X84.6 Y52.275 E.39043
G1 F1966.63
G1 X83.725 Y52.275 E.03163
G1 X83.725 Y51.4 E.03163
G1 X83.725 Y37.725 E.49436
G1 X84.6 Y37.725 E.03163
G1 F8399.97
G1 X95.4 Y37.725 E.39043
G1 F1966.63
G1 X96.275 Y37.725 E.03163
G1 X96.275 Y38.6 E.03163
G1 X96.275 Y51.4 E.46273
G1 X96.275 Y52.215 E.02946
M73 Q63 S1
;LAYER_CHANGE
;Z:17.8
;HEIGHT:0.199999
;BEFORE_LAYER_CHANGE
G92 E0.0
;17.8
M201 X3998.76 Y3998.76

G1 E-2.5 F4200
G1 Z17.8 F720
;AFTER_LAYER_CHANGE
;17.8
M74 W0.540606

G1 Z17.8
M73 P64 R1
G1 X96.475 Y52.275 F24000
G1 E2.5 F2400
G1 F1966.63
G1 X95.6 Y52.275 E.03163
G1 F8399.97
G1 X84.4 Y52.275 E.40489
G1 F1966.63
G1 X83.525 Y52.275 E.03163
G1 X83.525 Y51.4 E.03163
G1 X83.525 Y37.725 E.49436
G1 X84.4 Y37.725 E.03163
G1 F8399.97
G1 X95.6 Y37.725 E.40489
G1 F1966.63
G1 X96.475 Y37.725 E.03163
G1 X96.475 Y38.6 E.03163
G1 X96.475 Y51.4 E.46273
G1 X96.475 Y52.215 E.02946
M73 Q64 S1
;LAYER_CHANGE
;Z:18
;HEIGHT:0.200001
;BEFORE_LAYER_CHANGE
G92 E0.0
;18
M201 X3998.74 Y3998.74

G1 E-2.5 F4200
G1 Z18 F720
;AFTER_LAYER_CHANGE
;18
M74 W0.54653

G1 Z18
G1 X96.675 Y52.275 F24000
G1 E2.5 F2400
G1 F1966.667
G1 X95.8 Y52.275 E.03163
G1 F8399.97
G1 X84.2 Y52.275 E.41935
G1 F1966.667
M73 P65 R1
G1 X83.325 Y52.275 E.03163
G1 X83.325 Y51.4 E.03163
G1 X83.325 Y37.725 E.49436
G1 X84.2 Y37.725 E.03163
M73 P65 R0
G1 F8399.97
G1 X95.8 Y37.725 E.41935
G1 F1966.667
G1 X96.675 Y37.725 E.03163
G1 X96.675 Y38.6 E.03163
G1 X96.675 Y51.4 E.46273
G1 X96.675 Y52.215 E.02946
;LAYER_CHANGE
;Z:18.2
;HEIGHT:0.200001
;BEFORE_LAYER_CHANGE
G92 E0.0
;18.2
M201 X3998.73 Y3998.73

G1 E-2.5 F4200
G1 Z18.2 F720
;AFTER_LAYER_CHANGE
;18.2
M74 W0.55254

G1 Z18.2
G1 X96.875 Y52.275 F24000
G1 E2.5 F2400
G1 F1966.648
M73 Q65 S1
G1 X96 Y52.275 E.03163
G1 F8399.97
G1 X84 Y52.275 E.43381
G1 F1966.648
G1 X83.125 Y52.275 E.03163
G1 X83.125 Y51.4 E.03163
G1 X83.125 Y37.725 E.49436
G1 X84 Y37.725 E.03163
M73 P66 R0
G1 F8399.97
G1 X96 Y37.725 E.43381
G1 F1966.648
G1 X96.875 Y37.725 E.03163
G1 X96.875 Y38.6 E.03163
G1 X96.875 Y51.4 E.46273
G1 X96.875 Y52.215 E.02946
;LAYER_CHANGE
;Z:18.4
;HEIGHT:0.199999
;BEFORE_LAYER_CHANGE
G92 E0.0
;18.4
M201 X3998.72 Y3998.72

G1 E-2.5 F4200
G1 Z18.4 F720
;AFTER_LAYER_CHANGE
;18.4
M74 W0.558636

G1 Z18.4
G1 X97.075 Y52.275 F24000
G1 E2.5 F2400
G1 F1966.667
G1 X96.2 Y52.275 E.03163
G1 F8399.97
G1 X83.8 Y52.275 E.44827
G1 F1966.667
G1 X82.925 Y52.275 E.03163
G1 X82.925 Y51.4 E.03163
M73 Q66 S1
G1 X82.925 Y37.725 E.49436
G1 X83.8 Y37.725 E.03163
M73 P67 R0
M73 Q66 S0
G1 F8399.97
G1 X96.2 Y37.725 E.44827
G1 F1966.667
G1 X97.075 Y37.725 E.03163
G1 X97.075 Y38.6 E.03163
G1 X97.075 Y51.4 E.46273
G1 X97.075 Y52.215 E.02946
;LAYER_CHANGE
;Z:18.6
;HEIGHT:0.200001
;BEFORE_LAYER_CHANGE
G92 E0.0
;18.6
M201 X3998.7 Y3998.7

G1 E-2.5 F4200
G1 Z18.6 F720
;AFTER_LAYER_CHANGE
;18.6
M74 W0.564819

G1 Z18.6
G1 X97.275 Y52.275 F24000
G1 E2.5 F2400
G1 F1966.63
G1 X96.4 Y52.275 E.03163
G1 F8399.97
G1 X83.6 Y52.275 E.46273
G1 F1966.63
G1 X82.725 Y52.275 E.03163
G1 X82.725 Y51.4 E.03163
G1 X82.725 Y37.725 E.49436
G1 X83.6 Y37.725 E.03163
M73 Q67 S0
G1 F8399.97
M73 P68 R0
G1 X96.4 Y37.725 E.46273
G1 F1966.63
G1 X97.275 Y37.725 E.03163
G1 X97.275 Y38.6 E.03163
G1 X97.275 Y51.4 E.46273
G1 X97.275 Y52.215 E.02946
;LAYER_CHANGE
;Z:18.8
;HEIGHT:0.199999
;BEFORE_LAYER_CHANGE
G92 E0.0
;18.8
M201 X3998.69 Y3998.69

G1 E-2.5 F4200
G1 Z18.8 F720
;AFTER_LAYER_CHANGE
;18.8
M74 W0.571087

G1 Z18.8
G1 X97.275 Y52.275 F24000
G1 E2.5 F2400
G1 F8399.97
G1 X83.4 Y52.275 E.50159
G1 F5782.704
G1 X82.725 Y52.275 E.0244
G1 F5341.071
G1 X82.725 Y37.725 E.52599
G1 F5782.704
G1 X83.4 Y37.725 E.0244
G1 F8399.97
G1 X96.6 Y37.725 E.47719
G1 F5919.012
G1 X97.275 Y37.725 E.0244
G1 F5500.379
G1 X97.275 Y51.6 E.50159
G1 F8399.97
M73 Q68 S0
G1 X97.275 Y52.215 E.02223
;LAYER_CHANGE
;Z:19
;HEIGHT:0.200001
;BEFORE_LAYER_CHANGE
G92 E0.0
;19
M201 X3998.67 Y3998.67

G1 E-2.5 F4200
G1 Z19 F720
;AFTER_LAYER_CHANGE
;19
M74 W0.577356

G1 Z19
G1 X97.275 Y52.275 F24000
G1 E2.5 F2400
G1 F8399.97
M73 P69 R0
G1 X83.4 Y52.275 E.50159
G1 F7014.804
G1 X82.725 Y52.275 E.0244
G1 F6781.071
G1 X82.725 Y37.725 E.52599
G1 F7014.804
G1 X83.4 Y37.725 E.0244
G1 F8399.97
G1 X96.6 Y37.725 E.47719
G1 F7151.113
G1 X97.275 Y37.725 E.0244
G1 F6940.379
G1 X97.275 Y51.6 E.50159
G1 F8399.97
G1 X97.275 Y52.215 E.02223
G1 E-2.5 F4200
G1 Z19.2 F720
G1 X83.106 Y38.106 F24000
G1 Z19 F720
G1 E2.5 F2400
M204 P4000
;TYPE:Solid infill
;WIDTH:0.519854
G1 F8400
G1 X83.19 Y38.088 E.00364
;WIDTH:0.484932
G1 X83.275 Y38.071 E.0034
;WIDTH:0.45001
G1 X96.725 Y38.071 E.48624
;WIDTH:0.484931
G1 X96.81 Y38.088 E.0034
;WIDTH:0.519854
G1 X96.894 Y38.106 E.00364
G1 X96.912 Y38.19 E.00364
;WIDTH:0.484931
G1 X96.929 Y38.275 E.0034
;WIDTH:0.450008
G1 X96.929 Y51.725 E.48623
;WIDTH:0.48493
G1 X96.912 Y51.81 E.0034
;WIDTH:0.519852
G1 X96.894 Y51.894 E.00364
G1 X96.81 Y51.912 E.00364
;WIDTH:0.484931
G1 X96.725 Y51.929 E.0034
;WIDTH:0.45001
G1 X83.275 Y51.929 E.48624
;WIDTH:0.484931
G1 X83.19 Y51.912 E.0034
M73 Q69 S0
;WIDTH:0.519854
G1 X83.106 Y51.894 E.00364
G1 X83.088 Y51.81 E.00364
;WIDTH:0.484932
G1 X83.071 Y51.725 E.0034
;WIDTH:0.45001
G1 X83.071 Y38.306 E.48512
M204 P2000
;LAYER_CHANGE
;Z:19.2
;HEIGHT:0.200001
;BEFORE_LAYER_CHANGE
G92 E0.0
;19.2
M201 X3998.64 Y3998.64

G1 E-2.5 F4200
G1 Z19.2 F720
M73 P70 R0
;AFTER_LAYER_CHANGE
;19.2
M74 W0.589569

G1 Z19.4
G1 X97.275 Y52.275 F24000
G1 Z19.2 F720
G1 E2.5 F2400
;TYPE:External perimeter
;WIDTH:0.449999
G1 F8399.97
G1 X82.725 Y52.275 E.52599
G1 X82.725 Y37.725 E.52599
G1 X97.275 Y37.725 E.52599
G1 X97.275 Y52.215 E.52382
G1 E-2.5 F4200
G1 Z19.4 F720
G1 X82.89 Y51.439 F24000
G1 Z19.2 F720
G1 E2.5 F2400
M204 P1500
;TYPE:Bridge infill
;WIDTH:0.411117
;HEIGHT:0.4
G1 F3000
G1 X87.344 Y51.908 E.26398
G1 X91.756 Y51.908 E.26005
G1 X83.092 Y50.997 E.51349
M73 Q70 S0
G1 X83.092 Y50.533 E.02735
G1 X96.167 Y51.908 E.77492
M73 P71 R0
G1 X96.908 Y51.908 E.04368
G1 X96.908 Y51.522 E.02275
G1 X83.092 Y50.07 E.81883
G1 X83.092 Y49.606 E.02735
G1 X96.908 Y51.058 E.81883
G1 X96.908 Y50.594 E.02735
G1 X83.092 Y49.142 E.81883
G1 X83.092 Y48.679 E.02729
G1 X96.908 Y50.131 E.81883
G1 X96.908 Y49.667 E.02735
M73 Q71 S0
G1 X83.092 Y48.215 E.81883
G1 X83.092 Y47.751 E.02735
M73 P72 R0
G1 X96.908 Y49.203 E.81883
G1 X96.908 Y48.74 E.02729
G1 X83.092 Y47.288 E.81883
G1 X83.092 Y46.824 E.02735
G1 X96.908 Y48.276 E.81883
G1 X96.908 Y47.812 E.02735
G1 X83.092 Y46.36 E.81883
G1 X83.092 Y45.897 E.02729
M73 Q72 S0
G1 X96.908 Y47.349 E.81883
G1 X96.908 Y46.885 E.02735
M73 P73 R0
G1 X83.092 Y45.433 E.81883
G1 X83.092 Y44.969 E.02735
G1 X96.908 Y46.421 E.81883
G1 X96.908 Y45.958 E.02729
G1 X83.092 Y44.506 E.81883
G1 X83.092 Y44.042 E.02735
G1 X96.908 Y45.494 E.81883
G1 X96.908 Y45.03 E.02735
G1 X83.092 Y43.578 E.81883
G1 X83.092 Y43.115 E.02729
M73 P74 R0
M73 Q73 S0
G1 X96.908 Y44.567 E.81883
G1 X96.908 Y44.103 E.02735
G1 X83.092 Y42.651 E.81883
G1 X83.092 Y42.187 E.02735
G1 X96.908 Y43.64 E.81884
G1 X96.908 Y43.176 E.02735
G1 X83.092 Y41.724 E.81883
G1 X83.092 Y41.26 E.02735
G1 X96.908 Y42.712 E.81883
G1 X96.908 Y42.249 E.02729
M73 P75 R0
M73 Q74 S0
G1 X83.092 Y40.797 E.81883
G1 X83.092 Y40.333 E.02735
G1 X96.908 Y41.785 E.81883
G1 X96.908 Y41.321 E.02735
G1 X83.092 Y39.869 E.81883
G1 X83.092 Y39.406 E.02729
G1 X96.908 Y40.858 E.81883
G1 X96.908 Y40.394 E.02735
G1 X83.092 Y38.942 E.81883
G1 X83.092 Y38.478 E.02735
M73 Q75 S0
G1 X96.908 Y39.93 E.81883
G1 X96.908 Y39.467 E.02729
M73 P76 R0
G1 X83.834 Y38.092 E.77486
G1 X88.245 Y38.092 E.25999
G1 X96.908 Y39.003 E.51343
G1 X96.908 Y38.539 E.02735
G1 X90.73 Y37.89 E.36615
M204 P2000
;LAYER_CHANGE
;Z:19.4
;HEIGHT:0.199999
;BEFORE_LAYER_CHANGE
G92 E0.0
;19.4
M201 X3998.45 Y3998.45

G1 E-2.5 F4200
G1 Z19.4 F720
;AFTER_LAYER_CHANGE
;19.4
M74 W0.672932

G1 Z19.6
G1 X97.275 Y52.275 F24000
G1 Z19.4 F720
G1 E2.5 F2400
;TYPE:External perimeter
;WIDTH:0.449999
G1 F8399.97
G1 X82.725 Y52.275 E.52599
G1 X82.725 Y37.725 E.52599
G1 X97.275 Y37.725 E.52599
M73 P77 R0
M73 Q76 S0
G1 X97.275 Y52.215 E.52382
G1 E-2.5 F4200
G1 Z19.6 F720
G1 X83.275 Y51.929 F24000
G1 Z19.4 F720
G1 E2.5 F2400
M204 P4000
;TYPE:Solid infill
G1 F8400
G1 X83.275 Y38.071 E.50097
G1 X83.122 Y38.02 E.00583
;WIDTH:0.41646
G1 X82.969 Y37.969 E.00535
;WIDTH:0.38292
G1 X82.969 Y52.031 E.42458
;WIDTH:0.449999
G1 X83.682 Y51.929 E.02604
G1 X83.682 Y38.071 E.50097
G1 X84.089 Y38.071 E.01471
G1 X84.089 Y51.929 E.50097
G1 X84.496 Y51.929 E.01471
G1 X84.496 Y38.071 E.50097
G1 X84.903 Y38.071 E.01471
G1 X84.903 Y51.929 E.50097
G1 X85.31 Y51.929 E.01471
M73 Q77 S0
G1 X85.31 Y38.071 E.50097
G1 X85.717 Y38.071 E.01471
G1 X85.717 Y51.929 E.50097
G1 X86.124 Y51.929 E.01471
M73 P78 R0
G1 X86.124 Y38.071 E.50097
G1 X86.531 Y38.071 E.01471
G1 X86.531 Y51.929 E.50097
G1 X86.938 Y51.929 E.01471
G1 X86.938 Y38.071 E.50097
G1 X87.345 Y38.071 E.01471
G1 X87.345 Y51.929 E.50097
G1 X87.752 Y51.929 E.01471
G1 X87.752 Y38.071 E.50097
G1 X88.159 Y38.071 E.01471
G1 X88.159 Y51.929 E.50097
G1 X88.567 Y51.929 E.01475
G1 X88.567 Y38.071 E.50097
G1 X88.974 Y38.071 E.01471
G1 X88.974 Y51.929 E.50097
G1 X89.381 Y51.929 E.01471
G1 X89.381 Y38.071 E.50097
G1 X89.788 Y38.071 E.01471
M73 Q78 S0
G1 X89.788 Y51.929 E.50097
G1 X90.195 Y51.929 E.01471
G1 X90.195 Y38.071 E.50097
G1 X90.602 Y38.071 E.01471
M73 P79 R0
G1 X90.602 Y51.929 E.50097
G1 X91.009 Y51.929 E.01471
G1 X91.009 Y38.071 E.50097
G1 X91.416 Y38.071 E.01471
G1 X91.416 Y51.929 E.50097
G1 X91.823 Y51.929 E.01471
G1 X91.823 Y38.071 E.50097
G1 X92.23 Y38.071 E.01471
G1 X92.23 Y51.929 E.50097
G1 X92.637 Y51.929 E.01471
G1 X92.637 Y38.071 E.50097
G1 X93.044 Y38.071 E.01471
G1 X93.044 Y51.929 E.50097
G1 X93.452 Y51.929 E.01475
G1 X93.452 Y38.071 E.50097
G1 X93.859 Y38.071 E.01471
M73 Q79 S0
G1 X93.859 Y51.929 E.50097
G1 X94.266 Y51.929 E.01471
G1 X94.266 Y38.071 E.50097
G1 X94.673 Y38.071 E.01471
G1 X94.673 Y51.929 E.50097
G1 X95.08 Y51.929 E.01471
G1 X95.08 Y38.071 E.50097
G1 X95.487 Y38.071 E.01471
M73 P80 R0
G1 X95.487 Y51.929 E.50097
G1 X95.894 Y51.929 E.01471
G1 X95.894 Y38.071 E.50097
G1 X96.301 Y38.071 E.01471
G1 X96.301 Y51.929 E.50097
G1 X96.708 Y51.929 E.01471
G1 X96.708 Y38.071 E.50097
G1 X96.865 Y38.024 E.00592
;WIDTH:0.41646
G1 X97.022 Y37.978 E.00543
;WIDTH:0.38292
G1 X97.022 Y52.022 E.42404
M204 P2000
;LAYER_CHANGE
;Z:19.6
;HEIGHT:0.200001
;BEFORE_LAYER_CHANGE
G92 E0.0
;19.6
M201 X3998.31 Y3998.31

G1 E-2.5 F4200
G1 Z19.6 F720
;AFTER_LAYER_CHANGE
;19.6
M74 W0.734082

G1 Z19.6
G1 X97.275 Y52.275 F24000
G1 E2.5 F2400
;TYPE:External perimeter
;WIDTH:0.449999
G1 F8399.97
M73 Q80 S0
G1 X82.725 Y52.275 E.52599
G1 X82.725 Y37.725 E.52599
G1 X97.275 Y37.725 E.52599
G1 X97.275 Y52.215 E.52382
G1 E-2.5 F4200
G1 Z19.8 F720
M73 P81 R0
G1 X97.031 Y37.969 F24000
G1 Z19.6 F720
G1 E2.5 F2400
M204 P4000
;TYPE:Solid infill
;WIDTH:0.38292
G1 F8400
G1 X82.969 Y37.969 E.42458
;WIDTH:0.41646
G1 X83.02 Y38.122 E.00535
;WIDTH:0.449999
G1 X83.071 Y38.275 E.00583
G1 X96.929 Y38.275 E.50097
G1 X96.929 Y38.682 E.01471
G1 X83.071 Y38.682 E.50097
G1 X83.071 Y39.089 E.01471
G1 X96.929 Y39.089 E.50097
G1 X96.929 Y39.496 E.01471
G1 X83.071 Y39.496 E.50097
G1 X83.071 Y39.903 E.01471
M73 Q81 S0
G1 X96.929 Y39.903 E.50097
G1 X96.929 Y40.31 E.01471
G1 X83.071 Y40.31 E.50097
G1 X83.071 Y40.717 E.01471
G1 X96.929 Y40.717 E.50097
G1 X96.929 Y41.124 E.01471
G1 X83.071 Y41.124 E.50097
G1 X83.071 Y41.531 E.01471
G1 X96.929 Y41.531 E.50097
G1 X96.929 Y41.938 E.01471
M73 P82 R0
G1 X83.071 Y41.938 E.50097
G1 X83.071 Y42.345 E.01471
G1 X96.929 Y42.345 E.50097
G1 X96.929 Y42.752 E.01471
G1 X83.071 Y42.752 E.50097
G1 X83.071 Y43.159 E.01471
G1 X96.929 Y43.159 E.50097
G1 X96.929 Y43.567 E.01475
G1 X83.071 Y43.567 E.50097
G1 X83.071 Y43.974 E.01471
M73 Q82 S0
G1 X96.929 Y43.974 E.50097
G1 X96.929 Y44.381 E.01471
G1 X83.071 Y44.381 E.50097
G1 X83.071 Y44.788 E.01471
G1 X96.929 Y44.788 E.50097
G1 X96.929 Y45.195 E.01471
G1 X83.071 Y45.195 E.50097
G1 X83.071 Y45.602 E.01471
G1 X96.929 Y45.602 E.50097
G1 X96.929 Y46.009 E.01471
G1 X83.071 Y46.009 E.50097
G1 X83.071 Y46.416 E.01471
G1 X96.929 Y46.416 E.50097
G1 X96.929 Y46.823 E.01471
M73 P83 R0
G1 X83.071 Y46.823 E.50097
G1 X83.071 Y47.23 E.01471
G1 X96.929 Y47.23 E.50097
G1 X96.929 Y47.637 E.01471
G1 X83.071 Y47.637 E.50097
G1 X83.071 Y48.044 E.01471
G1 X96.929 Y48.044 E.50097
G1 X96.929 Y48.452 E.01475
M73 Q83 S0
G1 X83.071 Y48.452 E.50097
G1 X83.071 Y48.859 E.01471
G1 X96.929 Y48.859 E.50097
G1 X96.929 Y49.266 E.01471
G1 X83.071 Y49.266 E.50097
G1 X83.071 Y49.673 E.01471
G1 X96.929 Y49.673 E.50097
G1 X96.929 Y50.08 E.01471
G1 X83.071 Y50.08 E.50097
G1 X83.071 Y50.487 E.01471
G1 X96.929 Y50.487 E.50097
G1 X96.929 Y50.894 E.01471
G1 X83.071 Y50.894 E.50097
G1 X83.071 Y51.301 E.01471
G1 X96.929 Y51.301 E.50097
M204 P2000
G1 E-2.5 F4200
M73 P84 R0
G1 Z19.8 F720
G1 X83.071 Y51.708 F24000
G1 Z19.6 F720
G1 E2.5 F2400
M73 Q84 S0
M204 P4000
G1 F8400
G1 X96.929 Y51.708 E.50097
G1 X96.976 Y51.865 E.00592
;WIDTH:0.41646
G1 X97.022 Y52.022 E.00543
;WIDTH:0.38292
G1 X82.978 Y52.022 E.42404
M204 P2000
;LAYER_CHANGE
;Z:19.8
;HEIGHT:0.199999
;BEFORE_LAYER_CHANGE
G92 E0.0
;19.8
M201 X3998.17 Y3998.17

G1 E-2.5 F4200
G1 Z19.8 F720
;AFTER_LAYER_CHANGE
;19.8
M74 W0.795155

G1 Z20
G1 X97.275 Y52.275 F24000
G1 Z19.8 F720
G1 E2.5 F2400
;TYPE:External perimeter
;WIDTH:0.449999
G1 F8399.97
G1 X82.725 Y52.275 E.52599
G1 X82.725 Y37.725 E.52599
G1 X97.275 Y37.725 E.52599
G1 X97.275 Y52.215 E.52382
G1 E-2.5 F4200
M73 P85 R0
G1 Z20 F720
G1 X83.275 Y51.929 F24000
G1 Z19.8 F720
G1 E2.5 F2400
M204 P4000
;TYPE:Solid infill
G1 F8400
M73 Q85 S0
G1 X83.275 Y38.071 E.50097
G1 X83.122 Y38.02 E.00583
;WIDTH:0.41646
G1 X82.969 Y37.969 E.00535
;WIDTH:0.38292
G1 X82.969 Y52.031 E.42458
;WIDTH:0.449999
G1 X83.682 Y51.929 E.02604
G1 X83.682 Y38.071 E.50097
G1 X84.089 Y38.071 E.01471
G1 X84.089 Y51.929 E.50097
G1 X84.496 Y51.929 E.01471
G1 X84.496 Y38.071 E.50097
G1 X84.903 Y38.071 E.01471
G1 X84.903 Y51.929 E.50097
G1 X85.31 Y51.929 E.01471
G1 X85.31 Y38.071 E.50097
G1 X85.717 Y38.071 E.01471
G1 X85.717 Y51.929 E.50097
G1 X86.124 Y51.929 E.01471
G1 X86.124 Y38.071 E.50097
G1 X86.531 Y38.071 E.01471
G1 X86.531 Y51.929 E.50097
G1 X86.938 Y51.929 E.01471
M73 P86 R0
G1 X86.938 Y38.071 E.50097
G1 X87.345 Y38.071 E.01471
M73 Q86 S0
G1 X87.345 Y51.929 E.50097
G1 X87.752 Y51.929 E.01471
G1 X87.752 Y38.071 E.50097
G1 X88.159 Y38.071 E.01471
G1 X88.159 Y51.929 E.50097
G1 X88.567 Y51.929 E.01475
G1 X88.567 Y38.071 E.50097
G1 X88.974 Y38.071 E.01471
G1 X88.974 Y51.929 E.50097
G1 X89.381 Y51.929 E.01471
G1 X89.381 Y38.071 E.50097
G1 X89.788 Y38.071 E.01471
G1 X89.788 Y51.929 E.50097
G1 X90.195 Y51.929 E.01471
G1 X90.195 Y38.071 E.50097
G1 X90.602 Y38.071 E.01471
G1 X90.602 Y51.929 E.50097
G1 X91.009 Y51.929 E.01471
G1 X91.009 Y38.071 E.50097
G1 X91.416 Y38.071 E.01471
M73 P87 R0
M73 Q87 S0
G1 X91.416 Y51.929 E.50097
G1 X91.823 Y51.929 E.01471
G1 X91.823 Y38.071 E.50097
G1 X92.23 Y38.071 E.01471
G1 X92.23 Y51.929 E.50097
G1 X92.637 Y51.929 E.01471
G1 X92.637 Y38.071 E.50097
G1 X93.044 Y38.071 E.01471
G1 X93.044 Y51.929 E.50097
G1 X93.452 Y51.929 E.01475
G1 X93.452 Y38.071 E.50097
G1 X93.859 Y38.071 E.01471
G1 X93.859 Y51.929 E.50097
G1 X94.266 Y51.929 E.01471
G1 X94.266 Y38.071 E.50097
G1 X94.673 Y38.071 E.01471
G1 X94.673 Y51.929 E.50097
G1 X95.08 Y51.929 E.01471
G1 X95.08 Y38.071 E.50097
G1 X95.487 Y38.071 E.01471
M73 Q88 S0
G1 X95.487 Y51.929 E.50097
G1 X95.894 Y51.929 E.01471
G1 X95.894 Y38.071 E.50097
G1 X96.301 Y38.071 E.01471
M73 P88 R0
G1 X96.301 Y51.929 E.50097
G1 X96.708 Y51.929 E.01471
G1 X96.708 Y38.071 E.50097
G1 X96.865 Y38.024 E.00592
;WIDTH:0.41646
G1 X97.022 Y37.978 E.00543
;WIDTH:0.38292
G1 X97.022 Y52.022 E.42404
M204 P2000
;LAYER_CHANGE
;Z:20
;HEIGHT:0.200001
;BEFORE_LAYER_CHANGE
G92 E0.0
;20
M201 X3998.03 Y3998.03

G1 E-2.5 F4200
G1 Z20 F720
;AFTER_LAYER_CHANGE
;20
M74 W0.856305

G1 Z20
G1 X97.275 Y52.275 F24000
G1 E2.5 F2400
;TYPE:External perimeter
;WIDTH:0.449999
G1 F8399.97
G1 X82.725 Y52.275 E.52599
G1 X82.725 Y37.725 E.52599
G1 X97.275 Y37.725 E.52599
G1 X97.275 Y52.215 E.52382
G1 E-2.5 F4200
G1 Z20.2 F720
M73 Q89 S0
G1 X82.884 Y51.959 F24000
G1 Z20 F720
G1 E2.5 F2400
M204 P1000
;TYPE:Top solid infill
;WIDTH:0.390847
G1 F3486
G1 X97.116 Y51.959 E.43973
M204 P2000
G1 X97.116 Y51.611 F24000
M73 P89 R0
M204 P1000
G1 F3486
G1 X82.884 Y51.611 E.43973
M204 P2000
G1 X82.884 Y51.263 F24000
M204 P1000
G1 F3486
G1 X97.116 Y51.263 E.43973
M204 P2000
G1 X97.116 Y50.915 F24000
M204 P1000
G1 F3486
G1 X82.884 Y50.915 E.43973
M204 P2000
G1 X82.884 Y50.567 F24000
M204 P1000
G1 F3486
G1 X97.116 Y50.567 E.43973
M204 P2000
G1 X97.116 Y50.219 F24000
M73 Q90 S0
M204 P1000
G1 F3486
G1 X82.884 Y50.219 E.43973
M204 P2000
G1 X82.884 Y49.871 F24000
M73 P90 R0
M204 P1000
G1 F3486
G1 X97.116 Y49.871 E.43973
M204 P2000
G1 X97.116 Y49.523 F24000
M204 P1000
G1 F3486
G1 X82.884 Y49.523 E.43973
M204 P2000
G1 X82.884 Y49.175 F24000
M204 P1000
G1 F3486
G1 X97.116 Y49.175 E.43973
M204 P2000
G1 X97.116 Y48.827 F24000
M204 P1000
G1 F3486
G1 X82.884 Y48.827 E.43973
M204 P2000
G1 X82.884 Y48.479 F24000
M204 P1000
G1 F3486
G1 X97.116 Y48.479 E.43973
M204 P2000
G1 X97.116 Y48.131 F24000
M73 Q91 S0
M204 P1000
G1 F3486
G1 X82.884 Y48.131 E.43973
M204 P2000
G1 X82.884 Y47.783 F24000
M73 P91 R0
M204 P1000
G1 F3486
G1 X97.116 Y47.783 E.43973
M204 P2000
G1 X97.116 Y47.435 F24000
M204 P1000
G1 F3486
G1 X82.884 Y47.435 E.43973
M204 P2000
G1 X82.884 Y47.088 F24000
M204 P1000
G1 F3486
G1 X97.116 Y47.088 E.43973
M204 P2000
G1 X97.116 Y46.74 F24000
M204 P1000
G1 F3486
G1 X82.884 Y46.74 E.43973
M204 P2000
G1 X82.884 Y46.392 F24000
M204 P1000
G1 F3486
G1 X97.116 Y46.392 E.43973
M204 P2000
G1 X97.116 Y46.044 F24000
M73 Q92 S0
M204 P1000
G1 F3486
G1 X82.884 Y46.044 E.43973
M204 P2000
G1 X82.884 Y45.696 F24000
M73 P92 R0
M204 P1000
G1 F3486
G1 X97.116 Y45.696 E.43973
M204 P2000
G1 X97.116 Y45.348 F24000
M204 P1000
G1 F3486
G1 X82.884 Y45.348 E.43973
M204 P2000
G1 X82.884 Y45 F24000
M204 P1000
G1 F3486
G1 X97.116 Y45 E.43973
M204 P2000
G1 X97.116 Y44.652 F24000
M204 P1000
G1 F3486
G1 X82.884 Y44.652 E.43973
M204 P2000
G1 X82.884 Y44.304 F24000
M73 Q93 S0
M204 P1000
G1 F3486
G1 X97.116 Y44.304 E.43973
M204 P2000
G1 X97.116 Y43.956 F24000
M73 P93 R0
M204 P1000
G1 F3486
G1 X82.884 Y43.956 E.43973
M204 P2000
G1 X82.884 Y43.608 F24000
M204 P1000
G1 F3486
G1 X97.116 Y43.608 E.43973
M204 P2000
G1 X97.116 Y43.26 F24000
M204 P1000
G1 F3486
G1 X82.884 Y43.26 E.43973
M204 P2000
G1 X82.884 Y42.912 F24000
M204 P1000
G1 F3486
G1 X97.116 Y42.912 E.43973
M204 P2000
G1 X97.116 Y42.564 F24000
M204 P1000
G1 F3486
G1 X82.884 Y42.564 E.43973
M204 P2000
G1 X82.884 Y42.217 F24000
M73 Q94 S0
M204 P1000
G1 F3486
G1 X97.116 Y42.217 E.43973
M204 P2000
G1 X97.116 Y41.869 F24000
M73 P94 R0
M204 P1000
G1 F3486
G1 X82.884 Y41.869 E.43973
M204 P2000
G1 X82.884 Y41.521 F24000
M204 P1000
G1 F3486
G1 X97.116 Y41.521 E.43973
M204 P2000
G1 X97.116 Y41.173 F24000
M204 P1000
G1 F3486
G1 X82.884 Y41.173 E.43973
M204 P2000
G1 X82.884 Y40.825 F24000
M204 P1000
G1 F3486
G1 X97.116 Y40.825 E.43973
M204 P2000
G1 X97.116 Y40.477 F24000
M204 P1000
G1 F3486
G1 X82.884 Y40.477 E.43973
M204 P2000
G1 X82.884 Y40.129 F24000
M73 Q95 S0
M204 P1000
G1 F3486
M73 P95 R0
G1 X97.116 Y40.129 E.43973
M204 P2000
G1 X97.116 Y39.781 F24000
M204 P1000
G1 F3486
G1 X82.884 Y39.781 E.43973
M204 P2000
G1 X82.884 Y39.433 F24000
M204 P1000
G1 F3486
G1 X97.116 Y39.433 E.43973
M204 P2000
G1 X97.116 Y39.085 F24000
M204 P1000
G1 F3486
G1 X82.884 Y39.085 E.43973
M204 P2000
G1 X82.884 Y38.737 F24000
M204 P1000
G1 F3486
G1 X97.116 Y38.737 E.43973
M204 P2000
G1 X97.116 Y38.389 F24000
M204 P1000
G1 F3486
G1 X82.884 Y38.389 E.43973
M204 P2000
G1 X82.884 Y38.041 F24000
M73 P96 R0
M73 Q96 S0
M204 P1000
G1 F3486
G1 X97.116 Y38.041 E.43973
M204 P2000
M486 S-1
G1 E-2.5 F4200
M107
;TYPE:Custom
; Filament-specific end gcode
G1 Z22 F720 ; Move print head up
G1 X170 Y170 F4200 ; park print head
G1 Z70 F720 ; Move print head further up
M73 P97 R0
M73 Q97 S0
G4 ; wait
M104 S0 ; turn off temperature
M140 S0 ; turn off heatbed
M107 ; turn off fan
M221 S100 ; reset flow
M572 S0 ; reset PA
M569 S1 X Y ; reset to stealthchop for X Y
M84 ; disable motors
; max_layer_z = 20
M73 P100 R0
M73 Q100 S0
; objects_info = {"objects":[{"name":"Oberflächenmessung_Testkörper_MK1 (1).stl","polygon":[[97.500,52.500],[82.500,52.500],[82.500,37.500],[97.500,37.500]]}]}
; filament used [mm] = 307.24
; filament used [cm3] = 0.74
; filament used [g] = 0.92
; filament cost = 0.02
; total filament used [g] = 0.92
; total filament cost = 0.02
; total filament used for wipe tower [g] = 0.00
; estimated printing time (normal mode) = 2m 51s
; estimated printing time (silent mode) = 2m 55s
; estimated first layer printing time (normal mode) = 6s
; estimated first layer printing time (silent mode) = 6s

; prusaslicer_config = begin
; arc_fitting = emit_center
; autoemit_temperature_commands = 1
; automatic_extrusion_widths = 0
; automatic_infill_combination = 0
; automatic_infill_combination_max_layer_height = 100%
; avoid_crossing_curled_overhangs = 0
; avoid_crossing_perimeters = 0
; avoid_crossing_perimeters_max_detour = 0
; bed_custom_model = 
; bed_custom_texture = 
; bed_shape = 0x0,180x0,180x180,0x180
; bed_temperature = 60
; bed_temperature_extruder = 0
; before_layer_gcode = ;BEFORE_LAYER_CHANGE\nG92 E0.0\n;[layer_z]\nM201 X{interpolate_table(extruded_weight_total, (0,4000), (1000,1700), (20000,1700))} Y{interpolate_table(extruded_weight_total, (0,4000), (1000,1700), (20000,1700))}\n
; between_objects_gcode = 
; binary_gcode = 0
; bottom_fill_pattern = monotonic
; bottom_solid_layers = 3
; bottom_solid_min_thickness = 0.5
; bridge_acceleration = 1500
; bridge_angle = 0
; bridge_fan_speed = 38
; bridge_flow_ratio = 1
; bridge_speed = 50
; brim_separation = 0.1
; brim_type = outer_only
; brim_width = 0
; chamber_minimal_temperature = 0
; chamber_temperature = 0
; color_change_gcode = M600
; colorprint_heights = 
; compatible_printers_condition_cummulative = "printer_notes=~/.*MINIIS.*/ and nozzle_diameter[0]==0.4";"nozzle_diameter[0]!=0.8 and printer_notes=~/.*MINIIS.*/"
; complete_objects = 0
; cooling = 1
; cooling_tube_length = 5
; cooling_tube_retraction = 91.5
; default_acceleration = 2000
; default_filament_profile = "Prusament PLA @MINIIS"
; default_print_profile = 0.20mm SPEED @MINIIS 0.4
; deretract_speed = 40
; disable_fan_first_layers = 1
; dont_support_bridges = 0
; draft_shield = disabled
; duplicate_distance = 6
; elefant_foot_compensation = 0.2
; enable_dynamic_fan_speeds = 0
; enable_dynamic_overhang_speeds = 1
; end_filament_gcode = "; Filament-specific end gcode"
; end_gcode = {if layer_z < max_print_height}G1 Z{z_offset+min(max_layer_z+2, max_print_height)} F720 ; Move print head up{endif}\nG1 X170 Y170 F4200 ; park print head\n{if layer_z < max_print_height}G1 Z{z_offset+min(max_layer_z+50, max_print_height)} F720 ; Move print head further up{endif}\nG4 ; wait\nM104 S0 ; turn off temperature\nM140 S0 ; turn off heatbed\nM107 ; turn off fan\nM221 S100 ; reset flow\nM572 S0 ; reset PA\nM569 S1 X Y ; reset to stealthchop for X Y\nM84 ; disable motors\n; max_layer_z = [max_layer_z]
; ensure_vertical_shell_thickness = disabled
; external_perimeter_acceleration = 2000
; external_perimeter_extrusion_width = 0.45
; external_perimeter_speed = 140
; external_perimeters_first = 0
; extra_loading_move = -2
; extra_perimeters = 0
; extra_perimeters_on_overhangs = 0
; extruder_clearance_height = 20
; extruder_clearance_radius = 35
; extruder_colour = ""
; extruder_offset = 0x0
; extrusion_axis = E
; extrusion_multiplier = 1.068
; extrusion_width = 0.45
; fan_always_on = 1
; fan_below_layer_time = 100
; filament_abrasive = 0
; filament_colour = #FF8000
; filament_cooling_final_speed = 3.4
; filament_cooling_initial_speed = 2.2
; filament_cooling_moves = 4
; filament_cost = 25.4
; filament_density = 1.24
; filament_deretract_speed = nil
; filament_diameter = 1.75
; filament_infill_max_crossing_speed = 0
; filament_infill_max_speed = 0
; filament_load_time = 0
; filament_loading_speed = 28
; filament_loading_speed_start = 3
; filament_max_volumetric_speed = 14
; filament_minimal_purge_on_wipe_tower = 15
; filament_multitool_ramming = 0
; filament_multitool_ramming_flow = 10
; filament_multitool_ramming_volume = 10
; filament_notes = ""
; filament_purge_multiplier = 100%
; filament_ramming_parameters = "120 100 6.6 6.8 7.2 7.6 7.9 8.2 8.7 9.4 9.9 10.0| 0.05 6.6 0.45 6.8 0.95 7.8 1.45 8.3 1.95 9.7 2.45 10 2.95 7.6 3.45 7.6 3.95 7.6 4.45 7.6 4.95 7.6"
; filament_retract_before_travel = nil
; filament_retract_before_wipe = nil
; filament_retract_layer_change = nil
; filament_retract_length = nil
; filament_retract_length_toolchange = nil
; filament_retract_lift = nil
; filament_retract_lift_above = nil
; filament_retract_lift_below = nil
; filament_retract_restart_extra = nil
; filament_retract_restart_extra_toolchange = nil
; filament_retract_speed = nil
; filament_seam_gap_distance = nil
; filament_settings_id = "Generic PLA @MINIIS"
; filament_shrinkage_compensation_xy = 0%
; filament_shrinkage_compensation_z = 0%
; filament_soluble = 0
; filament_spool_weight = 0
; filament_stamping_distance = 0
; filament_stamping_loading_speed = 20
; filament_toolchange_delay = 0
; filament_travel_lift_before_obstacle = nil
; filament_travel_max_lift = nil
; filament_travel_ramping_lift = nil
; filament_travel_slope = nil
; filament_type = PLA
; filament_unload_time = 0
; filament_unloading_speed = 90
; filament_unloading_speed_start = 100
; filament_vendor = Generic
; filament_wipe = nil
; fill_angle = 90
; fill_density = 0%
; fill_pattern = grid
; first_layer_acceleration = 500
; first_layer_acceleration_over_raft = 0
; first_layer_bed_temperature = 60
; first_layer_extrusion_width = 1.5
; first_layer_height = 0.2
; first_layer_infill_speed = 8
; first_layer_speed = 15
; first_layer_speed_over_raft = 30
; first_layer_temperature = 230
; full_fan_speed_layer = 4
; fuzzy_skin = none
; fuzzy_skin_point_dist = 0.8
; fuzzy_skin_thickness = 0.3
; gap_fill_enabled = 1
; gap_fill_speed = 80
; gcode_comments = 0
; gcode_flavor = marlin2
; gcode_label_objects = firmware
; gcode_resolution = 0.008
; gcode_substitutions = 
; high_current_on_filament_swap = 0
; host_type = prusalink
; idle_temperature = nil
; infill_acceleration = 4000
; infill_anchor = 2.5
; infill_anchor_max = 12
; infill_every_layers = 1
; infill_extruder = 1
; infill_extrusion_width = 0.45
; infill_first = 0
; infill_overlap = 15%
; infill_speed = 140
; interface_shells = 0
; interlocking_beam = 0
; interlocking_beam_layer_count = 2
; interlocking_beam_width = 0.8
; interlocking_boundary_avoidance = 2
; interlocking_depth = 2
; interlocking_orientation = 22.5
; ironing = 0
; ironing_flowrate = 15%
; ironing_spacing = 0.1
; ironing_speed = 15
; ironing_type = top
; layer_gcode = ;AFTER_LAYER_CHANGE\n;[layer_z]\n{if ! spiral_vase}M74 W[extruded_weight_total]{endif}\n
; layer_height = 0.2
; machine_limits_usage = emit_to_gcode
; machine_max_acceleration_e = 5000,5000
; machine_max_acceleration_extruding = 4000,2500
; machine_max_acceleration_retracting = 1250,1250
; machine_max_acceleration_travel = 4000,2500
; machine_max_acceleration_x = 4000,2500
; machine_max_acceleration_y = 4000,2500
; machine_max_acceleration_z = 400,400
; machine_max_feedrate_e = 80,80
; machine_max_feedrate_x = 400,180
; machine_max_feedrate_y = 400,180
; machine_max_feedrate_z = 12,12
; machine_max_jerk_e = 10,10
; machine_max_jerk_x = 8,8
; machine_max_jerk_y = 8,8
; machine_max_jerk_z = 2,2
; machine_min_extruding_rate = 0
; machine_min_travel_rate = 0
; max_fan_speed = 38
; max_layer_height = 0.25
; max_print_height = 180
; max_print_speed = 200
; max_volumetric_extrusion_rate_slope_negative = 0
; max_volumetric_extrusion_rate_slope_positive = 0
; max_volumetric_speed = 0
; min_bead_width = 85%
; min_fan_speed = 38
; min_feature_size = 25%
; min_layer_height = 0.07
; min_print_speed = 15
; min_skirt_length = 4
; mmu_segmented_region_interlocking_depth = 0
; mmu_segmented_region_max_width = 0
; multimaterial_purging = 140
; notes = 
; nozzle_diameter = 0.4
; nozzle_high_flow = 0
; only_one_perimeter_first_layer = 0
; only_retract_when_crossing_perimeters = 0
; ooze_prevention = 0
; output_filename_format = {input_filename_base}_0.4n_{layer_height}mm_{printing_filament_types}_{printer_model}_{print_time}.gcode
; over_bridge_speed = 50%
; overhang_fan_speed_0 = 0
; overhang_fan_speed_1 = 0
; overhang_fan_speed_2 = 0
; overhang_fan_speed_3 = 0
; overhang_speed_0 = 15
; overhang_speed_1 = 20
; overhang_speed_2 = 25
; overhang_speed_3 = 60
; overhangs = 0
; parking_pos_retraction = 92
; pause_print_gcode = M601
; perimeter_acceleration = 2500
; perimeter_extruder = 1
; perimeter_extrusion_width = 0.45
; perimeter_generator = arachne
; perimeter_speed = 140
; perimeters = 1
; physical_printer_settings_id = 
; post_process = 
; prefer_clockwise_movements = 0
; print_settings_id = 0.20mm SPEED @MINIIS 0.4
; printer_model = MINIIS
; printer_notes = Don't remove the following keywords! These keywords are used in the "compatible printer" condition of the print and filament profiles to link the particular print and filament profiles to this printer profile.\nPRINTER_VENDOR_PRUSA3D\nPRINTER_MODEL_MINIIS\nNO_TEMPLATES\n
; printer_settings_id = Original Prusa MINI & MINI+ Input Shaper
; printer_technology = FFF
; printer_variant = 0.4
; printer_vendor = 
; raft_contact_distance = 0.15
; raft_expansion = 1.5
; raft_first_layer_density = 90%
; raft_first_layer_expansion = 3
; raft_layers = 0
; remaining_times = 1
; resolution = 0
; retract_before_travel = 1.5
; retract_before_wipe = 70%
; retract_layer_change = 1
; retract_length = 2.5
; retract_length_toolchange = 4
; retract_lift = 0.2
; retract_lift_above = 0
; retract_lift_below = 179
; retract_restart_extra = 0
; retract_restart_extra_toolchange = 0
; retract_speed = 70
; scarf_seam_entire_loop = 0
; scarf_seam_length = 20
; scarf_seam_max_segment_length = 1
; scarf_seam_on_inner_perimeters = 0
; scarf_seam_only_on_smooth = 1
; scarf_seam_placement = nowhere
; scarf_seam_start_height = 0%
; seam_gap_distance = 15%
; seam_position = aligned
; silent_mode = 1
; single_extruder_multi_material = 0
; single_extruder_multi_material_priming = 0
; skirt_distance = 6
; skirt_height = 1
; skirts = 0
; slice_closing_radius = 0.049
; slicing_mode = regular
; slowdown_below_layer_time = 0
; small_perimeter_speed = 140
; solid_infill_acceleration = 4000
; solid_infill_below_area = 0
; solid_infill_every_layers = 0
; solid_infill_extruder = 1
; solid_infill_extrusion_width = 0.45
; solid_infill_speed = 140
; spiral_vase = 0
; staggered_inner_seams = 0
; standby_temperature_delta = -5
; start_filament_gcode = "M572 S{if nozzle_diameter[0]==0.6}0.17{elsif nozzle_diameter[0]==0.8}0.12{elsif nozzle_diameter[0]==0.4}0.27{elsif nozzle_diameter[0]==0.25}0.85{else}0{endif}"
; start_gcode = M862.3 P "MINI" ; printer model check\nM862.1 P[nozzle_diameter] A{(filament_abrasive[0] ? 1 : 0)} F{(nozzle_high_flow[0] ? 1 : 0)} ; nozzle check\nM862.5 P2 ; g-code level check\nM862.6 P"Input shaper" ; FW feature check\nM115 U6.4.0+11974\nG90 ; use absolute coordinates\nM83 ; extruder relative mode\nM104 S170 ; set extruder temp for bed leveling\nM140 S[first_layer_bed_temperature] ; set bed temp\nM109 R170 ; wait for bed leveling temp\nM190 S[first_layer_bed_temperature] ; wait for bed temp\nM569 S1 X Y ; set stealthchop for X Y\nM204 T1250 ; set travel acceleration\nG28 ; home all without mesh bed level\nG29 ; mesh bed leveling \nM104 S[first_layer_temperature] ; set extruder temp\nG92 E0\n\nG1 X0 Y-2 Z3 F2400\n\nM109 S[first_layer_temperature] ; wait for extruder temp\n\nM569 S0 X Y ; set spreadcycle for X Y\nM204 T[machine_max_acceleration_travel] ; restore travel acceleration\nM572 W0.06 ; set smooth time\nM221 S100 ; set flow
; support_material = 0
; support_material_angle = 0
; support_material_auto = 0
; support_material_bottom_contact_distance = 0
; support_material_bottom_interface_layers = 0
; support_material_buildplate_only = 0
; support_material_closing_radius = 2
; support_material_contact_distance = 0.2
; support_material_enforce_layers = 0
; support_material_extruder = 0
; support_material_extrusion_width = 0.4
; support_material_interface_contact_loops = 0
; support_material_interface_extruder = 0
; support_material_interface_layers = 3
; support_material_interface_pattern = auto
; support_material_interface_spacing = 0.2
; support_material_interface_speed = 50%
; support_material_pattern = rectilinear
; support_material_spacing = 2
; support_material_speed = 100
; support_material_style = snug
; support_material_synchronize_layers = 0
; support_material_threshold = 40
; support_material_with_sheath = 0
; support_material_xy_spacing = 80%
; support_tree_angle = 40
; support_tree_angle_slow = 25
; support_tree_branch_diameter = 2
; support_tree_branch_diameter_angle = 5
; support_tree_branch_diameter_double_wall = 8
; support_tree_branch_distance = 1
; support_tree_tip_diameter = 0.8
; support_tree_top_rate = 30%
; temperature = 233
; template_custom_gcode = 
; thick_bridges = 0
; thin_walls = 0
; thumbnails = 16x16/QOI, 220x124/QOI, 200x240/QOI, 380x285/PNG
; thumbnails_format = PNG
; toolchange_gcode = 
; top_fill_pattern = monotoniclines
; top_infill_extrusion_width = 0.383
; top_one_perimeter_type = none
; top_solid_infill_acceleration = 1000
; top_solid_infill_speed = 58.1
; top_solid_layers = 5
; top_solid_min_thickness = 0
; travel_acceleration = 4000
; travel_lift_before_obstacle = 0
; travel_max_lift = 0
; travel_ramping_lift = 0
; travel_slope = 0
; travel_speed = 400
; travel_speed_z = 12
; use_firmware_retraction = 0
; use_relative_e_distances = 1
; use_volumetric_e = 0
; variable_layer_height = 1
; wall_distribution_count = 1
; wall_transition_angle = 10
; wall_transition_filter_deviation = 25%
; wall_transition_length = 100%
; wipe = 0
; wipe_into_infill = 0
; wipe_into_objects = 0
; wipe_tower = 1
; wipe_tower_acceleration = 0
; wipe_tower_bridging = 10
; wipe_tower_brim_width = 2
; wipe_tower_cone_angle = 25
; wipe_tower_extra_flow = 250%
; wipe_tower_extra_spacing = 110%
; wipe_tower_extruder = 0
; wipe_tower_no_sparse_layers = 0
; wipe_tower_width = 60
; wiping_volumes_matrix = 0
; wiping_volumes_use_custom_matrix = 0
; xy_size_compensation = 0
; z_offset = 0
; prusaslicer_config = end
